listing_page,url,listing_title
1,https://www.arbeitnow.com/jobs/companies/hey-contact-heroes-gmbh/kundenservice-mobilfunk-inbound-freelancer-eu-ausserhalb-deutschland-100-remote-berlin-146674,"Kundenservice Mobilfunk Inbound - Freelancer - EU, außerhalb Deutschland - 100% Remote"
1,https://www.arbeitnow.com/jobs/companies/fairtrade-labelling-organizations-international-ev/project-officer-ec-ffpa-maternity-cover-bonn-452624,Project Officer EC-FFPA (maternity cover)
1,https://www.arbeitnow.com/jobs/companies/datasmart-point-gmbh/data-analytics-data-science-ai-weiterbildung-mit-ihk-abschluss-100-remote-berlin-452130,"Data Analytics, Data Science & AI Weiterbildung mit IHK-Abschluss | 100 % Remote"
1,https://www.arbeitnow.com/jobs/companies/ai-for-hamburg-gmbh-aifund-gmbh-aiimpact-gmbh-aigroup-gmbh/werkstudent-marketing-communications-hamburg-50824,Werkstudent Marketing & Communications
1,https://www.arbeitnow.com/jobs/companies/parte-verwaltung-gmbh/mietverwalter-berlin-52653,Mietverwalter (m/w/d)
1,https://www.arbeitnow.com/jobs/companies/dataguard/account-manager-munich-101890,Account Manager (m/f/d)
1,https://www.arbeitnow.com/jobs/companies/dataguard/finance-systems-and-fpa-manager-munich-387070,Finance Systems and FP&A Manager (m/f/d)
1,https://www.arbeitnow.com/jobs/companies/dataguard/senior-revenue-operations-manager-munich-243429,Senior Revenue Operations Manager (m/f/d)
1,https://www.arbeitnow.com/jobs/companies/dataguard/business-development-representative-munich-285111,Business Development Representative (m/f/d)
1,https://www.arbeitnow.com/jobs/companies/justplay-gmbh/lead-ux-ui-designer-all-genders-berlin-408430,Lead UX/UI Designer (all genders)
1,https://www.arbeitnow.com/jobs/companies/justplay-gmbh/founders-associate-engagement-innovation-all-genders-berlin-421793,Founders Associate - Engagement Innovation (all genders)
1,https://www.arbeitnow.com/jobs/companies/mercura/forward-deployed-engineer-dach-munich-336122,Forward Deployed Engineer (DACH)
1,https://www.arbeitnow.com/jobs/companies/airwallex/partnerships-manager-startup-and-vc-ecosystem-dach-berlin-396774,"Partnerships Manager - Startup and VC Ecosystem, DACH"
1,https://www.arbeitnow.com/jobs/companies/black-semiconductor-gmbh/product-qualification-engineer-aachen-71887,Product Qualification Engineer (f/m/d)
1,https://www.arbeitnow.com/jobs/companies/black-semiconductor-gmbh/package-reliability-engineer-aachen-32460,Package Reliability Engineer (f/m/d)
1,https://www.arbeitnow.com/jobs/companies/black-semiconductor-gmbh/analog-transceiver-design-engineer-aachen-28634,Analog Transceiver Design Engineer (f/m/d)
1,https://www.arbeitnow.com/jobs/companies/black-semiconductor-gmbh/technical-program-manager-aachen-267819,Technical Program Manager (f/m/d)
1,https://www.arbeitnow.com/jobs/companies/black-semiconductor-gmbh/senior-high-speed-analog-rf-system-architect-aachen-273260,Senior High-Speed Analog/RF System Architect (f/m/d)
1,https://www.arbeitnow.com/jobs/companies/black-semiconductor-gmbh/senior-platform-hardware-applications-engineer-aachen-423311,Senior Platform & Hardware Applications Engineer (f/m/d)
1,https://www.arbeitnow.com/jobs/companies/black-semiconductor-gmbh/photonics-circuit-designer-aachen-352053,Photonics Circuit Designer (f/m/d)
1,https://www.arbeitnow.com/jobs/companies/black-semiconductor-gmbh/senior-hardware-compute-architect-aachen-70422,Senior Hardware Compute Architect (f/m/d)
1,https://www.arbeitnow.com/jobs/companies/black-semiconductor-gmbh/advanced-packaging-electrical-signal-integrity-architect-aachen-88687,Advanced Packaging Electrical / Signal Integrity Architect (f/m/d)
1,https://www.arbeitnow.com/jobs/companies/black-semiconductor-gmbh/senior-recruiter-aachen-79620,Senior Recruiter (f/m/d)
1,https://www.arbeitnow.com/jobs/companies/black-semiconductor-gmbh/senior-people-development-partner-aachen-330315,Senior People Development Partner (f/m/d)
1,https://www.arbeitnow.com/jobs/companies/black-semiconductor-gmbh/category-manager-semiconductor-materials-aachen-413646,Category Manager – Semiconductor Materials (f/m/d)
1,https://www.arbeitnow.com/jobs/companies/black-semiconductor-gmbh/smts-process-engineer-cmp-aachen-171286,SMTS - Process Engineer CMP (f/m/d)
1,https://www.arbeitnow.com/jobs/companies/black-semiconductor-gmbh/cdsem-expert-aachen-21423,CDSEM Expert (f/m/d)
1,https://www.arbeitnow.com/jobs/companies/black-semiconductor-gmbh/instandhaltungstechniker-aachen-280751,Instandhaltungstechniker (m/w/d)
1,https://www.arbeitnow.com/jobs/companies/black-semiconductor-gmbh/process-integration-engineer-aachen-354102,Process Integration Engineer (f/m/d)
1,https://www.arbeitnow.com/jobs/companies/black-semiconductor-gmbh/people-culture-specialist-aachen-231114,People & Culture Specialist (f/m/d)
1,https://www.arbeitnow.com/jobs/companies/black-semiconductor-gmbh/technician-aachen-301732,Technician (f/m/d)
1,https://www.arbeitnow.com/jobs/companies/illumio/remote-account-executive-commercial-229062,"Account Executive, Commercial"
1,https://www.arbeitnow.com/jobs/companies/polytalent-gmbh/teamleiter-spritzguss-kunststofftechnik-bergedorf-36952,Teamleiter Spritzguss / Kunststofftechnik (m/w/d)
1,https://www.arbeitnow.com/jobs/companies/demoup-cliplister/senior-sales-development-representative-german-speaking-berlin-8656,Senior Sales Development Representative (m/f/x) - German Speaking
1,https://www.arbeitnow.com/jobs/companies/mone-consulting-gmbh-pflegekraftde/trainee-online-marketing-manager-in-bielefeld-373689,Trainee Online-Marketing-Manager/in (m/w/d)
1,https://www.arbeitnow.com/jobs/companies/mone-consulting-gmbh-pflegekraftde/wirtschaftsinformatiker-in-bielefeld-272606,Wirtschaftsinformatiker/in (m/w/d)
1,https://www.arbeitnow.com/jobs/companies/inside-m2m-gmbh/werkstudent-berlin-481372,Werkstudent (M/W/D)
1,https://www.arbeitnow.com/jobs/companies/vrame-consult-gmbh/product-owner-all-genders-berlin-191353,Product Owner (all genders)
1,https://www.arbeitnow.com/jobs/companies/merantix/product-engineer-backend-ai-at-briink-berlin-133558,Product Engineer (Backend/AI) @Briink
1,https://www.arbeitnow.com/jobs/companies/predium/head-of-engineering-munich-423928,Head of Engineering (f/m/d)
1,https://www.arbeitnow.com/jobs/companies/audi-business-innovation-gmbh/werkstudent-in-it-service-management-prozessmanagement-ki-munich-40546,"Werkstudent_in IT Service Management, Prozessmanagement & KI (m/w/d)"
1,https://www.arbeitnow.com/jobs/companies/lichtblick-energy-as-a-service-gmbh/werkstudent-schulungskonzepte-erneuerbare-energien-koln-zentrale-465209,Werkstudent (m/w/d) Schulungskonzepte & Erneuerbare Energien
1,https://www.arbeitnow.com/jobs/companies/f-h-bertling/air-freight-pricing-manager-hamburg-495523,Air Freight Pricing Manager (m/f/d)
1,https://www.arbeitnow.com/jobs/companies/everii-germany-gmbh-3/ui-ux-designer-untermstrich-hamburg-209970,UI / UX Designer untermStrich (m/w/d) – Hamburg
1,https://www.arbeitnow.com/jobs/companies/everii-germany-gmbh-3/ui-ux-designer-teambox-hamburg-373651,UI / UX Designer TEAMBOX (m/w/d) – Hamburg
1,https://www.arbeitnow.com/jobs/companies/contentsquare/senior-strategic-consultant-professional-services-germany-464247,Senior Strategic Consultant Professional Services
1,https://www.arbeitnow.com/jobs/companies/hypersonica/senior-power-systems-engineer-munich-242004,Senior Power Systems Engineer
1,https://www.arbeitnow.com/jobs/companies/finom/senior-backend-engineer-product-remote-germany-257761,Senior Backend Engineer - Product (Remote)
1,https://www.arbeitnow.com/jobs/companies/easyfunding-gmbh/funding-closure-specialist-all-genders-landshut-420789,Funding Closure Specialist (all genders)
1,https://www.arbeitnow.com/jobs/companies/gunia-consulting/controller-neuss-72600,Controller (m/w/d)
2,https://www.arbeitnow.com/jobs/companies/lippe-personal-gmbh/teamleiter-key-account-management-in-dusseldorf-485551,Teamleiter Key Account Management in Düsseldorf (m/w/d)
2,https://www.arbeitnow.com/jobs/companies/distribusion-technologies/senior-technical-partnerships-manager-corporate-travel-all-genders-berlin-146180,(Senior) Technical Partnerships Manager - Corporate Travel (all genders)
2,https://www.arbeitnow.com/jobs/companies/distribusion-technologies/remote-senior-technical-product-manager-rail-integrations-all-genders-berlin-58755,"Senior Technical Product Manager, Rail Integrations (all genders)"
2,https://www.arbeitnow.com/jobs/companies/unzer/engineering-manager-grasbrunn-136517,Engineering Manager (m/f/d)
2,https://www.arbeitnow.com/jobs/companies/contabo/remote-senior-technical-project-manager-pmo-all-genders-320621,Senior Technical Project Manager - PMO (all genders)
2,https://www.arbeitnow.com/jobs/companies/contabo/remote-senior-software-developer-platform-infrastructure-engineering-all-genders-374552,Senior Software Developer – Platform & Infrastructure Engineering (all genders)
2,https://www.arbeitnow.com/jobs/companies/contabo/remote-senior-platform-reliability-engineer-all-genders-421343,Senior Platform & Reliability Engineer (all genders)
2,https://www.arbeitnow.com/jobs/companies/contabo/remote-senior-cloud-product-manager-all-genders-382152,Senior Cloud Product Manager (all genders)
2,https://www.arbeitnow.com/jobs/companies/contabo/remote-director-marketing-all-genders-gportal-ociris-gmbh-440597,Director Marketing (all genders) - GPORTAL (Ociris GmbH)
2,https://www.arbeitnow.com/jobs/companies/thermondo/senior-corporate-development-manager-berlin-zentrale-285909,Senior Corporate Development Manager (m/w/d)
2,https://www.arbeitnow.com/jobs/companies/thermondo/product-manager-customer-care-fixed-term-parental-leave-cover-berlin-zentrale-379558,Product Manager Customer Care (f/m/d) | Fixed-Term Parental Leave Cover
2,https://www.arbeitnow.com/jobs/companies/reisetopia/trainee-buchhaltung-office-management-berlin-257591,Trainee - Buchhaltung & Office Management (m/w/d)
2,https://www.arbeitnow.com/jobs/companies/legalhero/werkstudent-pr-marketing-berlin-416296,Werkstudent PR & Marketing (m/w/d)
2,https://www.arbeitnow.com/jobs/companies/legalhero/remote-senior-ai-product-engineer-berlin-130597,(Senior) AI Product Engineer (m/w/d)
2,https://www.arbeitnow.com/jobs/companies/juvigo-gmbh/praktikum-seo-marketing-communication-management-berlin-496012,Praktikum SEO Marketing & Communication Management
2,https://www.arbeitnow.com/jobs/companies/autarcenergy/team-lead-sales-development-ai-x-renewables-berlin-233459,Team Lead Sales Development (AI x Renewables)
2,https://www.arbeitnow.com/jobs/companies/autarcenergy/senior-sales-development-representative-berlin-203918,Senior Sales Development Representative
2,https://www.arbeitnow.com/jobs/companies/autarcenergy/outbound-sales-uk-intern-working-student-berlin-230252,Outbound Sales · UK · Intern / Working Student
2,https://www.arbeitnow.com/jobs/companies/autarcenergy/internship-go-to-market-engineering-ai-automation-berlin-98083,"Internship Go-to-Market Engineering, AI & Automation (m/f/d)"
2,https://www.arbeitnow.com/jobs/companies/autarcenergy/gtm-uk-intern-working-student-berlin-433298,GTM UK · Intern / Working Student
2,https://www.arbeitnow.com/jobs/companies/deutsche-giganetz-gmbh/werkstudent-field-service-operations-koordination-hamburg-2035,Werkstudent Field Service Operations & Koordination (m/w/d)
2,https://www.arbeitnow.com/jobs/companies/deutsche-giganetz-gmbh/werkstudent-disposition-kundenkommunikation-hamburg-157427,Werkstudent Disposition & Kundenkommunikation (m/w/d)
2,https://www.arbeitnow.com/jobs/companies/kaiser-x-labs/junior-data-analytics-consultant-munich-stuttgart-frankfurt-hanover-288721,Junior Data & Analytics Consultant (M/F/D)
2,https://www.arbeitnow.com/jobs/companies/internations/senior-backend-engineer-munich-437301,(Senior) Backend Engineer
2,https://www.arbeitnow.com/jobs/companies/prematch-sports-gmbh/chief-of-staff-strategy-operationsall-genders-koln-197154,Chief of Staff (Strategy & Operations)(All Genders)
2,https://www.arbeitnow.com/jobs/companies/prematch-sports-gmbh/chief-of-staff-all-genders-koln-124278,Chief of Staff (All Genders)
2,https://www.arbeitnow.com/jobs/companies/liveeo-gmbh/senior-product-manager-isr-defence-intelligence-liveeo-gmbh-berlin-office-hybrid-273521,Senior Product Manager (ISR) Defence & Intelligence (f/m/x)
2,https://www.arbeitnow.com/jobs/companies/liveeo-gmbh/senior-marketing-manager-government-solutions-liveeo-gmbh-berlin-onsite-188637,Senior Marketing Manager - Government Solutions (f/m/x)
2,https://www.arbeitnow.com/jobs/companies/ideematec-deutschland-gmbh/special-assistant-to-the-ceo-gn-ismaning-228839,Special Assistant to the CEO (gn)
2,https://www.arbeitnow.com/jobs/companies/we-are-savvy/pflichtpraktikum-social-media-pr-frankfurt-am-main-289004,Pflichtpraktikum Social Media & PR
2,https://www.arbeitnow.com/jobs/companies/valkental-gmbh/creative-strategist-direct-response-copywriter-meta-ads-dusseldorf-66069,Creative Strategist / Direct-Response Copywriter - Meta Ads (m/w/d)
2,https://www.arbeitnow.com/jobs/companies/gastro-beratungde/onboarding-managerin-system-experte-hamburg-informatik-wi-informatik-onboarding-und-support-digitaler-systeme-in-der-gastronomie-145065,Onboarding Manager*in / System-Experte - Hamburg (m/w/d) Informatik / WI-Informatik - Onboarding und Support digitaler Systeme in der Gastronomie - Teilzeit / Vollzeit
2,https://www.arbeitnow.com/jobs/companies/etl-heimfarth-kollegen-gmbh/steuerfachangestellte-koblenz-240764,Steuerfachangestellte (m/w/d)
2,https://www.arbeitnow.com/jobs/companies/enter-by-baupal-gmbh/sales-agent-warme-leads-berlin-261018,Sales Agent (w/m/d) - Warme Leads
2,https://www.arbeitnow.com/jobs/companies/enter-by-baupal-gmbh/customer-success-manager-berlin-339461,Customer Success Manager (m/w/d)
2,https://www.arbeitnow.com/jobs/companies/ctl-gmbh/orientierungspraktikum-schulpraktikum-bohmenkirch-256231,Orientierungspraktikum / Schulpraktikum
2,https://www.arbeitnow.com/jobs/companies/gn-gruppe/projektleiter-sicherheitstechnik-erfurt-227390,Projektleiter (m/w/d) Sicherheitstechnik
2,https://www.arbeitnow.com/jobs/companies/gn-gruppe/servicetechniker-fur-brandmeldeanlagen-bma-erfurt-240687,Servicetechniker (m/w/d) für Brandmeldeanlagen (BMA)
2,https://www.arbeitnow.com/jobs/companies/ict-digital-solutions/technical-outsource-manager-munich-98250,Technical Outsource Manager (m/w/d)
2,https://www.arbeitnow.com/jobs/companies/flexport/account-executive-enterprise-264244,"Account Executive, Enterprise"
2,https://www.arbeitnow.com/jobs/companies/catawiki/expert-model-trains-82629,Expert Model Trains
2,https://www.arbeitnow.com/jobs/companies/akm-wundmanagement-gmbh/accounting-manager-duisburg-179672,Accounting Manager (m/w/d)
2,https://www.arbeitnow.com/jobs/companies/akm-wundmanagement-gmbh/accounting-manager-hamburg-253720,Accounting Manager (m/w/d)
2,https://www.arbeitnow.com/jobs/companies/akm-wundmanagement-gmbh/accounting-manager-berlin-75078,Accounting Manager (m/w/d)
2,https://www.arbeitnow.com/jobs/companies/kult-olymp-hades/werkstudent-im-verkauf-mode-und-bekleidung-aschaffenburg-261115,Werkstudent (m/w/d) im Verkauf Mode und Bekleidung
2,https://www.arbeitnow.com/jobs/companies/adorsys-gmbh/ai-engineer-nurnberg-133535,AI Engineer (m/w/d)
2,https://www.arbeitnow.com/jobs/companies/bsp-arbeitssicherheit-gmbh/projektkoordinator-projektassistenz-lunen-277124,Projektkoordinator / Projektassistenz (m/w/d)
2,https://www.arbeitnow.com/jobs/companies/asseco-solutions/senior-erp-consultant-dms-deutschland-osterreich-schweiz-und-italien-21040,(Senior) ERP Consultant DMS (m/w/d)
2,https://www.arbeitnow.com/jobs/companies/towa/senior-consultant-search-content-ai-visibility-seo-geo-munchen-414147,"Senior Consultant Search, Content & AI Visibility (SEO/GEO) (m/w/d), München"
2,https://www.arbeitnow.com/jobs/companies/towa/senior-consultant-search-content-ai-visibility-seo-geo-dusseldorf-441114,"Senior Consultant Search, Content & AI Visibility (SEO/GEO) (m/w/d), Düsseldorf"
3,https://www.arbeitnow.com/jobs/companies/towa/senior-consultant-digital-analytics-munchen-253289,"Senior Consultant Digital Analytics (m/w/d), München"
3,https://www.arbeitnow.com/jobs/companies/towa/senior-consultant-digital-analytics-dusseldorf-325099,"Senior Consultant Digital Analytics (m/w/d), Düsseldorf"
3,https://www.arbeitnow.com/jobs/companies/towa/praktikum-digital-analytics-ab-september-munchen-194035,"Praktikum Digital Analytics (m/w/d)| Ab September, München"
3,https://www.arbeitnow.com/jobs/companies/valkental-gmbh/media-buyer-performance-marketer-meta-google-ads-dusseldorf-277177,Media Buyer / Performance Marketer - Meta & Google Ads - (m/w/d)
3,https://www.arbeitnow.com/jobs/companies/miro-personalvermittlung/senior-microsoft-system-spezialist-landsberg-am-lech-107924,Senior Microsoft Systemadministrator (m/w/d)
3,https://www.arbeitnow.com/jobs/companies/think-about-it-gmbh/mitarbeiter-operativer-einkauf-bochum-413875,Operativer Einkäufer (m/w/d) - IT-Hardware & Software
3,https://www.arbeitnow.com/jobs/companies/yummy/head-of-brand-all-genders-munich-8699,Head of Marketing & Brand [all genders]
3,https://www.arbeitnow.com/jobs/companies/poke-wiggle/full-stack-engineer-munich-61608,Full-Stack Engineer - Munich
3,https://www.arbeitnow.com/jobs/companies/flix/senior-manager-regulatory-legal-affairs-berlin-387898,Senior Manager Regulatory & Legal Affairs
3,https://www.arbeitnow.com/jobs/companies/bodyfokus-gmbh/creative-strategist-koln-350871,Creative Strategist (m/w/d)
3,https://www.arbeitnow.com/jobs/companies/cyrus-digital-gmbh/junior-online-marketing-manager-munchen-munich-97394,Junior Online Marketing Manager (m/w/d) - München
3,https://www.arbeitnow.com/jobs/companies/cyrus-digital-gmbh/junior-e-commerce-specialist-munchen-munich-195776,Junior E-Commerce Specialist (m/w/d) - München
3,https://www.arbeitnow.com/jobs/companies/apoio-gmbh/projektmanagerin-shopify-agentur-vollzeit-hamburg-266368,Projektmanager:in Shopify Agentur - Vollzeit (m/w/d)
3,https://www.arbeitnow.com/jobs/companies/next-lotto-gmbh/creative-strategist-konstanz-175324,Creative Strategist (m/w/d)
3,https://www.arbeitnow.com/jobs/companies/adam-eve-beautylounge-gmbh/marketing-manager-beauty-medical-hamburg-92668,Marketing Manager (m/w/d) – Beauty & Medical
3,https://www.arbeitnow.com/jobs/companies/tpnet-marktforschung/nebenjob-als-online-testbenutzer-studien-fur-apps-websites-digitale-produkte-leipzig-472188,"Nebenjob als Online-Testbenutzer (m/w/d) - Studien für Apps, Websites & digitale Produkte"
3,https://www.arbeitnow.com/jobs/companies/riverstate-premium-recruiting/anlagenmechaniker-shk-36000-60000-eur-dusseldorf-366435,Anlagenmechaniker SHK (m/w/d) 36.000 - 60.000 €
3,https://www.arbeitnow.com/jobs/companies/next-lotto-gmbh/lead-brand-konstanz-8003,Lead Brand (m/w/d)
3,https://www.arbeitnow.com/jobs/companies/gn-gruppe/data-analyst-power-bi-langenfeld-487283,Data Analyst (m/w/d) Power BI
3,https://www.arbeitnow.com/jobs/companies/multibase-gmbh/hr-recruitment-lead-part-time-gilching-392203,HR & Recruitment Lead (m/f/d) | Part-Time
3,https://www.arbeitnow.com/jobs/companies/wec-gmbh/social-media-manager-fur-sport-und-publikumsevents-wiesbaden-64381,Social Media Manager (m/w/d) für Sport- und Publikumsevents
3,https://www.arbeitnow.com/jobs/companies/idealo-internet-gmbh/seo-manager-france-working-studentmwd-berlin-174552,SEO manager France - Working Student(m|w|d)
3,https://www.arbeitnow.com/jobs/companies/gridscale-gmbh/site-reliability-engineer-cloudstore-koln-123968,Site Reliability Engineer -Cloudstore (m/f/d)
3,https://www.arbeitnow.com/jobs/companies/gridscale-gmbh/site-reliability-engineer-cloudstore-koln-103819,Site Reliability Engineer -Cloudstore (m/f/d)
3,https://www.arbeitnow.com/jobs/companies/swiss-life-select/senior-sales-consultant-vollzeit-german-speaking-freiburg-462791,Senior Sales Consultant - Vollzeit (German Speaking)
3,https://www.arbeitnow.com/jobs/companies/thexton-armstrong-nord-und-ost-deutschland/geschaftsfuhrender-partner-unternehmerberatung-im-mittelstand-nord-und-ostdeutschland-berlin-145485,"Geschäftsführender Partner (m/w/d) Unternehmerberatung im Mittelstand, Nord- und Ostdeutschland"
3,https://www.arbeitnow.com/jobs/companies/altitude/performance-marketing-manager-mid-level-berlin-481706,Performance Marketing Manager (m/f/x) - Mid Level
3,https://www.arbeitnow.com/jobs/companies/roboservice-gmbh/robotics-engineer-freelance-mid-level-senior-berlin-332148,Robotics Engineer - Freelance (Mid-Level / Senior)
3,https://www.arbeitnow.com/jobs/companies/avanade/erp-solution-architect-microsoft-dynamics-365-finance-scm-frankfurt-am-main-436407,ERP Solution Architect (f/m/x) – Microsoft Dynamics 365 Finance & SCM
3,https://www.arbeitnow.com/jobs/companies/avanade/microsoft-365-modern-workplace-architect-dusseldorf-470216,Microsoft 365 Modern Workplace Architect (w/m/x)
3,https://www.arbeitnow.com/jobs/companies/k-tronik-gmbh/application-integration-engineer-security-systems-munich-166393,Application & Integration Engineer – Security Systems (m/w/x)
3,https://www.arbeitnow.com/jobs/companies/avanade/agentic-ai-copilot-studio-power-platform-expert-munich-454488,Agentic AI Copilot (Studio) / Power-Platform Expert (w/m/x)
3,https://www.arbeitnow.com/jobs/companies/tytan-technologies-gmbh/senior-backend-engineer-munich-435745,Senior Backend Engineer (m/f/d)
3,https://www.arbeitnow.com/jobs/companies/tytan-technologies-gmbh/full-stack-engineer-munich-53732,Full-stack Engineer (f/m/d)
3,https://www.arbeitnow.com/jobs/companies/lamm-hr-gmbh/fachinformatiker-systemintegration-zell-389657,Fachinformatiker Systemintegration (m/w/d)
3,https://www.arbeitnow.com/jobs/companies/lamm-hr-gmbh/sps-programmierer-twincat-3-mannheim-304085,SPS-Programmierer (m/w/d) Twincat-3
3,https://www.arbeitnow.com/jobs/companies/ginmon-gmbh/working-student-software-engineering-frankfurt-am-main-498877,Working Student Software Engineering (m/f/d)
3,https://www.arbeitnow.com/jobs/companies/cofinity-x-gmbh/working-student-support-functions-koln-289612,Working Student (m/f/x) - Support Functions
3,https://www.arbeitnow.com/jobs/companies/bliq/account-executive-berlin-410274,Account Executive (m/f/d)
3,https://www.arbeitnow.com/jobs/companies/vicegolf/head-of-business-operations-senior-business-operations-manager-all-genders-welcome-munchen-245674,Head of Business Operations / Senior Business Operations Manager - all genders welcome!
3,https://www.arbeitnow.com/jobs/companies/hive-robotics/account-executive-sales-munchen-303497,Account Executive/Sales (m/f/d)
3,https://www.arbeitnow.com/jobs/companies/abendnet-marketing-for-events/teilzeit-performance-marketing-managerin-cologne-226295,TEILZEIT Performance Marketing Manager*in (D/W/M)
3,https://www.arbeitnow.com/jobs/companies/cyrus-digital-gmbh/performance-marketing-manager-munchen-munich-317224,Performance Marketing Manager (m/w/d) - München
3,https://www.arbeitnow.com/jobs/companies/cyrus-digital-gmbh/media-buyer-munchen-munich-499416,Media Buyer (m/w/d) - München
3,https://www.arbeitnow.com/jobs/companies/bauwatch-group/senior-key-account-manager-logistik-warehouse-ratingen-18136,(Senior) Key Account Manager (m/w/d) - Logistik/Warehouse
3,https://www.arbeitnow.com/jobs/companies/data-nation-gmbh/junior-software-engineer-ki-gestutzte-entwicklung-hamburg-316522,Junior Software Engineer (m/w/d) — KI-gestützte Entwicklung
3,https://www.arbeitnow.com/jobs/companies/wortmann-kg-internationale-schuhproduktionen/kaufmannischer-mitarbeiter-qualitatssicherung-detmold-245636,Kaufmännischer Mitarbeiter Qualitätssicherung (m/w/d)
3,https://www.arbeitnow.com/jobs/companies/concept-e/werksstudentenstelle-im-bereich-prozessautomatisierung-softwareentwicklung-15-20h-woche-cologne-498868,Werksstudentenstelle im Bereich Prozessautomatisierung & Softwareentwicklung 15-20h/Woche
3,https://www.arbeitnow.com/jobs/companies/alias-werbung/art-director-mediengestalter-offenbach-466483,Art Director / Mediengestalter (m/w/d)
3,https://www.arbeitnow.com/jobs/companies/k-tronik-gmbh/senior-software-engineer-c-c-fur-verteilte-systeme-munich-14492,Senior Software Engineer C++/C# für verteilte Systeme (m/w/x)
4,https://www.arbeitnow.com/jobs/companies/nviso/information-security-resilience-manager-munich-85105,Information Security / Resilience Manager (m/w/d)
4,https://www.arbeitnow.com/jobs/companies/asp-group/data-engineer-berlin-123002,Data Engineer
4,https://www.arbeitnow.com/jobs/companies/1komma50/werkstudentin-data-analytics-controlling-focus-hamburg-23182,Werkstudent:in Data Analytics (Controlling Focus) (m/w/d)
4,https://www.arbeitnow.com/jobs/companies/cyber-insight-gmbh/senior-enterprise-solution-architect-leipzig-262285,Senior Enterprise Solution Architect
4,https://www.arbeitnow.com/jobs/companies/unitplus/founders-associate-intern-berlin-ab-sofort-387181,"Founders Associate Intern (w/d/m) - Berlin, ab sofort"
4,https://www.arbeitnow.com/jobs/companies/creatorhub-media/influencer-marketing-managerin-deat-mainz-443782,Influencer Marketing Manager:in DE+AT
4,https://www.arbeitnow.com/jobs/companies/tecfox-gmbh/frontend-softwareentwickler-braunschweig-275925,Frontend Softwareentwickler (m/w/d)
4,https://www.arbeitnow.com/jobs/companies/tecfox-gmbh/fullstack-softwareentwickler-braunschweig-59326,Fullstack Softwareentwickler (m/w/d)
4,https://www.arbeitnow.com/jobs/companies/ghost-office-marketing-und-kommunikationsservices/grafikdesigner-schwerpunkt-layout-gestaltung-berlin-385345,Grafikdesigner - Schwerpunkt Layout & Gestaltung (m/w/d)
4,https://www.arbeitnow.com/jobs/companies/efly-marketplace-services-gmbh/influencer-marketing-manager-stuttgart-46823,Influencer Marketing Manager (m/w/d)
4,https://www.arbeitnow.com/jobs/companies/efly-marketplace-services-gmbh/senior-google-performance-analytics-manager-stuttgart-404695,Senior Google Performance & Analytics Manager (m/w/d)
4,https://www.arbeitnow.com/jobs/companies/efly-marketplace-services-gmbh/pflichtpraktikum-online-marketing-manager-stuttgart-154704,Pflichtpraktikum Online Marketing Manager (m/w/d)
4,https://www.arbeitnow.com/jobs/companies/efly-marketplace-services-gmbh/junior-google-performance-analytics-manager-stuttgart-394573,Junior Google Performance & Analytics Manager (m/w/d)
4,https://www.arbeitnow.com/jobs/companies/efly-marketplace-services-gmbh/online-marketing-manager-stuttgart-332773,Online Marketing Manager (m/w/d)
4,https://www.arbeitnow.com/jobs/companies/homaris-service-gmbh/senior-accountant-buchhalterin-all-genders-in-berlin-455774,(Senior) Accountant/Buchhalter*in (all genders) in Berlin
4,https://www.arbeitnow.com/jobs/companies/emetriq-gmbh/senior-manager-sea-bonn-118699,Senior Manager SEA (m/w/d)
4,https://www.arbeitnow.com/jobs/companies/intermate-media-gmbh/senior-creative-concept-copy-social-gn-berlin-268915,Senior Creative Concept/Copy (Social) (gn)
4,https://www.arbeitnow.com/jobs/companies/aramaz-digital/talent-acquisition-manager-bielefeld-67323,Talent Acquisition Manager (m/w/d)
4,https://www.arbeitnow.com/jobs/companies/aramaz-digital/talent-acquisition-manager-bielefeld-142394,Talent Acquisition Manager (m/w/d)
4,https://www.arbeitnow.com/jobs/companies/cms-cinema-management-services-gmbh-cokg/praktikant-controlling-lubeck-98492,Praktikant (m/w/d) Controlling
4,https://www.arbeitnow.com/jobs/companies/grid-esports-gmbh/senior-data-scientist-real-time-esports-predictions-berlin-136377,Senior Data Scientist - Real-Time Esports Predictions (m/f/x)
4,https://www.arbeitnow.com/jobs/companies/allane-se/teamleiter-it-finance-risk-munchen-250333,Teamleiter IT Finance & Risk (m/w/d)
4,https://www.arbeitnow.com/jobs/companies/allane-se/senior-team-head-accounting-munchen-262229,(Senior) Team Head Accounting (m/w/d)
4,https://www.arbeitnow.com/jobs/companies/neon/legal-specialist-tech-data-berlin-343415,Legal Specialist Tech & Data (m/f/d)
4,https://www.arbeitnow.com/jobs/companies/oxg-glasfaser-gmbh/remote-werkstudent-projektkoordination-wohnungswirtschaft-ne3-240656,Werkstudent Projektkoordination Wohnungswirtschaft NE3 (m/w/d)
4,https://www.arbeitnow.com/jobs/companies/apex-ai/it-administrator-senior-it-administrator-munich-4279,IT Administrator / (Senior) IT Administrator
4,https://www.arbeitnow.com/jobs/companies/winkler-company/app-tester-online-testanwender-remote-flexibel-nebenjob-leipzig-414898,App-Tester / Online-Testanwender (m/w/d) - remote - flexibel - Nebenjob
4,https://www.arbeitnow.com/jobs/companies/mantro-gmbh/venture-lead-marketing-ecommerce-munich-288685,Venture Lead - Marketing / eCommerce (m/w/d)
4,https://www.arbeitnow.com/jobs/companies/fischer-partner-gesellschaft-fur-personal-mbh/leiter-finanzbuchhaltung-mit-input-fur-die-weitere-prozessoptimierung-stuttgart-137636,Leiter Finanzbuchhaltung (w/m/d) mit Input für die weitere Prozessoptimierung
4,https://www.arbeitnow.com/jobs/companies/sahm-communications/social-media-manager-in-teilzeit-dortmund-10470,Social Media Manager/in (w/m/d) Teilzeit
4,https://www.arbeitnow.com/jobs/companies/naturbummler-gmbh/werkstudent-crm-kommunikation-start-up-ab-sofort-mannheim-229926,Werkstudent (m/w/x) CRM & Kommunikation | Start-Up | ab sofort
4,https://www.arbeitnow.com/jobs/companies/4mis-gmbh/entwicklerin-hurth-175002,Entwickler:in
4,https://www.arbeitnow.com/jobs/companies/trigon-gruppe-gmbh/it-systemadministrator-fachinformatiker-systemintegration-on-site-berlin-52695,IT-Systemadministrator / Fachinformatiker Systemintegration (m/w/d) On-Site
4,https://www.arbeitnow.com/jobs/companies/kasmayr-gmbh/werkstudentin-finance-controlling-und-digitale-prozesse-walldorf-337077,Werkstudent:in Finance (m/w/d) Controlling und digitale Prozesse
4,https://www.arbeitnow.com/jobs/companies/skillect/automatisierungsingenieurin-villingen-schwenningen-47358,Automatisierungsingenieur:in
4,https://www.arbeitnow.com/jobs/companies/kasmayr-gmbh/finance-manager-controlling-und-digitale-prozesse-walldorf-180567,Finance Manager (m/w/d) Controlling und digitale Prozesse
4,https://www.arbeitnow.com/jobs/companies/btb-energie-gmbh/controllerin-unternehmenssteuerung-performance-management-berlin-50468,Controller:in Unternehmenssteuerung & Performance Management (m/w/d)
4,https://www.arbeitnow.com/jobs/companies/jetztjob/talent-acquisition-manager-bielefeld-28222,Talent Acquisition Manager (m/w/d)
4,https://www.arbeitnow.com/jobs/companies/jetztjob/quereinsteiger-im-recruiting-vertrieb-bielefeld-426048,Quereinsteiger im Recruiting & Vertrieb (m/w/d)
4,https://www.arbeitnow.com/jobs/companies/luxexperience/online-marketing-manager-seo-at-mytheresa-munich-110261,Online Marketing Manager SEO (f/m/d) @MYTHERESA
4,https://www.arbeitnow.com/jobs/companies/empitee/it-onsite-support-techniker-frankfurt-am-main-113096,IT-Onsite Support Techniker (m/w/d)
4,https://www.arbeitnow.com/jobs/companies/pentadoc-gruppe/senior-berater-intelligent-document-processing-input-management-wurzburg-251025,Senior Berater (w/m/d) – Intelligent Document Processing / Input Management
4,https://www.arbeitnow.com/jobs/companies/jetztjob/recruiter-bielefeld-6425,Recruiter (m/w/d)
4,https://www.arbeitnow.com/jobs/companies/jetztjob/junior-consultant-vertrieb-recruiting-in-einer-rolle-bielefeld-370563,Junior Consultant – Vertrieb & Recruiting in einer Rolle (m/w/d)
4,https://www.arbeitnow.com/jobs/companies/zenesis-gmbh/werkstudent-ux-ui-designer-bei-zenesis-leipzig-47888,Werkstudent UX/UI Designer (m/w/d) bei Zenesis
4,https://www.arbeitnow.com/jobs/companies/quantum-systems-gmbh/working-student-ground-robotics-gilching-344406,Working Student Ground Robotics (m/f/d)
4,https://www.arbeitnow.com/jobs/companies/kd-pharma/head-of-european-accounting-hub-bexbach-full-time-156907,Head of European Accounting (Hub) (m/f/d) - Bexbach | Full-time
4,https://www.arbeitnow.com/jobs/companies/pertemps-erp/sap-scm-consultant-frankfurt-am-main-470473,SAP SCM Consultant
4,https://www.arbeitnow.com/jobs/companies/pertemps-erp/sap-ewm-manager-frankfurt-am-main-321970,SAP EWM Manager
4,https://www.arbeitnow.com/jobs/companies/pertemps-erp/sap-is-u-consultant-developer-leverkusen-449835,SAP IS-U Consultant/Developer
5,https://www.arbeitnow.com/jobs/companies/pertemps-erp/sap-abap-developer-stuttgart-36711,SAP ABAP Developer
5,https://www.arbeitnow.com/jobs/companies/annette-wittram-awi-personalvermittlung-und-bewerbercoaching/senior-personal-und-vertriebsdisponentin-am-standort-hannover-hanover-450455,(Senior) Personal- und Vertriebsdisponent*in am Standort Hannover
5,https://www.arbeitnow.com/jobs/companies/annette-wittram-awi-personalvermittlung-und-bewerbercoaching/branch-managerin-am-standort-osnabruck-240657,Branch Manager*in am Standort Osnabrück
5,https://www.arbeitnow.com/jobs/companies/annette-wittram-awi-personalvermittlung-und-bewerbercoaching/headhunter-gn-bzw-arbeitsvermittler-gn-in-der-region-frankfurt-frankfurt-am-main-202855,Headhunter (gn) bzw. Arbeitsvermittler (gn) in der Region Frankfurt
5,https://www.arbeitnow.com/jobs/companies/glsnxt/senior-backend-engineer-berlin-169824,Senior Backend Engineer
5,https://www.arbeitnow.com/jobs/companies/reado-gmbh/pflichtpraktikum-grafikdesign-social-media-content-creation-frankfurt-am-main-205245,Pflichtpraktikum Grafikdesign & Social Media Content Creation (m/w/d)
5,https://www.arbeitnow.com/jobs/companies/cpu-consulting-software-gmbh/platform-engineer-karlsruhe-42218,Platform Engineer (m/w/d)
5,https://www.arbeitnow.com/jobs/companies/1komma50/werkstudentin-controlling-berlin-256656,Werkstudent:in Controlling (m/w/d)
5,https://www.arbeitnow.com/jobs/companies/isento-gmbh/software-developer-fokus-secure-software-development-nuremberg-169612,Software Developer - Fokus Secure Software Development (m/w/d)
5,https://www.arbeitnow.com/jobs/companies/1komma50/heartbeat-ai-partnerships-manager-berlin-80998,Heartbeat AI Partnerships Manager (m/f/d)
5,https://www.arbeitnow.com/jobs/companies/1komma50/senior-product-manager-heating-cooling-berlin-205360,(Senior) Product Manager Heating & Cooling (m/f/d)
5,https://www.arbeitnow.com/jobs/companies/1komma50/senior-product-manager-energy-berlin-311865,(Senior) Product Manager Energy (m/f/d)
5,https://www.arbeitnow.com/jobs/companies/1komma50/senior-product-manager-heartbeat-berlin-335699,(Senior) Product Manager Heartbeat (m/f/d)
5,https://www.arbeitnow.com/jobs/companies/southwestx/ceo-business-co-founder-role-at-startup-chromamos-saarbrucken-499678,CEO / Business Co-Founder (f/m/d) role at startup CHROMAMOS
5,https://www.arbeitnow.com/jobs/companies/lepo-consulting-gmbh/teamleitung-trainer-montage-wartung-herborn-84150,Teamleitung/Trainer Montage & Wartung (m/w/d)
5,https://www.arbeitnow.com/jobs/companies/showslot-group/werkstudent-in-content-creator-brandface-berlin-484948,Werkstudent/in Content Creator / Brandface (m/w/d)
5,https://www.arbeitnow.com/jobs/companies/saxenhammer/ma-intern-frankfurt-am-main-195514,M&A Intern (m/w/d) Frankfurt am Main - Q1 und Q2 2027
5,https://www.arbeitnow.com/jobs/companies/narravero-gmbh/android-entwickler-mit-schwerpunkt-ki-gestutzte-entwicklung-munster-210798,Android-Entwickler (m/w/d) mit Schwerpunkt KI-gestützte Entwicklung
5,https://www.arbeitnow.com/jobs/companies/maze-gmbh/junior-social-media-manager-als-werkstudent-osnabruck-132976,Junior Social Media Manager als Werkstudent (m/w/d)
5,https://www.arbeitnow.com/jobs/companies/wuraventa-passion-for-talent/software-engineer-java-kempten-163486,Software Engineer Java (m/w/d)
5,https://www.arbeitnow.com/jobs/companies/weissenberg-group-gmbh/senior-backend-developer-ai-driven-development-wolfsburg-413190,Senior Backend Developer (m/w/d) – AI-Driven Development
5,https://www.arbeitnow.com/jobs/companies/k-tronik-gmbh/sachbearbeiter-recruiting-operations-memmingen-37644,Sachbearbeiter Recruiting Operations (m/w/x)
5,https://www.arbeitnow.com/jobs/companies/andercore/logistics-executive-berlin-200588,Logistics Executive
5,https://www.arbeitnow.com/jobs/companies/andercore/chief-of-staff-strategy-ai-enablement-berlin-50986,"Chief of Staff, Strategy & AI Enablement"
5,https://www.arbeitnow.com/jobs/companies/andercore/backend-engineer-fintech-berlin-304555,Backend Engineer - FinTech
5,https://www.arbeitnow.com/jobs/companies/andercore/backend-engineer-supply-chain-logistics-berlin-369362,Backend Engineer - Supply Chain & Logistics
5,https://www.arbeitnow.com/jobs/companies/andercore/data-lead-bi-analytics-berlin-235326,Data Lead (BI & Analytics)
5,https://www.arbeitnow.com/jobs/companies/andercore/backend-engineer-ai-agents-workflows-berlin-446500,Backend Engineer (AI Agents/Workflows)
5,https://www.arbeitnow.com/jobs/companies/andercore/lead-product-manager-b2b-trade-platform-berlin-251029,"Lead Product Manager, B2B Trade Platform"
5,https://www.arbeitnow.com/jobs/companies/andercore/salesforce-product-owner-berlin-295447,Salesforce Product Owner
5,https://www.arbeitnow.com/jobs/companies/hummel-ag/senior-specialist-hr-administration-denzlingen-75705,Senior Specialist HR Administration (m/w/d)
5,https://www.arbeitnow.com/jobs/companies/trigon-gruppe-gmbh/techniker-gebaudetechnik-wohnimmobilien-berlin-435785,Techniker Gebäudetechnik (m/w/d) - Wohnimmobilien
5,https://www.arbeitnow.com/jobs/companies/machine-learning-reply/senior-data-scientist-munich-381110,Senior Data Scientist (m/w/d)
5,https://www.arbeitnow.com/jobs/companies/miebach-consulting-gmbh/praktikantin-simulation-frankfurt-am-main-499151,Praktikant*in - Simulation
5,https://www.arbeitnow.com/jobs/companies/assetmetrix-gmbh/quantitative-backend-developer-private-capital-analytics-platform-munchen-112316,Quantitative Backend Developer (f/m/d) – Private Capital Analytics Platform
5,https://www.arbeitnow.com/jobs/companies/assetmetrix-gmbh/quantitative-backend-developer-private-capital-analytics-platform-munchen-158099,Quantitative Backend Developer (f/m/d) – Private Capital Analytics Platform
5,https://www.arbeitnow.com/jobs/companies/bears-with-benefits/senior-partnerships-manager-dach-munchen-219186,(Senior) Partnerships Manager DACH (m/f/d)
5,https://www.arbeitnow.com/jobs/companies/ecoplanet-green-operations-gmbh/platform-engineer-munchen-34853,Platform Engineer (m/f/d)
5,https://www.arbeitnow.com/jobs/companies/ecoplanet-green-operations-gmbh/head-of-engineering-munchen-274465,Head of Engineering (m/f/d)
5,https://www.arbeitnow.com/jobs/companies/ecoplanet-green-operations-gmbh/data-engineer-munchen-241063,Data Engineer (m/f/d)
5,https://www.arbeitnow.com/jobs/companies/smight-gmbh/software-engineer-linux-os-karlsruhe-421678,Software Engineer Linux OS (m/w/d)
5,https://www.arbeitnow.com/jobs/companies/yoummday-gmbh/senior-talent-acquisition-manager-munchen-181544,Senior Talent Acquisition Manager (m/f/d)
5,https://www.arbeitnow.com/jobs/companies/hivemq-gmbh/director-of-product-management-data-streaming-berlin-78799,Director of Product Management - Data Streaming
5,https://www.arbeitnow.com/jobs/companies/hivemq-gmbh/senior-software-engineer-berlin-461462,Senior Software Engineer
5,https://www.arbeitnow.com/jobs/companies/amboss/associate-medical-editor-us-students-md-do-berlin-204164,Associate Medical Editor - US Students (MD/DO)
5,https://www.arbeitnow.com/jobs/companies/filigran/solution-engineer-germany-22665,Solution Engineer - Germany
5,https://www.arbeitnow.com/jobs/companies/lemon-markets/vp-people-berlin-402839,VP People (f/m/x)
5,https://www.arbeitnow.com/jobs/companies/lemon-markets/founders-associate-berlin-478496,Founder's Associate (f/m/x)
5,https://www.arbeitnow.com/jobs/companies/lemon-markets/investment-compliance-manager-berlin-453777,Investment Compliance Manager (f/m/x)
5,https://www.arbeitnow.com/jobs/companies/focused/fuel-cycle-fuel-recycling-lead-darmstadt-326585,Fuel Cycle Fuel Recycling Lead (f/m/d)
6,https://www.arbeitnow.com/jobs/companies/focused/program-manager-reactor-darmstadt-211920,Program Manager - Reactor (f/m/d)
6,https://www.arbeitnow.com/jobs/companies/focused/fusion-island-breeding-blanket-lead-darmstadt-18020,Fusion Island Breeding Blanket Lead (f/m/d)
6,https://www.arbeitnow.com/jobs/companies/focused/systems-engineer-architect-for-the-reactor-system-darmstadt-303253,Systems Engineer / Architect for the Reactor System (f/m/d)
6,https://www.arbeitnow.com/jobs/companies/focused/fusion-island-group-leader-darmstadt-402651,Fusion Island Group Leader (f/m/d)
6,https://www.arbeitnow.com/jobs/companies/focused/senior-scientist-lpi-modeling-beam-smoothing-germany-210002,"Senior Scientist, LPI Modeling & Beam Smoothing (f/m/d)"
6,https://www.arbeitnow.com/jobs/companies/focused/fusion-island-power-cycle-lead-darmstadt-54291,Fusion Island Power Cycle Lead (m/f/d)
6,https://www.arbeitnow.com/jobs/companies/focused/fuel-cycle-conditioning-lead-darmstadt-70109,Fuel Cycle Conditioning Lead (f/m/d)
6,https://www.arbeitnow.com/jobs/companies/focused/senior-radiation-safety-engineer-darmstadt-244925,Senior Radiation Safety Engineer (f/m/d)
6,https://www.arbeitnow.com/jobs/companies/focused/senior-mechanical-engineer-darmstadt-116837,Senior Mechanical Engineer (f/m/d)
6,https://www.arbeitnow.com/jobs/companies/focused/lead-learning-development-partner-darmstadt-278289,Lead Learning & Development Partner
6,https://www.arbeitnow.com/jobs/companies/melotech/founders-associate-ai-product-berlin-37879,Founders Associate - AI & Product
6,https://www.arbeitnow.com/jobs/companies/melotech/founding-product-engineer-berlin-2152,Founding Product Engineer
6,https://www.arbeitnow.com/jobs/companies/taxfix/ai-automation-specialist-marketing-gtm-berlin-240946,AI Automation Specialist - Marketing & GTM (d/f/m)
6,https://www.arbeitnow.com/jobs/companies/taxfix/senior-fpa-analyst-revenue-analytics-modeling-berlin-129754,Senior FP&A Analyst – Revenue Analytics & Modeling (d/f/m)
6,https://www.arbeitnow.com/jobs/companies/taxfix/technical-product-manager-people-intelligence-apps-berlin-313385,Technical Product Manager (d/f/m) - People Intelligence Apps
6,https://www.arbeitnow.com/jobs/companies/taxfix/staff-security-platform-engineer-berlin-491404,Staff Security & Platform Engineer (d/f/m)
6,https://www.arbeitnow.com/jobs/companies/taxfix/staff-systems-engineer-it-infrastructure-berlin-219406,Staff Systems Engineer - IT & Infrastructure (d/f/m)
6,https://www.arbeitnow.com/jobs/companies/taxfix/director-of-product-consumer-berlin-1364,"Director of Product, Consumer (d/f/m)"
6,https://www.arbeitnow.com/jobs/companies/taxfix/senior-commercial-leader-entrepreneur-in-residence-berlin-371515,Senior Commercial Leader / Entrepreneur in Residence (d/f/m)
6,https://www.arbeitnow.com/jobs/companies/taxfix/ai-first-builder-product-management-berlin-126442,AI First Builder (Product Management) (d/f/m)
6,https://www.arbeitnow.com/jobs/companies/taxfix/director-of-it-security-infrastructure-berlin-64269,"Director of IT, Security & Infrastructure (d/f/m)"
6,https://www.arbeitnow.com/jobs/companies/taxfix/senior-data-scientist-marketing-berlin-454885,"Senior Data Scientist, Marketing (d/f/m)"
6,https://www.arbeitnow.com/jobs/companies/taxfix/director-of-operational-finance-berlin-4589,Director of Operational Finance (d/f/m)
6,https://www.arbeitnow.com/jobs/companies/elevenlabs/account-executive-elevencreative-germany-85599,Account Executive - ElevenCreative - Germany
6,https://www.arbeitnow.com/jobs/companies/elevenlabs/customer-success-lead-western-europe-germany-457409,Customer Success Lead - Western Europe
6,https://www.arbeitnow.com/jobs/companies/elevenlabs/sales-development-dach-germany-180433,Sales Development - DACH
6,https://www.arbeitnow.com/jobs/companies/bunch/senior-account-executive-fund-administration-vc-de-germany-73628,(Senior) Account Executive | Fund Administration | VC | DE (f/m/d)
6,https://www.arbeitnow.com/jobs/companies/bunch/senior-staff-product-manager-growth-berlin-330512,(Senior / Staff) Product Manager - Growth (f/m/d)
6,https://www.arbeitnow.com/jobs/companies/bunch/head-of-finance-berlin-87955,Head of Finance
6,https://www.arbeitnow.com/jobs/companies/bunch/key-account-manager-berlin-176010,Key Account Manager (f/m/d)
6,https://www.arbeitnow.com/jobs/companies/bunch/senior-backend-engineer-berlin-15050,(Senior) Backend Engineer (f/m/d)
6,https://www.arbeitnow.com/jobs/companies/bunch/senior-fund-accounting-reporting-manager-berlin-328546,(Senior) Fund Accounting & Reporting Manager
6,https://www.arbeitnow.com/jobs/companies/bunch/senior-fund-operations-manager-berlin-65348,(Senior) Fund Operations Manager (f/m/d)
6,https://www.arbeitnow.com/jobs/companies/hawk/product-owner-agentic-munich-349369,Product Owner - Agentic
6,https://www.arbeitnow.com/jobs/companies/hawk/customer-value-partner-german-speaking-munich-182503,Customer Value Partner (German Speaking)
6,https://www.arbeitnow.com/jobs/companies/hawk/support-analyst-german-speaking-munich-376645,Support Analyst (German Speaking)
6,https://www.arbeitnow.com/jobs/companies/hawk/senior-information-security-officer-german-munich-259447,(Senior) Information Security Officer (German)
6,https://www.arbeitnow.com/jobs/companies/hawk/solution-architect-german-speaking-munich-471724,Solution Architect (German Speaking)
6,https://www.arbeitnow.com/jobs/companies/hawk/bdr-munich-385386,BDR
6,https://www.arbeitnow.com/jobs/companies/moss/senior-product-manager-munich-185472,Senior Product Manager (m/f/d)
6,https://www.arbeitnow.com/jobs/companies/moss/rev-ops-tooling-manager-top-of-funnel-berlin-165484,Rev Ops Tooling Manager - Top of Funnel (f/m/d)
6,https://www.arbeitnow.com/jobs/companies/moss/head-of-sales-ger-berlin-359460,Head of Sales - GER (f/m/d)
6,https://www.arbeitnow.com/jobs/companies/moss/partnerships-associate-manager-ger-berlin-277213,Partnerships Associate Manager - GER
6,https://www.arbeitnow.com/jobs/companies/moss/senior-data-scientist-berlin-232387,Senior Data Scientist (f/m/d)
6,https://www.arbeitnow.com/jobs/companies/moss/kyc-intern-berlin-173508,KYC Intern (f/m/d)
6,https://www.arbeitnow.com/jobs/companies/moss/senior-product-designer-berlin-181665,Senior Product Designer
6,https://www.arbeitnow.com/jobs/companies/moss/customer-support-specialist-german-english-berlin-406226,Customer Support Specialist - German / English (f/m/d)
6,https://www.arbeitnow.com/jobs/companies/ralph-management-gmbh/senior-weg-verwalterin-100-remote-oder-hamburg-hamburg-office-305917,Senior WEG-Verwalter:in (m/w/d) | 100 % Remote oder Hamburg
6,https://www.arbeitnow.com/jobs/companies/wimex-gruppe/teamleiter-vorarbeiter-bruterei-wiesenena-126034,Teamleiter / Vorarbeiter Brüterei (m/w/d)
6,https://www.arbeitnow.com/jobs/companies/12build/remote-account-executive-germany-koln-388777,Account Executive Germany
7,https://www.arbeitnow.com/jobs/companies/kevin-kehr/trainee-im-finanzvertrieb-karriere-mit-struktur-verantwortung-und-perspektive-german-speaking-hamburg-166925,"Trainee (m/w/d) im Finanzvertrieb – Karriere mit Struktur, Verantwortung und Perspektive (German Speaking)"
7,https://www.arbeitnow.com/jobs/companies/kevin-kehr/werkstudent-finance-beratung-unternehmerisch-leistungsbasiert-hamburg-74529,"Werkstudent (m/w/d) – Finance & Beratung (unternehmerisch, leistungsbasiert)"
7,https://www.arbeitnow.com/jobs/companies/knick-elektronische-messgerate-gmbh-co-kg/softwareentwickler-fur-die-pruftechnik-knick-berlin-374297,Softwareentwickler für die Prüftechnik (w/m/d)
7,https://www.arbeitnow.com/jobs/companies/topi/senior-go-engineer-full-stack-berlin-germany-453843,"Senior Go Engineer, Full Stack"
7,https://www.arbeitnow.com/jobs/companies/impossible-founders/director-venture-scaling-if-momentum-all-genders-hamburg-312252,Director Venture Scaling - iF Momentum (all genders)
7,https://www.arbeitnow.com/jobs/companies/sr-security-research-labs-personio/talent-acquisition-speciliast-mf-d-berlin-284670,Talent Acquisition Speciliast (mf/d)
7,https://www.arbeitnow.com/jobs/companies/eqs-group/senior-sustainability-manager-munich-305149,(Senior) Sustainability Manager
7,https://www.arbeitnow.com/jobs/companies/knime-ag/working-student-data-analytics-berlin-34212,"Working Student, Data & Analytics (m/f/d)"
7,https://www.arbeitnow.com/jobs/companies/knime-ag/full-stack-software-engineer-in-berlin-or-konstanz-430838,Full-Stack Software Engineer (m/f/d) in Berlin or Konstanz
7,https://www.arbeitnow.com/jobs/companies/kranus-health-gmbh/senior-product-manager-berlin-466184,(Senior) Product Manager
7,https://www.arbeitnow.com/jobs/companies/idealworks/senior-engineering-project-manager-munchen-128368,Senior Engineering Project Manager (m/w/d)
7,https://www.arbeitnow.com/jobs/companies/ashby/enterprise-account-executive-dach-germany-209650,Enterprise Account Executive - DACH
7,https://www.arbeitnow.com/jobs/companies/galvany/inside-sales-manager-berlin-183346,Inside Sales Manager (m/w/d)
7,https://www.arbeitnow.com/jobs/companies/galvany/senior-talent-acquisition-manager-berlin-287919,(Senior) Talent Acquisition Manager (m/w/d)
7,https://www.arbeitnow.com/jobs/companies/galvany/general-counsel-head-of-legal-berlin-236616,General Counsel/ Head of Legal (m/w/d)
7,https://www.arbeitnow.com/jobs/companies/galvany/senior-product-designer-mobile-berlin-69566,(Senior) Product Designer - Mobile (m/w/d)
7,https://www.arbeitnow.com/jobs/companies/galvany/senior-backend-engineer-berlin-476674,(Senior) Backend Engineer (m/w/d)
7,https://www.arbeitnow.com/jobs/companies/galvany/projektmanager-grossprojekte-warmepumpen-gebaudetechnik-berlin-466643,Projektmanager Großprojekte (m/w/d) – Wärmepumpen & Gebäudetechnik
7,https://www.arbeitnow.com/jobs/companies/galvany/pre-sales-manager-berlin-450472,Pre-Sales Manager (m/w/d)
7,https://www.arbeitnow.com/jobs/companies/zeal-network/project-manager-customer-operations-ai-automation-germany-441421,Project Manager - Customer Operations AI & Automation (f/m/d)
7,https://www.arbeitnow.com/jobs/companies/zeal-network/senior-product-manager-finance-automation-hamburg-491215,Senior Product Manager - Finance Automation (f/m/d)
7,https://www.arbeitnow.com/jobs/companies/zeal-network/senior-accountant-hamburg-51435,(Senior) Accountant (w/m/d)
7,https://www.arbeitnow.com/jobs/companies/zauber-technology-gmbh/product-engineer-berlin-66562,Product Engineer
7,https://www.arbeitnow.com/jobs/companies/zauber-technology-gmbh/founders-associate-intern-berlin-45681,Founders Associate (Intern)
7,https://www.arbeitnow.com/jobs/companies/zauber-technology-gmbh/agent-deployment-manager-berlin-154429,Agent Deployment Manager
7,https://www.arbeitnow.com/jobs/companies/zauber-technology-gmbh/forward-deployed-engineer-berlin-236942,Forward Deployed Engineer
7,https://www.arbeitnow.com/jobs/companies/zauber-technology-gmbh/senior-enterprise-sales-manager-berlin-154373,(Senior) Enterprise Sales Manager
7,https://www.arbeitnow.com/jobs/companies/tools-for-humanity/senior-machine-learning-engineer-munich-149730,Senior Machine Learning Engineer
7,https://www.arbeitnow.com/jobs/companies/iwocacouk/customer-service-advisor-deutschsprachig-frankfurt-53437,Customer Service Advisor - Deutschsprachig (m/w/d)
7,https://www.arbeitnow.com/jobs/companies/carwow/praktikum-business-development-media-oem-partnerships-at-carwow-munich-285424,Praktikum Business Development & Media (m/w/d) - OEM Partnerships @ Carwow
7,https://www.arbeitnow.com/jobs/companies/carwow/junior-partner-operations-manager-munich-80946,Junior Partner Operations Manager (m/w/d)
7,https://www.arbeitnow.com/jobs/companies/carwow/junior-brand-account-manager-munich-436095,Junior Brand Account Manager (m/w/d)
7,https://www.arbeitnow.com/jobs/companies/the-global-talent-co/b2b-sales-executive-german-speaking-berlin-391670,B2B Sales Executive (German-Speaking)
7,https://www.arbeitnow.com/jobs/companies/the-global-talent-co/b2b-sales-executive-german-speaking-berlin-463091,B2B Sales Executive (German-speaking)
7,https://www.arbeitnow.com/jobs/companies/tandem-health/head-of-sales-germany-munich-15756,Head of Sales - Germany
7,https://www.arbeitnow.com/jobs/companies/tandem-health/account-executive-dach-munich-75676,Account Executive - DACH (m/f/d)
7,https://www.arbeitnow.com/jobs/companies/tandem-health/sales-development-representative-dach-munich-176741,Sales Development Representative - DACH (m/f/d)
7,https://www.arbeitnow.com/jobs/companies/tandem-health/medical-operations-dach-munich-271541,Medical Operations - DACH (m/f/d)
7,https://www.arbeitnow.com/jobs/companies/siteminder/sales-manager-berlin-186433,Sales Manager
7,https://www.arbeitnow.com/jobs/companies/siteminder/account-executive-berlin-158163,Account Executive
7,https://www.arbeitnow.com/jobs/companies/siteminder/senior-sales-executive-remote-berlin-223566,Senior Sales Executive (Remote)
7,https://www.arbeitnow.com/jobs/companies/harvey/sales-development-representative-german-speaking-munich-474199,Sales Development Representative (German Speaking)
7,https://www.arbeitnow.com/jobs/companies/harvey/customer-success-manager-enterprise-emea-munich-297175,"Customer Success Manager, Enterprise, EMEA"
7,https://www.arbeitnow.com/jobs/companies/harvey/account-executive-mid-market-munich-467206,"Account Executive, Mid Market - Munich"
7,https://www.arbeitnow.com/jobs/companies/harvey/legal-engineer-transactional-or-in-house-munich-442981,Legal Engineer (Transactional or In-house)
7,https://www.arbeitnow.com/jobs/companies/harvey/strategic-account-executive-dach-munich-475,"Strategic Account Executive, DACH"
7,https://www.arbeitnow.com/jobs/companies/horizon3ai/senior-sales-engineer-dach-germany-355937,"Senior Sales Engineer, DACH"
7,https://www.arbeitnow.com/jobs/companies/eye-security/junior-cyber-security-consultant-berlin-308172,Junior Cyber Security Consultant (m/f/x)
7,https://www.arbeitnow.com/jobs/companies/sereact-gmbh/teleoperation-trainer-germany-426306,Teleoperation Trainer (m/f/d)
7,https://www.arbeitnow.com/jobs/companies/sereact-gmbh/field-deployment-engineer-stuttgart-11140,Field Deployment Engineer (m/f/d)
8,https://www.arbeitnow.com/jobs/companies/sereact-gmbh/product-manager-germany-160147,Product Manager (m/f/d)
8,https://www.arbeitnow.com/jobs/companies/sereact-gmbh/lagerist-warehouse-worker-stuttgart-363793,Lagerist / warehouse worker (m/f/d)
8,https://www.arbeitnow.com/jobs/companies/sereact-gmbh/technical-procurement-purchasing-officer-stuttgart-167958,Technical Procurement / Purchasing Officer
8,https://www.arbeitnow.com/jobs/companies/sereact-gmbh/internship-teleoperation-data-labeling-stuttgart-81026,Internship Teleoperation & Data Labeling
8,https://www.arbeitnow.com/jobs/companies/sereact-gmbh/founders-associate-to-the-cto-stuttgart-170145,Founder's Associate to the CTO
8,https://www.arbeitnow.com/jobs/companies/sereact-gmbh/strategic-accounts-manager-stuttgart-311130,Strategic Accounts Manager (m/f/d)
8,https://www.arbeitnow.com/jobs/companies/sereact-gmbh/mechanical-engineer-stuttgart-5050,Mechanical Engineer (m/f/d)
8,https://www.arbeitnow.com/jobs/companies/wemolo/product-sales-manager-all-genders-munchen-7783,Product Sales Manager (all genders)
8,https://www.arbeitnow.com/jobs/companies/wemolo/product-manager-all-genders-iot-platform-munchen-62703,Product Manager (all genders) - IoT Platform
8,https://www.arbeitnow.com/jobs/companies/wemolo/senior-frontend-software-engineer-all-genders-munchen-303753,Senior Frontend Software Engineer (all genders)
8,https://www.arbeitnow.com/jobs/companies/wemolo/senior-embedded-linux-engineer-all-genders-yocto-python-iot-edge-munchen-308178,Senior Embedded Linux Engineer (all genders) - Yocto · Python · IoT Edge
8,https://www.arbeitnow.com/jobs/companies/wemolo/gtm-enablement-manager-all-genders-munchen-147843,GTM Enablement Manager (all genders)
8,https://www.arbeitnow.com/jobs/companies/bjak/product-manager-ai-neobank-app-germany-415092,Product Manager - AI Neobank App
8,https://www.arbeitnow.com/jobs/companies/bjak/mobile-engineer-ai-finance-agent-germany-357947,Mobile Engineer - AI Finance Agent
8,https://www.arbeitnow.com/jobs/companies/bjak/mobile-ui-designer-germany-48282,Mobile UI Designer
8,https://www.arbeitnow.com/jobs/companies/bjak/product-designer-ui-ux-germany-167362,Product Designer (UI/UX)
8,https://www.arbeitnow.com/jobs/companies/bjak/android-software-engineer-germany-186810,Android Software Engineer
8,https://www.arbeitnow.com/jobs/companies/bjak/senior-machine-learning-engineer-germany-472168,Senior Machine Learning Engineer
8,https://www.arbeitnow.com/jobs/companies/bjak/member-of-technical-staff-machine-learning-germany-496151,"Member of Technical Staff, Machine Learning"
8,https://www.arbeitnow.com/jobs/companies/bjak/full-stack-engineer-ai-systems-germany-250365,"Full Stack Engineer, AI systems"
8,https://www.arbeitnow.com/jobs/companies/bjak/backend-engineer-ai-agent-systems-germany-439085,"Backend Engineer, AI (Agent Systems)"
8,https://www.arbeitnow.com/jobs/companies/bjak/applied-ai-engineer-germany-121817,Applied AI Engineer
8,https://www.arbeitnow.com/jobs/companies/bjak/mobile-engineer-germany-436473,Mobile Engineer
8,https://www.arbeitnow.com/jobs/companies/bjak/mobile-application-developer-germany-83122,Mobile Application Developer
8,https://www.arbeitnow.com/jobs/companies/bjak/android-developer-germany-109893,Android Developer
8,https://www.arbeitnow.com/jobs/companies/bjak/mobile-developer-germany-371976,Mobile Developer
8,https://www.arbeitnow.com/jobs/companies/bjak/android-software-engineer-germany-79573,Android Software Engineer
8,https://www.arbeitnow.com/jobs/companies/bjak/ios-developer-germany-201624,iOS Developer
8,https://www.arbeitnow.com/jobs/companies/bjak/android-developer-ai-finance-agent-germany-31425,Android Developer - AI Finance Agent
8,https://www.arbeitnow.com/jobs/companies/bjak/mobile-application-developer-ai-neobank-app-germany-429495,Mobile Application Developer - AI Neobank App
8,https://www.arbeitnow.com/jobs/companies/bjak/business-operations-associate-berlin-342569,Business Operations Associate
8,https://www.arbeitnow.com/jobs/companies/bjak/founders-office-lead-berlin-19793,Founder's Office Lead
8,https://www.arbeitnow.com/jobs/companies/bjak/head-of-strategy-and-product-berlin-379913,Head of Strategy and Product
8,https://www.arbeitnow.com/jobs/companies/bjak/lead-strategy-berlin-171214,"Lead, Strategy"
8,https://www.arbeitnow.com/jobs/companies/bjak/strategy-operations-lead-berlin-43896,Strategy & Operations Lead
8,https://www.arbeitnow.com/jobs/companies/bjak/strategy-operations-associate-berlin-242844,Strategy & Operations Associate
8,https://www.arbeitnow.com/jobs/companies/bjak/founders-associate-berlin-381342,Founder's Associate
8,https://www.arbeitnow.com/jobs/companies/bjak/mobile-application-developer-ai-finance-agent-germany-337557,Mobile Application Developer - AI Finance Agent
8,https://www.arbeitnow.com/jobs/companies/bjak/android-software-engineer-ai-finance-agent-germany-281641,Android Software Engineer - AI Finance Agent
8,https://www.arbeitnow.com/jobs/companies/bjak/mobile-engineer-ai-finance-agent-germany-93095,Mobile Engineer - AI Finance Agent
8,https://www.arbeitnow.com/jobs/companies/bjak/ios-developer-ai-finance-agent-germany-272458,iOS Developer - AI Finance Agent
8,https://www.arbeitnow.com/jobs/companies/bjak/android-software-engineer-ai-neobank-app-germany-74715,Android Software Engineer - AI Neobank App
8,https://www.arbeitnow.com/jobs/companies/bjak/backend-software-engineer-ai-finance-agent-germany-485776,Backend Software Engineer - AI Finance Agent
8,https://www.arbeitnow.com/jobs/companies/bjak/applied-ai-engineer-germany-161054,Applied AI Engineer
8,https://www.arbeitnow.com/jobs/companies/bjak/ios-developer-ai-finance-agent-germany-404176,iOS Developer - AI Finance Agent
8,https://www.arbeitnow.com/jobs/companies/bjak/android-developer-ai-finance-agent-germany-206004,Android Developer - AI Finance Agent
8,https://www.arbeitnow.com/jobs/companies/bjak/ui-designer-ai-neobank-app-germany-459648,UI Designer - AI Neobank App
8,https://www.arbeitnow.com/jobs/companies/bjak/full-stack-software-engineer-ai-finance-agent-germany-382852,Full Stack Software Engineer - AI Finance Agent
8,https://www.arbeitnow.com/jobs/companies/bjak/applied-ai-engineer-ai-finance-agent-germany-243717,Applied AI Engineer - AI Finance Agent
8,https://www.arbeitnow.com/jobs/companies/bjak/full-stack-engineer-germany-64967,Full Stack Engineer
9,https://www.arbeitnow.com/jobs/companies/bjak/backend-developer-germany-76903,Backend Developer
9,https://www.arbeitnow.com/jobs/companies/voize/working-student-technical-support-berlin-449092,Working Student - Technical Support (m/f/d)
9,https://www.arbeitnow.com/jobs/companies/voize/working-student-recruiting-volume-hiring-berlin-438422,Working Student - Recruiting (Volume Hiring)
9,https://www.arbeitnow.com/jobs/companies/voize/founders-associate-ceo-office-ai-health-tech-berlin-377820,Founders Associate - CEO Office (m/f/d) - AI health-tech
9,https://www.arbeitnow.com/jobs/companies/voize/founding-technical-account-manager-french-speaking-ai-health-tech-berlin-107440,Founding Technical Account Manager (French Speaking) m/f/d - AI health tech
9,https://www.arbeitnow.com/jobs/companies/voize/senior-product-marketing-manager-us-berlin-225693,Senior Product Marketing Manager - US (m/f/d)
9,https://www.arbeitnow.com/jobs/companies/voize/technical-support-manager-l2-berlin-249106,Technical Support Manager (m/f/d) L2
9,https://www.arbeitnow.com/jobs/companies/voize/sales-development-representative-berlin-416518,Sales Development Representative (m/f/d)
9,https://www.arbeitnow.com/jobs/companies/voize/senior-android-engineer-kotlin-french-market-berlin-157003,Senior Android Engineer - Kotlin (m/f/d) - French Market
9,https://www.arbeitnow.com/jobs/companies/voize/care-expert-customer-training-berlin-467731,Care Expert - Customer Training (m/f/d)
9,https://www.arbeitnow.com/jobs/companies/voize/ai-enablement-manager-berlin-350493,AI Enablement Manager (m/f/d)
9,https://www.arbeitnow.com/jobs/companies/voize/ai-enablement-engineer-berlin-433796,AI Enablement Engineer (m/f/d)
9,https://www.arbeitnow.com/jobs/companies/voize/senior-devops-engineer-healthcare-ai-berlin-201596,Senior DevOps Engineer (m/f/d) - healthcare AI
9,https://www.arbeitnow.com/jobs/companies/voize/senior-fullstack-engineer-ai-health-tech-berlin-33319,Senior Fullstack Engineer (m/f/d) - AI Health tech
9,https://www.arbeitnow.com/jobs/companies/voize/customer-training-manager-berlin-374794,Customer Training Manager (m/f/d)
9,https://www.arbeitnow.com/jobs/companies/voize/senior-product-marketing-manager-berlin-253768,Senior Product Marketing Manager (m/f/d)
9,https://www.arbeitnow.com/jobs/companies/voize/engineering-manager-berlin-158338,Engineering Manager (m/f/d)
9,https://www.arbeitnow.com/jobs/companies/voize/head-of-customer-success-berlin-339559,Head of Customer Success (m/f/d)
9,https://www.arbeitnow.com/jobs/companies/voize/senior-backend-engineer-kotlin-english-speaking-berlin-243436,Senior Backend Engineer - Kotlin (m/f/d) - English speaking
9,https://www.arbeitnow.com/jobs/companies/voize/senior-android-engineer-kotlin-berlin-296141,Senior Android Engineer - Kotlin (m/f/d)
9,https://www.arbeitnow.com/jobs/companies/dpa-deutsche-presse-agentur-gmbh/werkstudent-information-security-hamburg-221615,Werkstudent (m/w/d) Information Security
9,https://www.arbeitnow.com/jobs/companies/pair/senior-software-engineer-ruby-on-rails-berlin-hybrid-203387,Senior Software Engineer - Ruby on Rails (f/m/d)
9,https://www.arbeitnow.com/jobs/companies/lautsprecherteufel/werkstudent-marketing-berlin-393169,Werkstudent (m/w/d) Marketing
9,https://www.arbeitnow.com/jobs/companies/maibornwolff/scrum-master-delivery-enabler-ki-gestutzte-softwareentwicklung-munich-106228,Scrum Master / Delivery Enabler (m/w/d) - KI-gestützte Softwareentwicklung
9,https://www.arbeitnow.com/jobs/companies/maibornwolff/scrum-master-delivery-enabler-ki-gestutzte-softwareentwicklung-augsburg-426271,Scrum Master / Delivery Enabler (m/w/d) - KI-gestützte Softwareentwicklung
9,https://www.arbeitnow.com/jobs/companies/maibornwolff/scrum-master-delivery-enabler-ki-gestutzte-softwareentwicklung-bonn-329631,Scrum Master / Delivery Enabler (m/w/d) - KI-gestützte Softwareentwicklung
9,https://www.arbeitnow.com/jobs/companies/maibornwolff/scrum-master-delivery-enabler-ki-gestutzte-softwareentwicklung-leipzig-474709,Scrum Master / Delivery Enabler (m/w/d) - KI-gestützte Softwareentwicklung
9,https://www.arbeitnow.com/jobs/companies/maibornwolff/scrum-master-delivery-enabler-ki-gestutzte-softwareentwicklung-berlin-111078,Scrum Master / Delivery Enabler (m/w/d) - KI-gestützte Softwareentwicklung
9,https://www.arbeitnow.com/jobs/companies/maibornwolff/scrum-master-delivery-enabler-ki-gestutzte-softwareentwicklung-frankfurt-449315,Scrum Master / Delivery Enabler (m/w/d) - KI-gestützte Softwareentwicklung
9,https://www.arbeitnow.com/jobs/companies/maibornwolff/scrum-master-delivery-enabler-ki-gestutzte-softwareentwicklung-hamburg-158529,Scrum Master / Delivery Enabler (m/w/d) - KI-gestützte Softwareentwicklung
9,https://www.arbeitnow.com/jobs/companies/virtual7-gmbh/senior-java-fullstack-developer-hamburg-313830,Senior Java Fullstack Developer (m/w/d)
9,https://www.arbeitnow.com/jobs/companies/rivada-space-networks-gmbh/senior-accountant-munich-258008,Senior Accountant
9,https://www.arbeitnow.com/jobs/companies/checkmk-gmbh/working-student-sales-support-munich-156001,Working Student Sales Support (m/f/d)
9,https://www.arbeitnow.com/jobs/companies/checkmk-gmbh/teamlead-software-development-munich-359439,Teamlead Software Development (m/f/d)
9,https://www.arbeitnow.com/jobs/companies/ramp106-gmbh/werkstudentin-data-automation-hamburg-36165,Werkstudent*In Data & Automation (M/W/D)
9,https://www.arbeitnow.com/jobs/companies/ramp106-gmbh/product-managerin-festival-events-hamburg-110825,PRODUCT MANAGER*IN (m/w/d) FESTIVAL & EVENTS
9,https://www.arbeitnow.com/jobs/companies/ramp106-gmbh/praktikantin-e-mail-marketing-crm-performance-marketing-hamburg-153216,"Praktikant*In (M/W/D) E-Mail Marketing, Crm & Performance Marketing"
9,https://www.arbeitnow.com/jobs/companies/ramp106-gmbh/junior-product-managerin-festival-events-hamburg-403761,JUNIOR PRODUCT MANAGER*IN (m/w/d) FESTIVAL & EVENTS
9,https://www.arbeitnow.com/jobs/companies/ramp106-gmbh/data-engineerin-hamburg-367808,DATA ENGINEER*IN (m/w/d)
9,https://www.arbeitnow.com/jobs/companies/ramp106-gmbh/senior-marketing-operations-managerin-crm-growth-hubspot-hamburg-33421,"(Senior) Marketing Operations Manager*In (M/W/D) Crm, Growth, Hubspot"
9,https://www.arbeitnow.com/jobs/companies/ramp106-gmbh/senior-account-managerin-hamburg-73978,(SENIOR) ACCOUNT MANAGER*IN (m/w/d)
9,https://www.arbeitnow.com/jobs/companies/handlerbund-management-ag/senior-fullstack-entwickler-php-laravel-remote-4-tage-woche-306373,"Senior Fullstack Entwickler PHP/Laravel (m/w/d) - Remote, 4-Tage-Woche"
9,https://www.arbeitnow.com/jobs/companies/globalct/senior-business-analyst-banking-insurance-hamburg-344343,(Senior) Business Analyst (m/w/d) - Banking / Insurance
9,https://www.arbeitnow.com/jobs/companies/workidentity/senior-it-security-administrator-gn-hamburg-415319,Senior IT Security Administrator (gn)
9,https://www.arbeitnow.com/jobs/companies/workidentity/senior-cloud-engineer-gn-hamburg-244153,Senior Cloud Engineer (gn)
9,https://www.arbeitnow.com/jobs/companies/workidentity/it-security-engineer-gn-hamburg-258994,IT-Security Engineer (gn)
9,https://www.arbeitnow.com/jobs/companies/workidentity/it-infrastructure-engineer-gn-hamburg-241080,IT Infrastructure Engineer (gn)
9,https://www.arbeitnow.com/jobs/companies/wirelane/embedded-software-engineer-iot-connectivity-munchen-46005,Embedded Software Engineer IoT & Connectivity (m/w/d)
9,https://www.arbeitnow.com/jobs/companies/meondi/lead-product-engineer-a-stuttgart-485508,Lead Product Engineer (a)
9,https://www.arbeitnow.com/jobs/companies/meondi/berater-digitale-produktentwicklung-ai-a-stuttgart-396812,Berater digitale Produktentwicklung & AI (a)
10,https://www.arbeitnow.com/jobs/companies/agora-thinktanks/project-manager-or-project-officer-biomass-value-chains-berlin-205492,Project Manager or Project Officer Biomass Value Chains (f/m/d)
10,https://www.arbeitnow.com/jobs/companies/european-it-consultancy-eitco-gmbh/senior-consultant-bonn-200550,Senior Consultant (m/w/d)
10,https://www.arbeitnow.com/jobs/companies/european-it-consultancy-eitco-gmbh/division-director-arveo-services-berlin-32129,Division Director arveo services (m/w/d)
10,https://www.arbeitnow.com/jobs/companies/european-it-consultancy-eitco-gmbh/devops-engineer-application-management-services-berlin-bonn-essen-367015,DevOps Engineer Application Management Services (m/w/d)
10,https://www.arbeitnow.com/jobs/companies/dmrz/strategy-manager-krankentransport-business-development-go-to-market-dusseldorf-497367,Strategy Manager Krankentransport (m/w/d) – Business Development & Go-to-Market
10,https://www.arbeitnow.com/jobs/companies/digital-career-institute/werkstudent-revops-sales-operations-voll-remote-deutschlandweit-germany-wide-390355,Werkstudent (m/w/d) RevOps / Sales Operations - voll remote
10,https://www.arbeitnow.com/jobs/companies/everbridge/account-executive-mittelstand-remote-in-germany-289430,Account Executive - Mittelstand (Remote in Germany)
10,https://www.arbeitnow.com/jobs/companies/teccle-group-gmbh/remote-senior-it-consultant-all-genders-active-directory-pki-security-nabburg-320927,"(Senior) IT Consultant (all genders) - Active Directory, PKI & Security"
10,https://www.arbeitnow.com/jobs/companies/impossiblecloud/product-manager-director-gpu-ai-services-hamburg-13214,Product Manager / Director – GPU & AI Services
10,https://www.arbeitnow.com/jobs/companies/trbo/ai-transformation-enablement-specialist-freelancer-interimsmanager-munchen-420916,AI Transformation & Enablement Specialist (m/w/d) - Freelancer/Interimsmanager
10,https://www.arbeitnow.com/jobs/companies/reev/senior-business-intelligence-lead-all-genders-munchen-80998,Senior Business Intelligence Lead (all genders)
10,https://www.arbeitnow.com/jobs/companies/denkwerk-gmbh/senior-paid-media-manager-all-genders-berlin-3545,Senior Paid Media Manager (all genders)
10,https://www.arbeitnow.com/jobs/companies/denkwerk-gmbh/senior-digital-project-manager-platform-all-genders-koln-154762,Senior Digital Project Manager / Platform (all genders)
10,https://www.arbeitnow.com/jobs/companies/denkwerk-gmbh/senior-digital-project-manager-campaign-all-genders-koln-492137,Senior Digital Project Manager / Campaign (all genders)
10,https://www.arbeitnow.com/jobs/companies/denkwerk-gmbh/senior-digital-marketing-manager-seo-geo-all-genders-berlin-168073,Senior Digital Marketing Manager SEO/GEO (all genders)
10,https://www.arbeitnow.com/jobs/companies/syzygy-group/senior-marketing-consultant-schwerpunkt-seo-all-genders-hamburg-syzygy-performance-marketing-gmbh-120097,Senior Marketing Consultant – Schwerpunkt SEO (all genders)
10,https://www.arbeitnow.com/jobs/companies/neoshare/werkstudent-im-bereich-isms-munchen-396014,Werkstudent (m/w/d) im Bereich ISMS
10,https://www.arbeitnow.com/jobs/companies/neoshare/data-protection-ai-governance-advisor-munchen-387056,Data Protection & AI Governance Advisor (m/w/d)
10,https://www.arbeitnow.com/jobs/companies/isarsoft/working-student-application-software-engineer-munich-156176,Working Student Application Software Engineer
10,https://www.arbeitnow.com/jobs/companies/swissbit/semiconductor-packaging-engineer-process-engineer-advanced-packaging-de-berlin-484924,Semiconductor Packaging Engineer / Process Engineer Advanced Packaging (m/f/d)
10,https://www.arbeitnow.com/jobs/companies/swissbit/process-development-engineer-semiconductor-packaging-de-berlin-97737,Process Development Engineer – Semiconductor Packaging (m/f/d)
10,https://www.arbeitnow.com/jobs/companies/immo-marketer/wirtschaftsinformatiker-in-vollzeit-bochum-74391,Wirtschaftsinformatiker/-in - Vollzeit (m/w/d)
10,https://www.arbeitnow.com/jobs/companies/autonomous-teaming/senior-unreal-engine-developer-synthetic-data-ai-simulation-munich-deu-130631,Senior Unreal Engine Developer – Synthetic Data & AI Simulation
10,https://www.arbeitnow.com/jobs/companies/autonomous-teaming/robotics-software-engineer-intern-swarm-systems-munich-deu-66622,Robotics Software Engineer Intern – Swarm Systems (m/f/d)
10,https://www.arbeitnow.com/jobs/companies/autonomous-teaming/principal-engineer-autonomous-systems-munich-deu-382537,Principal Engineer - Autonomous Systems (m/f/d)
10,https://www.arbeitnow.com/jobs/companies/autonomous-teaming/ml-data-engineer-sensor-data-pipelines-munich-deu-456196,ML Data Engineer (m/f/d) - Sensor Data & Pipelines
10,https://www.arbeitnow.com/jobs/companies/goodlife/werkstudent-content-creation-tiktok-mensch-hamburg-360538,Werkstudent Content Creation TikTok (Mensch*)
10,https://www.arbeitnow.com/jobs/companies/its-gruppe/applikations-und-softwarebetreuerin-dortmund-hamburg-erfurt-karlsruhe-leipzig-203654,Applikations- und Softwarebetreuer*in (m/w/d)
10,https://www.arbeitnow.com/jobs/companies/invensity-group/embedded-software-systems-consultant-all-genders-wiesbaden-wie-76719,Embedded Software & Systems Consultant (all genders)
10,https://www.arbeitnow.com/jobs/companies/trusteq-gmbh/tech-advisory-senior-consultant-munchen-52374,Tech Advisory Senior Consultant (m/w/d)
10,https://www.arbeitnow.com/jobs/companies/trusteq-gmbh/hr-management-intern-working-student-munchen-321610,HR Management Intern / Working Student (m/w/d)
10,https://www.arbeitnow.com/jobs/companies/trusteq-gmbh/grc-senior-consultant-munchen-389289,GRC (Senior) Consultant (m/w/d)
10,https://www.arbeitnow.com/jobs/companies/trusteq-gmbh/digital-ecosystem-working-student-munchen-192303,Digital Ecosystem Working Student (m/w/d)
10,https://www.arbeitnow.com/jobs/companies/trusteq-gmbh/data-platform-engineer-working-student-munchen-15969,Data Platform Engineer Working Student (m/w/d)
10,https://www.arbeitnow.com/jobs/companies/trusteq-gmbh/cybersecurity-manager-munchen-188403,Cybersecurity Manager (m/w/d)
10,https://www.arbeitnow.com/jobs/companies/trusteq-gmbh/cybersecurity-management-consultant-munchen-102974,Cybersecurity Management Consultant(m/w/d)
10,https://www.arbeitnow.com/jobs/companies/trusteq-gmbh/cybersecurity-senior-software-engineer-munchen-318897,Cybersecurity (Senior) Software Engineer (m/w/d)
10,https://www.arbeitnow.com/jobs/companies/trusteq-gmbh/cloud-senior-engineer-architect-m-w-d-koln-343550,Cloud (Senior) Engineer / Architect (m/ w/ d)
10,https://www.arbeitnow.com/jobs/companies/trusteq-gmbh/ai-strategy-intern-munchen-476999,AI Strategy Intern (m/w/d)
10,https://www.arbeitnow.com/jobs/companies/trusteq-gmbh/ai-strategy-senior-consultant-munchen-192909,AI Strategy (Senior) Consultant (m/w/d)
10,https://www.arbeitnow.com/jobs/companies/trusteq-gmbh/ai-security-senior-consultant-munchen-31005,AI Security (Senior) Consultant (m/w/d)
10,https://www.arbeitnow.com/jobs/companies/trusteq-gmbh/ai-governance-senior-consultant-munchen-288607,AI Governance (Senior) Consultant (m/w/d)
10,https://www.arbeitnow.com/jobs/companies/trusteq-gmbh/ai-developer-intern-munchen-427281,AI Developer Intern (m/w/d)
10,https://www.arbeitnow.com/jobs/companies/trusteq-gmbh/ai-seniorconsultant-munchen-426908,AI (Senior)Consultant (m/w/d)
10,https://www.arbeitnow.com/jobs/companies/trusteq-gmbh/ai-senior-developer-munchen-259277,AI (Senior) Developer (m/w/d)
10,https://www.arbeitnow.com/jobs/companies/renewa/trainee-in-der-energetischen-sanierung-renewa-koln-428109,Trainee (m/w/d) in der energetischen Sanierung
10,https://www.arbeitnow.com/jobs/companies/renewa/full-stack-engineer-renewa-hamburg-300639,Full-Stack Engineer
10,https://www.arbeitnow.com/jobs/companies/ottonova/werkstudent-kommunikationsdesign-munchen-93221,Werkstudent – Kommunikationsdesign (m/w/d)
10,https://www.arbeitnow.com/jobs/companies/unternehmertum-ggmbh/working-student-business-development-operations-garching-munchen-39821,Working Student (f/m/d) Business Development & Operations
10,https://www.arbeitnow.com/jobs/companies/unternehmertum-ggmbh/uvc-partners-data-ai-master-thesis-internship-munchen-kreativquartier-472213,UVC Partners: Data & AI - Master Thesis / Internship (f/m/x)
11,https://www.arbeitnow.com/jobs/companies/westwing-group-se/working-student-category-management-munich-office-60314,Working Student Category Management (m/f/d)
11,https://www.arbeitnow.com/jobs/companies/westwing-group-se/senior-tax-manager-konzernsteuerreferentin-munich-office-488099,Senior Tax Manager (Konzernsteuerreferent*in) (m/w/d)
11,https://www.arbeitnow.com/jobs/companies/westwing-group-se/senior-ms-dynamics-business-central-developer-munich-office-448914,Senior MS Dynamics Business Central Developer (m/f/d)
11,https://www.arbeitnow.com/jobs/companies/westwing-group-se/senior-international-b2b-account-manager-munich-office-194553,(Senior) International B2B Account Manager (m/f/d)
11,https://www.arbeitnow.com/jobs/companies/hubject-gmbh/senior-full-stack-developer-all-genders-deutschland-berlin-67876,Senior Full Stack Developer (all genders)
11,https://www.arbeitnow.com/jobs/companies/mynaric/working-student-for-planning-procurement-munchen-78434,Working Student (m/f/d) for Planning & Procurement
11,https://www.arbeitnow.com/jobs/companies/aircall/account-executive-dach-market-berlin-office-180511,"Account Executive , DACH market"
11,https://www.arbeitnow.com/jobs/companies/hammelsprung-gmbh/kommunikationsstrategin-kiel-45388,Kommunikationsstrateg:in (m/w/d)
11,https://www.arbeitnow.com/jobs/companies/polytalent-gmbh/initiativbewerbung-qualitatsmanagement-qualitatssicherung-raum-berlin-38764,Initiativbewerbung | Qualitätsmanagement & Qualitätssicherung (m/w/d) | Raum Berlin
11,https://www.arbeitnow.com/jobs/companies/polytalent-gmbh/initiativbewerbung-qualitatsmanagement-qualitatssicherung-raum-stuttgart-1691,Initiativbewerbung | Qualitätsmanagement & Qualitätssicherung (m/w/d) | Raum Stuttgart
11,https://www.arbeitnow.com/jobs/companies/polytalent-gmbh/initiativbewerbung-qualitatsmanagement-qualitatssicherung-raum-munchen-345662,Initiativbewerbung Qualitätsmanagement & Qualitätssicherung (m/w/d) | Raum München
11,https://www.arbeitnow.com/jobs/companies/polytalent-gmbh/initiativbewerbung-qualitatsmanagement-qualitatssicherung-raum-nurnberg-206765,Initiativbewerbung Qualitätsmanagement & Qualitätssicherung (m/w/d) | Raum Nürnberg
11,https://www.arbeitnow.com/jobs/companies/polytalent-gmbh/initiativbewerbung-qualitatsmanagement-qualitatssicherung-raum-hamburg-214675,Initiativbewerbung Qualitätsmanagement & Qualitätssicherung (m/w/d) | Raum Hamburg
11,https://www.arbeitnow.com/jobs/companies/polytalent-gmbh/initiativbewerbung-qualitatsmanagement-qualitatssicherung-raum-dortmund-321102,Initiativbewerbung Qualitätsmanagement & Qualitätssicherung (m/w/d) | Raum Dortmund
11,https://www.arbeitnow.com/jobs/companies/polytalent-gmbh/initiativbewerbung-qualitatsmanagement-qualitatssicherung-raum-koln-389723,Initiativbewerbung Qualitätsmanagement & Qualitätssicherung (m/w/d) | Raum Köln
11,https://www.arbeitnow.com/jobs/companies/polytalent-gmbh/initiativbewerbung-qualitatsmanagement-qualitatssicherung-raum-frankfurt-frankfurt-140315,Initiativbewerbung Qualitätsmanagement & Qualitätssicherung (m/w/d) | Raum Frankfurt
11,https://www.arbeitnow.com/jobs/companies/polytalent-gmbh/initiativbewerbung-qualitatsmanagement-qualitatssicherung-raum-hannover-145837,Initiativbewerbung Qualitätsmanagement & Qualitätssicherung (m/w/d) | Raum Hannover
11,https://www.arbeitnow.com/jobs/companies/polytalent-gmbh/initiativbewerbung-qualitatsmanagement-qualitatssicherung-raum-leipzig-397540,Initiativbewerbung Qualitätsmanagement & Qualitätssicherung (m/w/d) | Raum Leipzig
11,https://www.arbeitnow.com/jobs/companies/polytalent-gmbh/initiativbewerbung-qualitatsmanagement-qualitatssicherung-raum-augsburg-53729,Initiativbewerbung Qualitätsmanagement & Qualitätssicherung (m/w/d) | Raum Augsburg
11,https://www.arbeitnow.com/jobs/companies/polytalent-gmbh/initiativbewerbung-qualitatsmanagement-qualitatssicherung-raum-dresden-457596,Initiativbewerbung Qualitätsmanagement & Qualitätssicherung (m/w/d) | Raum Dresden
11,https://www.arbeitnow.com/jobs/companies/polytalent-gmbh/initiativbewerbung-qualitatsmanagement-qualitatssicherung-raum-mannheim-332453,Initiativbewerbung Qualitätsmanagement & Qualitätssicherung (m/w/d) | Raum Mannheim
11,https://www.arbeitnow.com/jobs/companies/polytalent-gmbh/initiativbewerbung-qualitatsmanagement-qualitatssicherung-raum-bielefeld-63573,Initiativbewerbung Qualitätsmanagement & Qualitätssicherung (m/w/d) | Raum Bielefeld
11,https://www.arbeitnow.com/jobs/companies/polytalent-gmbh/initiativbewerbung-qualitatsmanagement-qualitatssicherung-raum-kassel-27189,Initiativbewerbung Qualitätsmanagement & Qualitätssicherung (m/w/d) | Raum Kassel
11,https://www.arbeitnow.com/jobs/companies/polytalent-gmbh/initiativbewerbung-qualitatsmanagement-qualitatssicherung-raum-bremen-146733,Initiativbewerbung Qualitätsmanagement & Qualitätssicherung (m/w/d) | Raum Bremen
11,https://www.arbeitnow.com/jobs/companies/demoup-cliplister/account-executive-german-speaking-berlin-442803,Account Executive (m/f/x) - German Speaking
11,https://www.arbeitnow.com/jobs/companies/purelei-gmbh/senior-brand-celebrity-marketing-manager-mannheim-215533,Senior Brand & Celebrity Marketing Manager (m/w/d)
11,https://www.arbeitnow.com/jobs/companies/quantilope-gmbh/remote-junior-data-scientist-305623,(Junior) Data Scientist
11,https://www.arbeitnow.com/jobs/companies/jungluck-gmbh/head-of-finance-data-munchen-388091,Head of Finance & Data (m/w/d)
11,https://www.arbeitnow.com/jobs/companies/studysmarter/senior-accountant-finance-specialist-remote-411879,Senior Accountant/ Finance Specialist (m/w/d) - remote
11,https://www.arbeitnow.com/jobs/companies/studysmarter/ai-growth-marketer-remote-134240,AI Growth Marketer (m/w/d) - remote
11,https://www.arbeitnow.com/jobs/companies/init-ag/senior-sales-manager-bildungsverwaltung-all-genders-berlin-425606,Senior Sales Manager Bildungsverwaltung (all genders)
11,https://www.arbeitnow.com/jobs/companies/init-ag/senior-project-manager-all-genders-munchen-79242,Senior Project Manager (all genders)
11,https://www.arbeitnow.com/jobs/companies/init-ag/senior-project-manager-all-genders-koln-460637,Senior Project Manager (all genders)
11,https://www.arbeitnow.com/jobs/companies/init-ag/senior-project-manager-all-genders-mainz-8931,Senior Project Manager (all genders)
11,https://www.arbeitnow.com/jobs/companies/init-ag/senior-project-manager-all-genders-hamburg-258535,Senior Project Manager (all genders)
11,https://www.arbeitnow.com/jobs/companies/init-ag/senior-project-manager-all-genders-berlin-14046,Senior Project Manager (all genders)
11,https://www.arbeitnow.com/jobs/companies/init-ag/senior-project-manager-digital-communications-all-genders-stuttgart-113262,Senior Project Manager - Digital Communications (all genders)
11,https://www.arbeitnow.com/jobs/companies/init-ag/senior-project-manager-digital-communications-all-genders-bremen-451130,Senior Project Manager - Digital Communications (all genders)
11,https://www.arbeitnow.com/jobs/companies/init-ag/senior-project-manager-digital-communications-all-genders-mainz-169114,Senior Project Manager - Digital Communications (all genders)
11,https://www.arbeitnow.com/jobs/companies/init-ag/senior-project-manager-digital-communications-all-genders-koln-65772,Senior Project Manager - Digital Communications (all genders)
11,https://www.arbeitnow.com/jobs/companies/init-ag/senior-project-manager-digital-communications-all-genders-hamburg-112306,Senior Project Manager - Digital Communications (all genders)
11,https://www.arbeitnow.com/jobs/companies/init-ag/senior-project-manager-digital-communications-all-genders-berlin-85879,Senior Project Manager - Digital Communications (all genders)
11,https://www.arbeitnow.com/jobs/companies/init-ag/senior-lead-consultant-verteidigung-resilienz-all-genders-mainz-419503,Senior Lead Consultant – Verteidigung & Resilienz (all genders)
11,https://www.arbeitnow.com/jobs/companies/init-ag/senior-lead-consultant-verteidigung-resilienz-all-genders-koln-22963,Senior Lead Consultant – Verteidigung & Resilienz (all genders)
11,https://www.arbeitnow.com/jobs/companies/init-ag/senior-lead-consultant-verteidigung-resilienz-all-genders-hamburg-384769,Senior Lead Consultant – Verteidigung & Resilienz (all genders)
11,https://www.arbeitnow.com/jobs/companies/init-ag/senior-lead-consultant-verteidigung-resilienz-all-genders-munchen-346461,Senior Lead Consultant – Verteidigung & Resilienz (all genders)
11,https://www.arbeitnow.com/jobs/companies/init-ag/senior-lead-consultant-verteidigung-resilienz-all-genders-berlin-418577,Senior Lead Consultant – Verteidigung & Resilienz (all genders)
11,https://www.arbeitnow.com/jobs/companies/init-ag/senior-account-manager-all-genders-hamburg-188007,Senior Account Manager (all genders)
11,https://www.arbeitnow.com/jobs/companies/init-ag/consultant-public-sector-all-genders-hamburg-99395,Consultant Public Sector (all genders)
11,https://www.arbeitnow.com/jobs/companies/init-ag/consultant-public-sector-all-genders-berlin-177736,Consultant Public Sector (all genders)
12,https://www.arbeitnow.com/jobs/companies/init-ag/consultant-public-sector-all-genders-mainz-17792,Consultant Public Sector (all genders)
12,https://www.arbeitnow.com/jobs/companies/init-ag/consultant-public-sector-all-genders-koln-420454,Consultant Public Sector (all genders)
12,https://www.arbeitnow.com/jobs/companies/init-ag/senior-project-manager-all-genders-munchen-131093,(Senior) Project Manager (all genders)
12,https://www.arbeitnow.com/jobs/companies/init-ag/senior-project-manager-all-genders-koln-400124,(Senior) Project Manager (all genders)
12,https://www.arbeitnow.com/jobs/companies/init-ag/senior-project-manager-all-genders-mainz-291620,(Senior) Project Manager (all genders)
12,https://www.arbeitnow.com/jobs/companies/init-ag/senior-project-manager-all-genders-hamburg-455482,(Senior) Project Manager (all genders)
12,https://www.arbeitnow.com/jobs/companies/init-ag/senior-project-manager-all-genders-berlin-303231,(Senior) Project Manager (all genders)
12,https://www.arbeitnow.com/jobs/companies/buying-labs-gmbh-1/product-engineer-hamburg-hq-379004,Product Engineer (m/f/d)
12,https://www.arbeitnow.com/jobs/companies/casavi/werkstudent-event-marketing-munchen-497701,Werkstudent Event Marketing (m/w/d)
12,https://www.arbeitnow.com/jobs/companies/quadriga-media-berlin-gmbh/trainee-people-culture-hr-quadriga-media-berlin-gmbh-417275,Trainee People & Culture / HR (m/w/d)
12,https://www.arbeitnow.com/jobs/companies/senprima-gmbh/founders-associate-business-development-growth-rastatt-362936,Founders' Associate - Business Development & Growth (m/w/d)
12,https://www.arbeitnow.com/jobs/companies/makersite-gmbh/remote-project-manager-software-implementation-berlin-402634,Project Manager - Software Implementation (m/f/x)
12,https://www.arbeitnow.com/jobs/companies/techbiz-global-gmbh/remote-senior-enterprise-architect-insurance-industry-aachen-22513,Senior Enterprise Architect (Insurance Industry)
12,https://www.arbeitnow.com/jobs/companies/wortmann-kg-internationale-schuhproduktionen/schulerpraktikant-detmold-351536,Schülerpraktikant (m/w/d)
12,https://www.arbeitnow.com/jobs/companies/june-gmbh/remote-account-executive-137656,Account Executive (m/w/d)
12,https://www.arbeitnow.com/jobs/companies/sungrow-europe-welcome-traveler/senior-infrastructure-network-engineer-germany-germany-munich-41804,Senior Infrastructure & Network Engineer - Germany
12,https://www.arbeitnow.com/jobs/companies/1komma5grad/werkstudentin-sales-operations-koln-294372,Werkstudent:in Sales & Operations (m/w/d)
12,https://www.arbeitnow.com/jobs/companies/1komma5grad/werkstudentin-policy-regulatory-affairs-berlin-462548,Werkstudent:in Policy & Regulatory Affairs (m/w/d)
12,https://www.arbeitnow.com/jobs/companies/1komma5grad/werkstudentin-office-feelgood-management-1komma5-nurnberg-416989,Werkstudent:in Office & Feelgood Management (m/w/d) - 1KOMMA5° Nürnberg
12,https://www.arbeitnow.com/jobs/companies/1komma5grad/werkstudentin-community-management-hamburg-300431,Werkstudent:in Community Management (m/w/d)
12,https://www.arbeitnow.com/jobs/companies/1komma5grad/technische-betriebsleitung-elektromeister-elektroinstallateurmeister-photovoltaik-warmepumpen-energiesysteme-1komma5-augsburg-202516,"Technische Betriebsleitung & Elektromeister / Elektroinstallateurmeister (m/w/d) - Photovoltaik, Wärmepumpen & Energiesysteme - 1KOMMA5° Augsburg"
12,https://www.arbeitnow.com/jobs/companies/1komma5grad/sales-manager-photovoltaik-warmepumpen-digital-sales-berlin-327075,Sales Manager Photovoltaik & Wärmepumpen (m/w/d) – Digital Sales
12,https://www.arbeitnow.com/jobs/companies/1komma5grad/praktikantin-policy-regulatory-affairs-berlin-6565,Praktikant:in Policy & Regulatory Affairs (m/w/d)
12,https://www.arbeitnow.com/jobs/companies/1komma5grad/internship-ai-automation-energy-berlin-480051,Internship AI & Automation - Energy (m/f/d)
12,https://www.arbeitnow.com/jobs/companies/1komma5grad/junior-seo-ai-marketing-manager-berlin-80519,(Junior) SEO & AI Marketing Manager (m/w/d)
12,https://www.arbeitnow.com/jobs/companies/kiwigrid/product-manager-platform-dresden-197549,Product Manager Platform (m/w/d)
12,https://www.arbeitnow.com/jobs/companies/solvares/werkstudent-im-bereich-marketing-operations-munchen-441580,Werkstudent (m/w/d) im Bereich Marketing Operations
12,https://www.arbeitnow.com/jobs/companies/solvares/ausbildung-fachinformatiker-fur-systemintegration-hamburg-263246,Ausbildung Fachinformatiker für Systemintegration (m/w/d)
12,https://www.arbeitnow.com/jobs/companies/solvares/ausbildung-fachinformatiker-fur-anwendungsentwicklung-hamburg-409670,Ausbildung Fachinformatiker für Anwendungsentwicklung (m/w/d)
12,https://www.arbeitnow.com/jobs/companies/tink-gmbh/senior-bilanzbuchhalter-senior-accountant-all-genders-berlin-193094,Senior Bilanzbuchhalter / Senior Accountant (all genders)
12,https://www.arbeitnow.com/jobs/companies/tink-gmbh/e-commerce-product-ownerin-all-genders-berlin-386524,E-Commerce Product Owner:in (all genders)
12,https://www.arbeitnow.com/jobs/companies/skalbach-gmbh/senior-projektsteuerer-bauprojekte-projektmanagement-dusseldorf-474730,Senior Projektsteuerer (m/w/d) – Bauprojekte & Projektmanagement
12,https://www.arbeitnow.com/jobs/companies/skalbach-gmbh/senior-projektmanager-bau-dusseldorf-43117,Senior Projektmanager Bau (m/w/d)
12,https://www.arbeitnow.com/jobs/companies/skalbach-gmbh/senior-projektleiter-hochbau-dusseldorf-110025,Senior Projektleiter (m/w/d) Hochbau
12,https://www.arbeitnow.com/jobs/companies/skalbach-gmbh/senior-projektleiter-grossprojekt-stuttgart-414762,Senior Projektleiter (m/w/d) Großprojekt
12,https://www.arbeitnow.com/jobs/companies/skalbach-gmbh/senior-bauleiter-rohbau-stuttgart-87474,Senior Bauleiter (m/w/d) Rohbau - Stuttgart
12,https://www.arbeitnow.com/jobs/companies/skalbach-gmbh/senior-bauleiter-ingenieurbau-in-frankfurt-main-67152,Senior Bauleiter (m/w/d) Ingenieurbau in Frankfurt (Main)
12,https://www.arbeitnow.com/jobs/companies/skalbach-gmbh/senior-bauleiter-ingenieurbau-stuttgart-karlsruhe-100763,Senior Bauleiter (m/w/d) Ingenieurbau – Stuttgart / Karlsruhe
12,https://www.arbeitnow.com/jobs/companies/skalbach-gmbh/senior-bauleiter-ingenieurbau-stuttgart-karlsruhe-81865,Senior Bauleiter (m/w/d) Ingenieurbau - Stuttgart / Karlsruhe
12,https://www.arbeitnow.com/jobs/companies/skalbach-gmbh/senior-bauleiter-ingenieurbau-munchen-nurnberg-91938,Senior Bauleiter (m/w/d) Ingenieurbau - München / Nürnberg
12,https://www.arbeitnow.com/jobs/companies/skalbach-gmbh/senior-bauleiter-ingenieurbau-mannheim-469306,Senior Bauleiter (m/w/d) Ingenieurbau - Mannheim
12,https://www.arbeitnow.com/jobs/companies/skalbach-gmbh/senior-bauleiter-ingenieurbau-frankfurt-main-440294,Senior Bauleiter (m/w/d) Ingenieurbau - Frankfurt (Main)
12,https://www.arbeitnow.com/jobs/companies/skalbach-gmbh/senior-bauleiter-ingenieurbau-munchen-304856,Senior Bauleiter (m/w/d) Ingenieurbau
12,https://www.arbeitnow.com/jobs/companies/skalbach-gmbh/senior-bauleiter-hochbau-in-stuttgart-oder-karlsruhe-298911,Senior Bauleiter (m/w/d) Hochbau in Stuttgart oder Karlsruhe
12,https://www.arbeitnow.com/jobs/companies/skalbach-gmbh/senior-bauleiter-hochbau-in-nurnberg-261898,Senior Bauleiter (m/w/d) Hochbau in Nürnberg
12,https://www.arbeitnow.com/jobs/companies/skalbach-gmbh/senior-bauleiter-hochbau-in-munchen-474031,Senior Bauleiter (m/w/d) Hochbau in München
12,https://www.arbeitnow.com/jobs/companies/skalbach-gmbh/senior-bauleiter-hochbau-in-mannheim-140615,Senior Bauleiter (m/w/d) Hochbau in Mannheim
12,https://www.arbeitnow.com/jobs/companies/skalbach-gmbh/senior-bauleiter-hochbau-in-frankfurt-main-174707,Senior Bauleiter (m/w/d) Hochbau in Frankfurt (Main)
12,https://www.arbeitnow.com/jobs/companies/skalbach-gmbh/senior-bauleiter-hochbau-koln-143077,Senior Bauleiter (m/w/d) Hochbau - Köln
12,https://www.arbeitnow.com/jobs/companies/skalbach-gmbh/senior-bauleiter-stuttgart-munchen-karlsruhe-274091,"Senior Bauleiter (m/w/d) - Stuttgart, München, Karlsruhe"
13,https://www.arbeitnow.com/jobs/companies/skalbach-gmbh/projektmanager-revitalisierung-hochbau-in-frankfurt-am-main-139736,Projektmanager (m/w/d) Revitalisierung/Hochbau in Frankfurt am Main
13,https://www.arbeitnow.com/jobs/companies/skalbach-gmbh/ios-entwickler-karlsruhe-395372,iOS Entwickler (m/w/d)
13,https://www.arbeitnow.com/jobs/companies/skalbach-gmbh/einkaufer-ingenieurbau-frankfurt-am-main-337335,Einkäufer (m/w/d) Ingenieurbau – Frankfurt am Main
13,https://www.arbeitnow.com/jobs/companies/skalbach-gmbh/einkaufer-ingenieurbau-frankfurt-main-492716,Einkäufer (m/w/d) Ingenieurbau - Frankfurt (Main)
13,https://www.arbeitnow.com/jobs/companies/skalbach-gmbh/bauleiter-hochbau-in-frankfurt-am-main-101634,Bauleiter (m/w/d) Hochbau in Frankfurt am Main
13,https://www.arbeitnow.com/jobs/companies/skalbach-gmbh/senior-bauleiter-tiefbau-munchen-403959,(Senior) Bauleiter (m/w/d) Tiefbau
13,https://www.arbeitnow.com/jobs/companies/skalbach-gmbh/senior-bauleiter-hochbau-munchen-325592,(Senior) Bauleiter (m/w/d) Hochbau
13,https://www.arbeitnow.com/jobs/companies/360learning/remote-account-executive-dach-337988,Account Executive DACH (m/f/d)
13,https://www.arbeitnow.com/jobs/companies/deepslate/rust-engineer-berlin-471768,Rust Engineer (m/f/d)
13,https://www.arbeitnow.com/jobs/companies/jupus/senior-product-marketing-manager-ai-legaltech-germany-345046,(Senior) Product Marketing Manager (m/w/d) - AI LegalTech
13,https://www.arbeitnow.com/jobs/companies/rhein-nadel-automation-gmbh/fullstack-software-engineer-munchen-15638,Fullstack Software Engineer (m/w/d)
13,https://www.arbeitnow.com/jobs/companies/mayflower/senior-ai-architect-consultant-munchen-492553,Senior AI Architect & Consultant (m/w/d)
13,https://www.arbeitnow.com/jobs/companies/fulfin/senior-engineer-on-site-vollzeit-munchen-19080,Senior Engineer (m/w/d) — On-Site & Vollzeit
13,https://www.arbeitnow.com/jobs/companies/bazaarvoice/account-executive-central-europe-dach-munich-492052,Account Executive – Central Europe (DACH)
13,https://www.arbeitnow.com/jobs/companies/dataguard/customer-growth-manager-munich-394960,Customer Growth Manager (m/f/d)
13,https://www.arbeitnow.com/jobs/companies/black-semiconductor-gmbh/technician-aachen-14708,Technician (f/m/d)
13,https://www.arbeitnow.com/jobs/companies/instagrid/working-student-logistics-ludwigsburg-350101,Working Student - Logistics (f/m/d)
13,https://www.arbeitnow.com/jobs/companies/lamm-hr-gmbh/spezialist-in-der-qualifizierung-und-softwarevalidierung-mensch-landkreis-bergstrasse-81157,Spezialist in der Qualifizierung und Softwarevalidierung (Mensch)
13,https://www.arbeitnow.com/jobs/companies/comhard-gesellschaft-fur-bildung-und-personalentwicklung-mbh/freiberufliche-r-trainerin-ausbilderin-fachinformatik-fur-anwendungsentwicklung-vor-ort-berlin-2736,Freiberufliche/r TrainerIn/ AusbilderIn (w/m/d) Fachinformatik für Anwendungsentwicklung - vor Ort
13,https://www.arbeitnow.com/jobs/companies/comhard-gesellschaft-fur-bildung-und-personalentwicklung-mbh/freiberuflicher-trainer-in-fur-microsoft-office-anwendungen-vor-ort-berlin-323827,Freiberufliche(r) Trainer/-In (m/w/d) für Microsoft Office Anwendungen (vor Ort)
13,https://www.arbeitnow.com/jobs/companies/comhard-gesellschaft-fur-bildung-und-personalentwicklung-mbh/dozent-trainer-verwaltungsfachangestellte-berlin-347427,Dozent / Trainer Verwaltungsfachangestellte (m/w/d)
13,https://www.arbeitnow.com/jobs/companies/aer-group/business-data-analyst-finance-requirements-management-berlin-boppstr-117321,Business Data Analyst Finance & Requirements Management (m/w/d)
13,https://www.arbeitnow.com/jobs/companies/aer-group/senior-devops-engineer-berlin-boppstr-322077,(Senior) DevOps Engineer (m/f/x)
13,https://www.arbeitnow.com/jobs/companies/twaice/working-student-accounting-finance-munich-hybrid-470843,Working Student | Accounting & Finance (m/f/d)
13,https://www.arbeitnow.com/jobs/companies/twaice/full-stack-software-engineer-munich-hybrid-185960,Full-Stack Software Engineer (m/f/d)
13,https://www.arbeitnow.com/jobs/companies/meteocontrol/senior-consultant-energy-markets-economics-all-genders-berlin-244149,Senior Consultant Energy Markets & Economics (all genders)
13,https://www.arbeitnow.com/jobs/companies/meteocontrol/senior-consultant-energy-markets-economics-all-genders-augsburg-126793,Senior Consultant Energy Markets & Economics (all genders)
13,https://www.arbeitnow.com/jobs/companies/doctari-gmbh/werkstudentin-onboarding-und-prozessmanagement-munchen-300289,Werkstudent:in Onboarding und & Prozessmanagement (m/w/d)
13,https://www.arbeitnow.com/jobs/companies/doctari-gmbh/product-owner-customer-domain-munchen-169055,Product Owner (m/w/d) - Customer Domain
13,https://www.arbeitnow.com/jobs/companies/xempus-ag/senior-java-engineer-munchen-40956,Senior Java Engineer (m/f/d)
13,https://www.arbeitnow.com/jobs/companies/xempus-ag/engineering-manager-munchen-285372,Engineering Manager (m/w/d)
13,https://www.arbeitnow.com/jobs/companies/xempus-ag/engineering-manager-munchen-97746,Engineering Manager (m/f/d)
13,https://www.arbeitnow.com/jobs/companies/everdrop-gmbh/remote-paid-social-analytics-manager-munchen-383519,Paid Social & Analytics Manager (m/f/d)
13,https://www.arbeitnow.com/jobs/companies/everdrop-gmbh/praktikum-im-bereich-online-marketing-schwerpunkt-e-mail-marketing-munchen-202639,Praktikum im Bereich Online Marketing - Schwerpunkt E-Mail Marketing (m/w/d)
13,https://www.arbeitnow.com/jobs/companies/pixelmechanics/freelancer-for-airbyte-20-expert-level-remote-nurnberg-31521,Freelancer for Airbyte 2.0 Expert Level (Remote)
13,https://www.arbeitnow.com/jobs/companies/quantum-systems-gmbh/uav-repair-and-maintenance-technician-gilching-97310,UAV Repair and Maintenance Technician (m/f/d)
13,https://www.arbeitnow.com/jobs/companies/quantum-systems-gmbh/team-lead-mosaic-demonstrations-integrations-gilching-452787,Team Lead - MOSAIC Demonstrations & Integrations (m/f/d)
13,https://www.arbeitnow.com/jobs/companies/quantum-systems-gmbh/training-manager-gilching-104756,Training Manager (m/f/d)
13,https://www.arbeitnow.com/jobs/companies/quantum-systems-gmbh/uxs-training-demo-manager-gilching-395300,UXS Training & Demo Manager (m/f/d)
13,https://www.arbeitnow.com/jobs/companies/quantum-systems-gmbh/product-marketing-manager-multi-domain-gilching-298768,Product Marketing Manager Multi-Domain (m/f/d)
13,https://www.arbeitnow.com/jobs/companies/quantum-systems-gmbh/product-owner-plm-gilching-49255,Product Owner PLM (m/f/d)
13,https://www.arbeitnow.com/jobs/companies/tractebel/senior-projektleitung-wasserbau-kusteningenieurwesen-hamburg-gotenstrasse-194817,Senior-Projektleitung Wasserbau / Küsteningenieurwesen (m/w/d)
13,https://www.arbeitnow.com/jobs/companies/indra-avitech/senior-business-development-manager-indramind-koln-322351,Senior Business Development Manager (m/f/d) IndraMind
13,https://www.arbeitnow.com/jobs/companies/yoursquares/ai-creative-strategist-berlin-181647,AI Creative Strategist (m/w/d)
13,https://www.arbeitnow.com/jobs/companies/aem-unternehmerkapital-gmbh/praktikant-ma-buy-and-build-berlin-265071,Praktikant (m/w/d) – M&A & Buy-and-Build
13,https://www.arbeitnow.com/jobs/companies/exolaunch/marketing-director-berlin-germany-170366,Marketing Director (m/w/d)
13,https://www.arbeitnow.com/jobs/companies/shyftplan/remote-werkstudent-vertrieb-stuttgart-168420,Werkstudent Vertrieb (m/w/d)
13,https://www.arbeitnow.com/jobs/companies/shyftplan/trainee-vertrieb-sales-berlin-95259,Trainee Vertrieb / Sales (m/w/d)
13,https://www.arbeitnow.com/jobs/companies/erasmus/offenbach-am-main-padagogische-fachkraft-zb-erzieher-in-fur-den-erasmus-kindergarten-berliner-strasse-mit-muttersprachlichen-englischkenn-233344,Offenbach am Main - Pädagogische Fachkraft (z.B. Erzieher_in m/w/d) für den Erasmus Kindergarten Berliner Straße - mit muttersprachlichen Englischkenntnissen (Vollzeit / Teilzeit)
13,https://www.arbeitnow.com/jobs/companies/machine-learning-reply/ai-application-engineer-ai-products-llm-rag-berlin-232153,AI Application Engineer – AI Products (LLM & RAG) (m/f/d)
14,https://www.arbeitnow.com/jobs/companies/machine-learning-reply/junior-ai-application-engineer-ai-products-llm-rag-munich-412158,Junior AI Application Engineer – AI Products (LLM & RAG) (m/f/d)
14,https://www.arbeitnow.com/jobs/companies/bsi-software/sales-customer-growth-trainee-all-genders-de-darmstadt-114679,Sales & Customer Growth Trainee (all genders) DE
14,https://www.arbeitnow.com/jobs/companies/cbs-corporate-business-solutions-gmbh/salesforce-traineeprogramm-heidelberg-355585,Salesforce Traineeprogramm (m/w/d)
14,https://www.arbeitnow.com/jobs/companies/cbs-corporate-business-solutions-gmbh/manager-supply-chain-planning-heidelberg-105693,Manager Supply Chain Planning (m/w/d)
14,https://www.arbeitnow.com/jobs/companies/cbs-corporate-business-solutions-gmbh/manager-supply-chain-performance-improvement-heidelberg-207670,Manager Supply Chain Performance Improvement (m/w/d)
14,https://www.arbeitnow.com/jobs/companies/cbs-corporate-business-solutions-gmbh/performance-marketing-manager-digital-campaign-manager-heidelberg-10344,Performance Marketing Manager/ Digital Campaign Manager (m/w/d)
14,https://www.arbeitnow.com/jobs/companies/cbs-corporate-business-solutions-gmbh/sap-sales-manager-sustainable-supply-chain-manufacturing-sscm-heidelberg-396423,SAP Sales Manager (m/w/d) Sustainable Supply Chain & Manufacturing (SSCM)
14,https://www.arbeitnow.com/jobs/companies/cbs-corporate-business-solutions-gmbh/sap-sales-manager-supply-chain-manufacturing-win-big-deals-shape-global-supply-chains-own-your-pipeline-heidelberg-420051,SAP Sales Manager (m/w/d) Supply Chain & Manufacturing – Win Big Deals. Shape Global Supply Chains. Own your Pipeline
14,https://www.arbeitnow.com/jobs/companies/plukon-food-group-germany/mitarbeiter-qualitatsmanagement-qualitatssicherung-gn-visbek-43084,Mitarbeiter Qualitätsmanagement / Qualitätssicherung (gn)
14,https://www.arbeitnow.com/jobs/companies/and-e/werkstudent-marketing-digital-experiences-koln-137439,Werkstudent (m/w/d) Marketing & Digital Experiences
14,https://www.arbeitnow.com/jobs/companies/tawo-gmbh/werkstudent-b2b-sales-berlin-493459,Werkstudent - B2B Sales (m/w/d)
14,https://www.arbeitnow.com/jobs/companies/doo/werkstudentin-im-projektmanagement-munchen-413495,Werkstudent*in im Projektmanagement
14,https://www.arbeitnow.com/jobs/companies/doo/werkstudentin-finance-schwerpunkt-accounting-controlling-munchen-295826,Werkstudent*in Finance (Schwerpunkt Accounting/Controlling)
14,https://www.arbeitnow.com/jobs/companies/avenit-ag/remote-senior-software-engineer-fullstack-fur-ki-produkte-338178,Senior Software Engineer (m/w/d) | Fullstack für KI-Produkte
14,https://www.arbeitnow.com/jobs/companies/partspace/senior-backend-developer-manufacturing-munchen-1090,Senior Backend Developer (m/f/d) - Manufacturing
14,https://www.arbeitnow.com/jobs/companies/partspace/remote-ai-developer-nurnberg-177325,AI Developer (m/f/d)
14,https://www.arbeitnow.com/jobs/companies/avelion-group/praktikantinnen-und-werkstudierende-munchen-283249,PraktikantInnen und Werkstudierende (m/w/d)
14,https://www.arbeitnow.com/jobs/companies/avelion-group/java-backend-developer-munchen-438936,Java Backend Developer (m/w/d)
14,https://www.arbeitnow.com/jobs/companies/authorityinc/experte-fur-den-infrastrukturmarkt-berlin-57301,Experte für den Infrastrukturmarkt (m/w/d)
14,https://www.arbeitnow.com/jobs/companies/authorityinc/experte-fur-den-rechenzentrumsmarkt-berlin-190138,Experte für den Rechenzentrumsmarkt (m/w/d)
14,https://www.arbeitnow.com/jobs/companies/claudia-buhl/talent-scout-recruiter-100-remote-schrobenhausen-490892,Talent Scout / Recruiter (m/w/d) | 100 % Remote
14,https://www.arbeitnow.com/jobs/companies/shopware-ag/remote-quality-engineering-lead-schoppingen-262215,Quality Engineering Lead (m/w/d)
14,https://www.arbeitnow.com/jobs/companies/idealo-internet-gmbh/campaign-manager-mwd-elternzeitvertretung-berlin-299796,Campaign Manager (m|w|d) - Elternzeitvertretung
14,https://www.arbeitnow.com/jobs/companies/real-digital/remote-senior-product-manager-all-genders-b2c-181910,Senior Product Manager (all genders) | B2C
14,https://www.arbeitnow.com/jobs/companies/real-digital/remote-senior-product-designer-all-genders-242185,Senior Product Designer (all genders)
14,https://www.arbeitnow.com/jobs/companies/real-digital/remote-senior-devops-engineer-all-genders-data-platform-16527,Senior DevOps Engineer (all genders) | Data Platform
14,https://www.arbeitnow.com/jobs/companies/arculus/infrastructure-engineer-deployments-munich-392732,Infrastructure Engineer - Deployments (d/f/m)
14,https://www.arbeitnow.com/jobs/companies/sti/senior-business-consultant-servicenow-mit-schwerpunkt-crm-csm-munchen-72384,Senior Business Consultant ServiceNow mit Schwerpunkt CRM/CSM (m/w/d)
14,https://www.arbeitnow.com/jobs/companies/alemi-zurich/remote-senior-operations-manager-store-munchen-333272,Senior Operations Manager (f/m/d)
14,https://www.arbeitnow.com/jobs/companies/friendventure/senior-growth-marketing-manager-koln-358957,Senior Growth Marketing Manager (m/w/d)
14,https://www.arbeitnow.com/jobs/companies/friendventure/senior-account-manager-berlin-439662,(Senior) Account Manager (m/w/d)
14,https://www.arbeitnow.com/jobs/companies/friendventure/senior-account-manager-koln-113753,(Senior) Account Manager (m/w/d)
14,https://www.arbeitnow.com/jobs/companies/global-side-gmbh/projektleitung-versicherungs-software-all-genders-munchen-332800,Projektleitung Versicherungs-Software (all Genders)
14,https://www.arbeitnow.com/jobs/companies/global-side-gmbh/it-administrator-operativer-betrieb-devops-all-genders-munchen-450102,IT Administrator – operativer Betrieb & DevOps (all Genders)
14,https://www.arbeitnow.com/jobs/companies/rulemapping/sales-director-public-sector-berlin-200262,Sales Director Public Sector (d/w/m)
14,https://www.arbeitnow.com/jobs/companies/kreuzfahrtberater-gmbh/junior-hr-manager-als-elternzeitvertretung-ahrensburg-463472,(Junior) HR Manager (m/w/d) als Elternzeitvertretung
14,https://www.arbeitnow.com/jobs/companies/vebego-facility-services-germany/vorarbeiterin-teamleiterin-gebaudereinigung-haan-383867,Vorarbeiter*in / Teamleiter*in Gebäudereinigung (m/w/d)
14,https://www.arbeitnow.com/jobs/companies/kevin-kehr/remote-trainee-im-finanzvertrieb-karriere-mit-struktur-verantwortung-und-perspektive-german-speaking-hamburg-311755,"Trainee (m/w/d) im Finanzvertrieb – Karriere mit Struktur, Verantwortung und Perspektive (German Speaking)"
14,https://www.arbeitnow.com/jobs/companies/kevin-kehr/remote-werkstudent-finance-beratung-unternehmerisch-leistungsbasiert-hamburg-305459,"Werkstudent (m/w/d) – Finance & Beratung (unternehmerisch, leistungsbasiert)"
14,https://www.arbeitnow.com/jobs/companies/cts-composite-technologie-systeme-gmbh/werkstudent-bauingenieurwesen-geesthacht-215564,Werkstudent (m/w/d) Bauingenieurwesen
14,https://www.arbeitnow.com/jobs/companies/currenta-gruppe/werkstudent-im-asset-management-energy-leverkusen-98189,Werkstudent im Asset Management Energy (m/w/d)
14,https://www.arbeitnow.com/jobs/companies/benuta-gmbh/ai-strategy-automation-lead-bonn-252312,AI Strategy & Automation Lead (m/w/d)
14,https://www.arbeitnow.com/jobs/companies/benuta-gmbh/ai-videographer-filmmaker-bonn-390347,AI Videographer / Filmmaker (m/w/d)
14,https://www.arbeitnow.com/jobs/companies/the-bellezza-group/servicemitarbeiterin-in-teilzeit-und-werkstudentin-restaurant-gigi-munchen-110718,Servicemitarbeiter:in (m/w/d) in Teilzeit und Werkstudent:in
14,https://www.arbeitnow.com/jobs/companies/vrt-partnerschaft-mbb-wirtschaftsprufer-steuerberater-rechtsanwalte/datev-experte-datev-expertin-fachassistenz-digitalisierung-fait-bonn-424288,"DATEV-Experte/DATEV-Expertin, Fachassistenz Digitalisierung FAIT (w/m/d)"
14,https://www.arbeitnow.com/jobs/companies/designer-outlet-soltau/puma-retail-sales-associate-soltau-50905,PUMA Retail Sales Associate (m/w/d)
14,https://www.arbeitnow.com/jobs/companies/designer-outlet-soltau/carl-gross-retail-gmbh-soltau-468779,Carl Gross Retail GmbH
14,https://www.arbeitnow.com/jobs/companies/my-jewellery/verkaufstalent-dusseldorf-airport-flex-96192,Verkaufstalent Düsseldorf Airport flex (m/w/d)
14,https://www.arbeitnow.com/jobs/companies/4chain-consulting/polier-schlusselfertigbau-faire-bezahlung-top-ausstattung-60k-80k-essen-32303,"Polier (m/w/d) - Schlüsselfertigbau - faire Bezahlung, top Ausstattung 60k-80k"
14,https://www.arbeitnow.com/jobs/companies/4chain-consulting/polier-schlusselfertigbau-faire-bezahlung-top-ausstattung-60k-80k-cologne-68674,"Polier (m/w/d) - Schlüsselfertigbau - faire Bezahlung, top Ausstattung 60k-80k"
15,https://www.arbeitnow.com/jobs/companies/4chain-consulting/polier-schlusselfertigbau-faire-bezahlung-top-ausstattung-60k-80k-dusseldorf-185323,"Polier (m/w/d) - Schlüsselfertigbau - faire Bezahlung, top Ausstattung 60k-80k"
15,https://www.arbeitnow.com/jobs/companies/4chain-consulting/polier-hochbau-sf-faire-bezahlung-top-ausstattung-60k-80k-gottingen-220406,"Polier (m/w/d) - Hochbau/SF - faire Bezahlung, top Ausstattung 60k-80k"
15,https://www.arbeitnow.com/jobs/companies/4chain-consulting/polier-hochbau-sf-faire-bezahlung-top-ausstattung-60k-80k-osnabruck-123816,"Polier (m/w/d) - Hochbau/SF - faire Bezahlung, top Ausstattung 60k-80k"
15,https://www.arbeitnow.com/jobs/companies/4chain-consulting/polier-hochbau-sf-faire-bezahlung-top-ausstattung-60k-80k-hamburg-428112,"Polier (m/w/d) - Hochbau/SF - faire Bezahlung, top Ausstattung 60k-80k"
15,https://www.arbeitnow.com/jobs/companies/4chain-consulting/polier-hochbau-sf-faire-bezahlung-top-ausstattung-60k-80k-hanover-199263,"Polier (m/w/d) - Hochbau/SF - faire Bezahlung, top Ausstattung 60k-80k"
15,https://www.arbeitnow.com/jobs/companies/4chain-consulting/polier-hochbau-sf-faire-bezahlung-top-ausstattung-55k-75k-berlin-82027,"Polier (m/w/d) - Hochbau/SF - faire Bezahlung, top Ausstattung 55k-75k"
15,https://www.arbeitnow.com/jobs/companies/4chain-consulting/polier-hochbau-sf-faire-bezahlung-top-ausstattung-55k-75k-dresden-260136,"Polier (m/w/d) - Hochbau/SF - faire Bezahlung, top Ausstattung 55k-75k"
15,https://www.arbeitnow.com/jobs/companies/4chain-consulting/polier-hochbau-sf-faire-bezahlung-top-ausstattung-55k-75k-leipzig-394820,"Polier (m/w/d) - Hochbau/SF - faire Bezahlung, top Ausstattung 55k-75k"
15,https://www.arbeitnow.com/jobs/companies/phineo/senior-beraterin-und-programm-managerin-kooperationen-collective-impact-berlin-294170,Senior Berater*in und Programm-Manager*in Kooperationen & Collective Impact (m/w/d)
15,https://www.arbeitnow.com/jobs/companies/ctrl-qs/working-student-content-and-data-management-all-genders-berlin-345628,Working Student – Content and Data Management (all genders)
15,https://www.arbeitnow.com/jobs/companies/ba-tax-gmbh/steuerfachangestellter-oder-fachinformatiker-schwerpunkt-kanzleiorganisation-datev-hamburg-268958,Steuerfachangestellter oder Fachinformatiker (m/w/d) Schwerpunkt Kanzleiorganisation & DATEV
15,https://www.arbeitnow.com/jobs/companies/acture-germany/werkstudentin-business-operations-hamburg-347517,Werkstudent:in Business Operations (m/w/d)
15,https://www.arbeitnow.com/jobs/companies/acture-germany/praktikum-gesundheitsforderung-und-sporttraining-munchen-88558,Praktikum Gesundheitsförderung und Sporttraining
15,https://www.arbeitnow.com/jobs/companies/acture-germany/managing-director-koln-125699,Managing Director (m/w/d)
15,https://www.arbeitnow.com/jobs/companies/dida/ai-consultant-all-genders-hybrid-berlin-frankfurt-374854,"AI Consultant (all genders) - Hybrid, Berlin/Frankfurt"
15,https://www.arbeitnow.com/jobs/companies/aok-connect/werkstudentin-review-management-feedbackanalyse-berlin-278955,Werkstudent*in Review Management & Feedbackanalyse (m/w/d)
15,https://www.arbeitnow.com/jobs/companies/andercore/procurement-manager-berlin-193476,Procurement Manager
15,https://www.arbeitnow.com/jobs/companies/lemon-markets/senior-finance-manager-berlin-260296,Senior Finance Manager (f/m/x)
15,https://www.arbeitnow.com/jobs/companies/focused/cryogenics-engineer-darmstadt-27550,Cryogenics Engineer (f/m/d)
15,https://www.arbeitnow.com/jobs/companies/germanzero-ev/praktikum-fundraising-und-campaigning-berlin-393526,Praktikum Fundraising und Campaigning
15,https://www.arbeitnow.com/jobs/companies/virtual7-gmbh/remote-senior-system-engineer-bonn-440479,Senior System Engineer (m/w/d)
15,https://www.arbeitnow.com/jobs/companies/encontec-gmbh/logistiker-im-bereich-maintenance-service-oberkochen-138301,Logistiker im Bereich Maintenance / Service (w/m/d)
15,https://www.arbeitnow.com/jobs/companies/encontec-gmbh/qualitatsmanager-supply-chain-backnang-280173,Qualitätsmanager (m/w/d) Supply Chain
15,https://www.arbeitnow.com/jobs/companies/encontec-gmbh/training-manager-service-jena-21141,Training-Manager (m/w/d) Service
15,https://www.arbeitnow.com/jobs/companies/conesso/trainee-online-marketing-manager-in-vollzeit-koln-451121,Trainee Online-Marketing-Manager/-in - Vollzeit (m/w/d)
15,https://www.arbeitnow.com/jobs/companies/conesso/trainee-online-marketing-manager-in-vollzeit-koln-147210,Trainee Online-Marketing-Manager/-in - Vollzeit (m/w/d)
15,https://www.arbeitnow.com/jobs/companies/agentur-fur-haushaltshilfe-gmbh/remote-teamleiter-fur-haushaltshilfen-quereinsteiger-willkommen-bayern-162981,Teamleiter für Haushaltshilfen (m/w/d) – Quereinsteiger willkommen!
15,https://www.arbeitnow.com/jobs/companies/agentur-fur-haushaltshilfe-gmbh/remote-pflegefachkraft-als-teamleiter-fur-haushaltshilfen-alternative-zur-pflege-boblingen-250918,Pflegefachkraft als Teamleiter für Haushaltshilfen (m/w/d) – Alternative zur Pflege
15,https://www.arbeitnow.com/jobs/companies/agentur-fur-haushaltshilfe-gmbh/remote-pflegefachkraft-als-teamleiter-fur-haushaltshilfen-alternative-zur-pflege-bad-neuenahr-ahrweiler-269294,Pflegefachkraft als Teamleiter für Haushaltshilfen (m/w/d) – Alternative zur Pflege
15,https://www.arbeitnow.com/jobs/companies/agentur-fur-haushaltshilfe-gmbh/remote-pflegefachkraft-als-teamleiter-fur-haushaltshilfen-alternative-zur-pflege-hamburg-12240,Pflegefachkraft als Teamleiter für Haushaltshilfen (m/w/d) – Alternative zur Pflege
15,https://www.arbeitnow.com/jobs/companies/agentur-fur-haushaltshilfe-gmbh/remote-altenpfleger-als-teamleiter-fur-haushaltshilfen-alternative-zur-pflege-eisenach-102440,Altenpfleger als Teamleiter für Haushaltshilfen (m/w/d) – Alternative zur Pflege
15,https://www.arbeitnow.com/jobs/companies/agentur-fur-haushaltshilfe-gmbh/remote-krankenpfleger-als-teamleiter-fur-haushaltshilfen-alternative-zur-pflege-eisenach-140268,Krankenpfleger als Teamleiter für Haushaltshilfen (m/w/d) – Alternative zur Pflege
15,https://www.arbeitnow.com/jobs/companies/agentur-fur-haushaltshilfe-gmbh/remote-erzieher-als-teamleiter-fur-haushaltshilfen-eisenach-143499,Erzieher als Teamleiter für Haushaltshilfen (m/w/d)
15,https://www.arbeitnow.com/jobs/companies/agentur-fur-haushaltshilfe-gmbh/remote-pflegefachkraft-als-teamleiter-gestalte-dein-team-deine-arbeitszeiten-eisenach-386605,Pflegefachkraft als Teamleiter (m/w/d) – Gestalte dein Team & deine Arbeitszeiten
15,https://www.arbeitnow.com/jobs/companies/distribusion-technologies/remote-expansion-manager-eu-airport-transfers-all-genders-30955,"Expansion Manager, EU Airport transfers (all genders)"
15,https://www.arbeitnow.com/jobs/companies/distribusion-technologies/remote-senior-tech-operations-specialist-all-genders-159614,Senior Tech Operations Specialist (all genders)
15,https://www.arbeitnow.com/jobs/companies/sofatutor-gmbh/remote-public-affairs-manager-digitale-bildung-gn-berlin-148585,Public Affairs Manager - digitale Bildung (gn)
15,https://www.arbeitnow.com/jobs/companies/enomyc-gmbh/remote-praktikant-consulting-headquarter-hamburg-und-stuttgart-413866,Praktikant Consulting (w/m/d) | Headquarter Hamburg und Stuttgart
15,https://www.arbeitnow.com/jobs/companies/enomyc-gmbh/remote-interim-cro-chief-restructuring-officer-stuttgart-477276,Interim CRO / Chief Restructuring Officer (m/w/d)
15,https://www.arbeitnow.com/jobs/companies/otovo/service-technikerin-photovoltaik-berlin-486284,Service Techniker:in Photovoltaik (f/m/x)
15,https://www.arbeitnow.com/jobs/companies/otovo/remote-service-technikerin-photovoltaik-munich-335779,Service Techniker:in Photovoltaik (f/m/x)
15,https://www.arbeitnow.com/jobs/companies/otovo/service-technikerin-photovoltaik-berlin-366063,Service Techniker:in Photovoltaik (f/m/d)
15,https://www.arbeitnow.com/jobs/companies/atlanticvc/head-of-public-affairs-germany-eu-at-ai-infrastructure-venture-dresden-465709,"Head of Public Affairs (Germany & EU) @ AI Infrastructure Venture, Dresden"
15,https://www.arbeitnow.com/jobs/companies/atlanticvc/founder-associate-gn-at-ai-venture-berlin-494415,"Founder Associate (gn) @ AI Venture, Berlin"
15,https://www.arbeitnow.com/jobs/companies/ultimate-gym-konigsbrunn/trainer-fur-erwachsene-und-kinder-teilzeit-minijob-konigsbrunn-21167,Trainer (m/w/d) für Erwachsene und Kinder (Teilzeit/Minijob)
15,https://www.arbeitnow.com/jobs/companies/ultimate-gym-konigsbrunn/kampfsporttrainer-in-minijob-augsburg-90085,Kampfsporttrainer/in (Minijob)
15,https://www.arbeitnow.com/jobs/companies/infosys-consulting-europe/sap-procurement-supply-chain-transformation-consultant-life-sciences-germany-munich-353977,SAP Procurement & Supply Chain Transformation Consultant - Life Sciences Germany
15,https://www.arbeitnow.com/jobs/companies/we-are-social-1/group-account-director-automotive-munich-208821,Group Account Director Automotive (w/m/d)
15,https://www.arbeitnow.com/jobs/companies/grunes-leihhauser-gmbh-co-kg/azure-infrastructure-engineer-in-koln-buro-koln-181483,Azure Infrastructure Engineer (m/w/d) in Köln
15,https://www.arbeitnow.com/jobs/companies/grunes-leihhauser-gmbh-co-kg/azure-infrastructure-engineer-in-frankfurt-buro-frankfurt-83901,Azure Infrastructure Engineer (m/w/d) in Frankfurt
16,https://www.arbeitnow.com/jobs/companies/synology-personio/channel-account-executive-surveillance-dusseldorf-306555,Channel Account Executive - Surveillance (m/w/d)
16,https://www.arbeitnow.com/jobs/companies/bikeleasing/remote-senior-sales-operations-manager-gn-176286,(Senior) Sales Operations Manager (gn)
16,https://www.arbeitnow.com/jobs/companies/imap-gmbh-1/werkstudentin-public-sector-consulting-projektmanagement-dusseldorf-30305,Werkstudent:in Public Sector Consulting / Projektmanagement
16,https://www.arbeitnow.com/jobs/companies/getpress-gmbh/senior-pr-manager-remote-oder-berlin-293530,Senior PR Manager (m/w/d) – Remote oder Berlin
16,https://www.arbeitnow.com/jobs/companies/getpress-gmbh/remote-backend-engineer-agentic-ai-berlin-107711,Backend Engineer - Agentic AI (m/w/d)
16,https://www.arbeitnow.com/jobs/companies/amx-consulting-personio/remote-working-student-junior-solutions-consultant-190225,Working Student - Junior Solutions Consultant (m/f/d)
16,https://www.arbeitnow.com/jobs/companies/scaile-technologies-gmbh/founding-engineer-intern-munich-398477,Founding Engineer Intern
16,https://www.arbeitnow.com/jobs/companies/southwestx/business-industry-co-founder-role-at-startup-guardsphere-saarbrucken-490044,Business / Industry Co-Founder (F/M/D) Role At Startup Guardsphere
16,https://www.arbeitnow.com/jobs/companies/bunch/account-executive-fund-administration-vc-de-germany-467260,Account Executive | Fund Administration | VC | DE (f/m/d)
16,https://www.arbeitnow.com/jobs/companies/bunch/talent-acquisition-manager-tech-berlin-74675,Talent Acquisition Manager | Tech (f/m/d)
16,https://www.arbeitnow.com/jobs/companies/bunch/senior-full-stack-engineer-frontend-leaning-platform-team-berlin-362893,(Senior) Full-Stack Engineer | Frontend-leaning | Platform Team (f/m/d) | Berlin
16,https://www.arbeitnow.com/jobs/companies/galvany/engineering-lead-berlin-87197,Engineering Lead (m/w/d)
16,https://www.arbeitnow.com/jobs/companies/rohlik/process-engineer-berlin-359537,Process Engineer (m/f/d)
16,https://www.arbeitnow.com/jobs/companies/rohlik/junior-category-manager-frische-munich-142796,Junior Category Manager – Frische (m/w/d)
16,https://www.arbeitnow.com/jobs/companies/customs-support-group/standortleitung-frankfurt-am-main-branch-manager-frankfurt-am-main-338988,Standortleitung (m/w/d) Frankfurt am Main / Branch Manager (m/f/d) Frankfurt am Main
16,https://www.arbeitnow.com/jobs/companies/rewire/data-scientist-heidelberg-35882,Data Scientist (m/w/d)
16,https://www.arbeitnow.com/jobs/companies/rewire/cloud-engineer-heidelberg-282008,Cloud Engineer (m/w/d)
16,https://www.arbeitnow.com/jobs/companies/broeder-ruckh-consulting-gmbh/projektmanager-gn-tuttlingen-180253,Projektmanager (gn)
16,https://www.arbeitnow.com/jobs/companies/van-de-velde/remote-field-trainer-suddeutschland-befristet-fur-18-monate-munchen-76806,Field Trainer Süddeutschland (befristet für 18 Monate)
16,https://www.arbeitnow.com/jobs/companies/van-de-velde/remote-field-trainer-nordrhein-westfalen-koln-45338,Field Trainer Nordrhein-Westfalen
16,https://www.arbeitnow.com/jobs/companies/landbackerei-schmidt-gmbh/mitarbeiter-in-der-backstube-in-leupoldishain-bei-konigstein-453650,Mitarbeiter in der Backstube (m/w/d) in Leupoldishain bei Königstein
16,https://www.arbeitnow.com/jobs/companies/vestiairecollective/senior-staff-machine-learning-engineer-berlin-489442,Senior/Staff Machine Learning Engineer
16,https://www.arbeitnow.com/jobs/companies/caseware/account-executive-dusseldorf-germany-66322,Account Executive
16,https://www.arbeitnow.com/jobs/companies/skaylink/microsoft-copilot-studio-und-ai-solutions-consultant-hamburg-475191,Microsoft Copilot Studio und AI Solutions Consultant (m/w/d)
16,https://www.arbeitnow.com/jobs/companies/going-beyond-group-gmbh/technical-project-manager-all-genders-retail-and-window-campaigns-stuttgart-170364,Technical Project Manager (all genders) - Retail and window campaigns
16,https://www.arbeitnow.com/jobs/companies/going-beyond-group-gmbh/senior-project-manager-all-genders-stuttgart-253771,Senior Project Manager (all genders)
16,https://www.arbeitnow.com/jobs/companies/going-beyond-group-gmbh/junior-design-manager-all-genders-luxury-retail-stuttgart-71785,(Junior) Design Manager (all genders) – Luxury Retail
16,https://www.arbeitnow.com/jobs/companies/next-lotto-gmbh/senior-crm-lifecycle-manager-konstanz-262328,Senior CRM / Lifecycle Manager (m/w/d)
16,https://www.arbeitnow.com/jobs/companies/mainwebsolutions/social-media-werkstudentin-fur-mainwebsolutions-closery-wurzburg-vor-ort-83378,"Social-Media Werkstudentin (m/w/d) für Mainwebsolutions & Closery, Würzburg vor Ort"
16,https://www.arbeitnow.com/jobs/companies/brandenburger-holding-gmbh/it-systemadministratorin-landau-270244,IT-Systemadministrator:in (m/w/d)
16,https://www.arbeitnow.com/jobs/companies/sereact-gmbh/electrician-stuttgart-434696,Electrician (m/f/d)
16,https://www.arbeitnow.com/jobs/companies/secfix/business-development-representative-smb-english-speaking-berlin-472883,Business Development Representative - SMB (English-speaking)
16,https://www.arbeitnow.com/jobs/companies/almedia/working-student-graphic-designer-berlin-486774,Working Student Graphic Designer
16,https://www.arbeitnow.com/jobs/companies/almedia/creator-partnerships-manager-german-speaking-berlin-251886,Creator Partnerships Manager (German-speaking)
16,https://www.arbeitnow.com/jobs/companies/almedia/marketing-communications-manager-b2b-berlin-477409,Marketing Communications Manager (B2B)
16,https://www.arbeitnow.com/jobs/companies/yepoda/senior-accountant-berlin-378181,Senior Accountant (m/f/d)
16,https://www.arbeitnow.com/jobs/companies/yepoda/accountant-berlin-358100,Accountant (m/f/d)
16,https://www.arbeitnow.com/jobs/companies/bjak/product-lead-ai-neobank-app-germany-297695,Product Lead - AI Neobank App
16,https://www.arbeitnow.com/jobs/companies/proxima-fusion-gmbh/software-engineer-simulation-platform-munich-424378,Software Engineer - Simulation Platform
16,https://www.arbeitnow.com/jobs/companies/proxima-fusion-gmbh/senior-simulation-engineer-computational-physics-munich-435897,"Senior Simulation Engineer, Computational Physics"
16,https://www.arbeitnow.com/jobs/companies/proxima-fusion-gmbh/stellarator-integration-engineer-munich-272432,Stellarator Integration Engineer
16,https://www.arbeitnow.com/jobs/companies/roompricegenie/remote-manager-director-partnerships-dach-179805,Remote Manager (Director) Partnerships DACH (m/f/d)
16,https://www.arbeitnow.com/jobs/companies/adjoe/senior-android-developer-hamburg-6679,Senior Android Developer (f/m/d)
16,https://www.arbeitnow.com/jobs/companies/camunda/remote-lead-employment-counsel-89504,Lead Employment Counsel
16,https://www.arbeitnow.com/jobs/companies/certuss-gmbh/praktikant-produktentwicklung-datenaufbereitung-krefeld-468166,Praktikant (m/w/d) – Produktentwicklung & Datenaufbereitung
16,https://www.arbeitnow.com/jobs/companies/gusti-leder-gmbh/e-mail-marketing-manager-rostock-442107,E-Mail Marketing Manager
16,https://www.arbeitnow.com/jobs/companies/gusti-leder-gmbh/verkauferin-werkstudent-3-trier-324321,Verkäufer:in - Werkstudent (m/w/d) (3)
16,https://www.arbeitnow.com/jobs/companies/eight-advisory-sas/strategic-valuation-modeling-senior-manager-frankfurt-am-main-369531,Strategic Valuation & Modeling - Senior Manager
16,https://www.arbeitnow.com/jobs/companies/schaefer-gmbh/senior-controller-sigmaringen-485132,Senior Controller (m/w/d)
16,https://www.arbeitnow.com/jobs/companies/60-seconds-to-napoli-holding-gmbh/pizzabacker-pizzaiolo-nrw-bundesweit-417511,Pizzabäcker / Pizzaiolo (m/w/d) NRW
17,https://www.arbeitnow.com/jobs/companies/60-seconds-to-napoli-holding-gmbh/pizzabacker-pizzaiolo-norden-bundesweit-309391,Pizzabäcker / Pizzaiolo (m/w/d) Norden
17,https://www.arbeitnow.com/jobs/companies/60-seconds-to-napoli-holding-gmbh/pizzabacker-pizzaiolo-nrw-2-bundesweit-156670,Pizzabäcker / Pizzaiolo (m/w/d) NRW 2
17,https://www.arbeitnow.com/jobs/companies/60-seconds-to-napoli-holding-gmbh/pizzabacker-pizzaiolo-osten-bundesweit-93341,Pizzabäcker / Pizzaiolo (m/w/d) Osten
17,https://www.arbeitnow.com/jobs/companies/60-seconds-to-napoli-holding-gmbh/pizzabacker-pizzaiolo-sudwest-bundesweit-389562,Pizzabäcker / Pizzaiolo (m/w/d) Südwest
17,https://www.arbeitnow.com/jobs/companies/bees-bears-gmbh/werkstudent-go-to-market-partner-management-berlin-496797,Werkstudent Go-To-Market & Partner Management (m/w/d)
17,https://www.arbeitnow.com/jobs/companies/zasta-karriere/performance-creative-strategist-social-paid-berlin-253593,Performance Creative Strategist - Social & Paid (w/m/d)
17,https://www.arbeitnow.com/jobs/companies/sereni-deutschland-gmbh/teamleiter-accounting-dusseldorf-158158,Teamleiter Accounting (m/w/d)
17,https://www.arbeitnow.com/jobs/companies/heimwatt-gmbh/sales-manager-gewerbliche-photovoltaik-koln-aachener-str-466246,Sales Manager – Gewerbliche Photovoltaik (m/w/d)
17,https://www.arbeitnow.com/jobs/companies/heimwatt-gmbh/elektriker-photovoltaik-grossprojekte-koln-aachener-str-415746,Elektriker Photovoltaik Großprojekte (m/w/d)
17,https://www.arbeitnow.com/jobs/companies/dornier-medtech-gmbh/senior-electrical-engineer-dmt-germany-wessling-204650,Senior Electrical Engineer (m/f/d)
17,https://www.arbeitnow.com/jobs/companies/rise-partners-audit-gmbh/senior-hr-specialist-munchen-133043,Senior HR Specialist (m/w/d)
17,https://www.arbeitnow.com/jobs/companies/rise-partners-audit-gmbh/chief-operating-officer-coo-munchen-26801,Chief Operating Officer / COO (m/w/d)
17,https://www.arbeitnow.com/jobs/companies/aktion-mensch-ev/werkstudentin-informationssicherheit-bonn-306320,Werkstudent*in Informationssicherheit (m/w/d)
17,https://www.arbeitnow.com/jobs/companies/aktion-mensch-ev/data-engineer-junior-schwerpunkt-datenpipelines-bonn-45451,Data Engineer Junior - Schwerpunkt Datenpipelines (m/w/d)
17,https://www.arbeitnow.com/jobs/companies/aktion-mensch-ev/controllerin-senior-business-analystin-in-bonn-323226,Controller*in Senior / Business Analyst*in (m/w/d) in Bonn
17,https://www.arbeitnow.com/jobs/companies/empira-group/senior-financial-accountant-real-estate-leipzig-8227,(Senior) Financial Accountant Real Estate (m/f/d)
17,https://www.arbeitnow.com/jobs/companies/empira-group/senior-financial-accountant-real-estate-munchen-72531,(Senior) Financial Accountant Real Estate (m/f/d)
17,https://www.arbeitnow.com/jobs/companies/qonto/senior-frontend-engineer-react-remote-friendly-berlin-484204,Senior Frontend Engineer (React) - Remote friendly
17,https://www.arbeitnow.com/jobs/companies/blp-digital-ag/project-manager-functional-consultant-munich-378349,Project Manager & Functional Consultant
17,https://www.arbeitnow.com/jobs/companies/blp-digital-ag/strategic-value-engineer-presales-munich-419196,Strategic Value Engineer (Presales)
17,https://www.arbeitnow.com/jobs/companies/blp-digital-ag/enterprise-value-engineer-presales-munich-306646,Enterprise Value Engineer (Presales)
17,https://www.arbeitnow.com/jobs/companies/enpal/partner-sales-manager-konstanz-27040,Partner Sales Manager (w/m/d)
17,https://www.arbeitnow.com/jobs/companies/enpal/onboarding-managerin-berlin-285168,Onboarding Manager:in (w/m/d)
17,https://www.arbeitnow.com/jobs/companies/enpal/data-analyst-marketing-berlin-458775,Data Analyst - Marketing (w/m/d)
17,https://www.arbeitnow.com/jobs/companies/enpal/senior-associate-venture-development-berlin-186052,(Senior) Associate Venture Development (w/m/d)
17,https://www.arbeitnow.com/jobs/companies/enpal/operations-managerin-home-office-berlin-158228,Operations Manager:in | Home Office | (w/m/d)
17,https://www.arbeitnow.com/jobs/companies/enpal/account-managerin-home-office-berlin-449010,Account Manager:in | Home Office | (w/m/d)
17,https://www.arbeitnow.com/jobs/companies/ritter-von-gral-gmbh/junior-digital-campaign-manager-cottbus-311084,(Junior-) Digital Campaign Manager (m/w/d)
17,https://www.arbeitnow.com/jobs/companies/ritter-von-gral-gmbh/sales-trainee-cottbus-186611,Sales Trainee (m/w/d)
17,https://www.arbeitnow.com/jobs/companies/backerei-exner/verkaufer-trainer-berlin-363661,Verkäufer – Trainer (m/w/d)
17,https://www.arbeitnow.com/jobs/companies/atz-ag/junior-ai-automation-specialist-vor-ort-in-dortmund-258748,Junior AI-Automation Specialist (m/w/d) – vor Ort in Dortmund
17,https://www.arbeitnow.com/jobs/companies/nurnberger-wach-und-schliessgesellschaft-mbh/pforten-und-sicherheitsmitarbeiter-in-landshut-und-niederaichbach-auf-mini-job-basis-60300-eur-monat-391997,"Pforten- und Sicherheitsmitarbeiter (m/w/d) in Landshut und Niederaichbach auf Mini-Job-Basis (603,00 €/Monat)"
17,https://www.arbeitnow.com/jobs/companies/nurnberger-wach-und-schliessgesellschaft-mbh/empfangsmitarbeiter-fur-eine-bank-in-mainz-390730,Empfangsmitarbeiter (m/w/d) für eine Bank in Mainz
17,https://www.arbeitnow.com/jobs/companies/nurnberger-wach-und-schliessgesellschaft-mbh/stellvertretender-einsatzleiter-fur-den-raum-frankfurt-main-offenbach-a-main-219336,Stellvertretender Einsatzleiter (m/w/d) für den Raum Frankfurt/Main
17,https://www.arbeitnow.com/jobs/companies/backer-gortz-gmbh/mitarbeiter-personalentwicklung-training-lernkonzepte-digitale-lernwelten-ludwigshafen-424958,"Mitarbeiter Personalentwicklung (m/w/d) | Training, Lernkonzepte & digitale Lernwelten"
17,https://www.arbeitnow.com/jobs/companies/backer-gortz-gmbh/mitarbeiter-im-verkauf-kaiserslautern-227852,Mitarbeiter im Verkauf (m/w/d) - Kaiserslautern
17,https://www.arbeitnow.com/jobs/companies/backer-gortz-gmbh/filialleitung-kaiserslautern-93325,Filialleitung (m/w/d) - Kaiserslautern
17,https://www.arbeitnow.com/jobs/companies/backer-gortz-gmbh/saisonkraft-produktion-studentenjob-ludwigshafen-38669,Saisonkraft Produktion / Studentenjob (m/w/d)
17,https://www.arbeitnow.com/jobs/companies/krila-consultancy/ai-lead-genai-presales-ai-leadership-anywhere-in-germany-197856,"AI Lead (m/w/d) | GenAI, Presales & AI Leadership"
17,https://www.arbeitnow.com/jobs/companies/bobs-gastronomie-und-veranstaltungs-gmbh/holzofen-pizzaioli-fur-unsere-standorte-augsburg-231805,Holzofen-Pizzaioli (m/w/d) für unsere Standorte
17,https://www.arbeitnow.com/jobs/companies/bobs-gastronomie-und-veranstaltungs-gmbh/holzofen-pizzaioli-ingolstadt-354638,Holzofen-Pizzaioli (m/w/d) Ingolstadt
17,https://www.arbeitnow.com/jobs/companies/backer-muller-gmbh-co-kg/verkaufer-in-mainzlar-lollar-londorf-staufenberg-174597,Verkäufer (m/w/d) - in Mainzlar/Lollar/Londorf
17,https://www.arbeitnow.com/jobs/companies/hypersonica/head-of-supply-chain-munich-or-london-230,Head of Supply Chain
17,https://www.arbeitnow.com/jobs/companies/hypersonica/avionics-ait-manager-munich-2670,Avionics AIT Manager
17,https://www.arbeitnow.com/jobs/companies/welo-global/ai-trainers-network-german-germany-171911,AI Trainers Network - German
17,https://www.arbeitnow.com/jobs/companies/soda-data-nv/finance-ai-automation-intern-remote-part-time-germany-30155,Finance & AI Automation Intern (Remote Part-time)
17,https://www.arbeitnow.com/jobs/companies/soda-data-nv/finance-ai-automation-intern-remote-full-time-germany-308319,Finance & AI Automation Intern (Remote Full-time)
17,https://www.arbeitnow.com/jobs/companies/soda-data-nv/remote-ai-content-engineer-berlin-195260,AI Content Engineer
17,https://www.arbeitnow.com/jobs/companies/soulhouse/meet-connect-brasilianische-lymphdrainage-event-290926-in-dusseldorf-494034,Meet & Connect // Brasilianische Lymphdrainage Event // 29.09.26 in Düsseldorf
17,https://www.arbeitnow.com/jobs/companies/juit-gmbh/werkstudentin-retail-expansion-retail-growth-in-berlin-mitte-298112,Werkstudent:in Retail Expansion / Retail Growth (m/w/d) in Berlin Mitte
18,https://www.arbeitnow.com/jobs/companies/juit-gmbh/senior-crm-manager-berlin-358440,(Senior) CRM Manager (f/m/d)
18,https://www.arbeitnow.com/jobs/companies/leipziger-foren-services-gmbh/werkstudent-im-bereich-innovation-new-business-startups-all-people-leipzig-25486,"Werkstudent im Bereich Innovation, New Business & Startups (all people)"
18,https://www.arbeitnow.com/jobs/companies/empit/senior-elektroingenieur-analogelektronik-messtechnik-berlin-208231,Senior Elektroingenieur (m/w/d) – Analogelektronik & Messtechnik
18,https://www.arbeitnow.com/jobs/companies/eco-stor-gmbh/contract-operations-coordinator-im-bereich-supply-chain-management-munchen-87175,Contract & Operations Coordinator (m/w/d) im Bereich Supply Chain Management
18,https://www.arbeitnow.com/jobs/companies/eco-stor-gmbh/senior-purchasing-manager-munchen-259583,(Senior) Purchasing Manager (m/w/d)
18,https://www.arbeitnow.com/jobs/companies/freiheitcom-technologies/security-engineer-hamburg-144460,Security Engineer
18,https://www.arbeitnow.com/jobs/companies/clickhouse/langfuse-senior-product-engineer-germany-165284,Langfuse - Senior Product Engineer
18,https://www.arbeitnow.com/jobs/companies/clickhouse/langfuse-product-marketing-manager-germany-55221,Langfuse - Product Marketing Manager
18,https://www.arbeitnow.com/jobs/companies/clickhouse/langfuse-senior-cloud-infra-engineer-germany-196268,Langfuse - Senior Cloud Infra Engineer
18,https://www.arbeitnow.com/jobs/companies/clickhouse/langfuse-senior-backend-engineer-germany-128380,Langfuse - Senior Backend Engineer
18,https://www.arbeitnow.com/jobs/companies/clickhouse/langfuse-devrel-engineer-events-community-emea-germany-30691,"Langfuse - DevRel Engineer, Events & Community (EMEA)"
18,https://www.arbeitnow.com/jobs/companies/tactiliarobotics/working-student-thesis-strategy-operations-business-development-munich-136770,Working Student / Thesis - Strategy Operations & Business Development (f/m/d)
18,https://www.arbeitnow.com/jobs/companies/berlitz/remote-senior-technical-project-manager-2971,Senior Technical Project Manager (m/f/d)
18,https://www.arbeitnow.com/jobs/companies/berlitz/remote-senior-product-operations-manager-56491,Senior Product Operations Manager (m/f/d)
18,https://www.arbeitnow.com/jobs/companies/sunday-natural/senior-influencer-marketing-manager-all-genders-berlin-41418,Senior Influencer Marketing Manager (all genders)
18,https://www.arbeitnow.com/jobs/companies/applike-group/junior-office-manager-hamburg-174417,(Junior) Office Manager f/m/d)
18,https://www.arbeitnow.com/jobs/companies/applike-group/senior-office-manager-hamburg-418865,Senior Office Manager (f/m/d)
18,https://www.arbeitnow.com/jobs/companies/dataleap/deployment-strategist-munich-office-74664,Deployment Strategist (Munich Office)
18,https://www.arbeitnow.com/jobs/companies/ilf-consulting-engineers-germany-gmbh/contract-claim-manager-munchen-457942,Contract & Claim Manager (m/w/d)
18,https://www.arbeitnow.com/jobs/companies/ilf-consulting-engineers-germany-gmbh/senior-project-manager-bess-berlin-90733,Senior Project Manager BESS (m/w/d)
18,https://www.arbeitnow.com/jobs/companies/qinx/medical-science-liaison-manager-onkologie-hamatologie-berlin-196515,Medical Science Liaison Manager (m/w/d) Onkologie & Hämatologie
18,https://www.arbeitnow.com/jobs/companies/kult-olymp-hades/trainee-mode-und-einzelhandel-magdeburg-161879,Trainee (m/w/d) - Mode und Einzelhandel
18,https://www.arbeitnow.com/jobs/companies/maniko-nails-gmbh/remote-retail-graphic-designer-all-genders-berlin-426966,Retail Graphic Designer (all genders)
18,https://www.arbeitnow.com/jobs/companies/maniko-nails-gmbh/remote-retail-sales-coordinator-all-genders-berlin-9916,Retail Sales Coordinator (all genders)
18,https://www.arbeitnow.com/jobs/companies/boggi-milano/sales-advisor-munich-airport-munchen-102258,Sales Advisor - Munich Airport
18,https://www.arbeitnow.com/jobs/companies/holzland-becker/werkstudent-marketplaces-offenbach-am-main-20907,Werkstudent (w/m/d) Marketplaces
18,https://www.arbeitnow.com/jobs/companies/mone-consulting-gmbh-pflegekraftde/trainee-online-marketing-manager-in-bielefeld-357964,Trainee Online-Marketing-Manager/in (m/w/d)
18,https://www.arbeitnow.com/jobs/companies/sportschule-dma-schoneiche-ug/remote-kampfsporttrainer-in-voll-teilzeit-minijob-in-schoneiche-bei-berlin-125465,Kampfsporttrainer (M/W/D) in Voll/Teilzeit/Minijob in Schöneiche bei Berlin
18,https://www.arbeitnow.com/jobs/companies/jobgether/ai-video-creator-editor-germany-354108,AI Video Creator & Editor
18,https://www.arbeitnow.com/jobs/companies/jobgether/ai-analytics-account-executive-germany-369061,AI Analytics Account Executive
18,https://www.arbeitnow.com/jobs/companies/propellerhead/move-to-new-zealand-technical-strategist-solution-architect-berlin-87854,Move to New Zealand - Technical Strategist (Solution Architect)
18,https://www.arbeitnow.com/jobs/companies/propellerhead/move-to-new-zealand-senior-software-engineer-berlin-273021,Move to New Zealand - Senior Software Engineer
18,https://www.arbeitnow.com/jobs/companies/rws-trainai/speech-ai-evaluation-specialist-german-germany-berlin-430003,Speech AI Evaluation Specialist - German (Germany)
18,https://www.arbeitnow.com/jobs/companies/bewerbung-uniplan/werkstudent-projektentwicklung-dresden-449062,Werkstudent Projektentwicklung (m/w/d)
18,https://www.arbeitnow.com/jobs/companies/bewerbung-uniplan/werkstudent-marktanalyse-vertriebskonzeption-im-bereich-biologische-landwirtschaft-dresden-493621,Werkstudent (m/w/d) – Marktanalyse & Vertriebskonzeption im Bereich Biologische Landwirtschaft
18,https://www.arbeitnow.com/jobs/companies/undkrauss/projektleiter-teamleiter-architektur-oder-senior-architekt-mit-teamverantwortung-berlin-182837,Projektleiter / Teamleiter Architektur (m/w/d) oder Senior Architekt mit Teamverantwortung (m/w/d)
18,https://www.arbeitnow.com/jobs/companies/tmh/werkstudent-produktmanagement-munchen-266265,Werkstudent (m/w/d) Produktmanagement
18,https://www.arbeitnow.com/jobs/companies/tmh/team-lead-analytics-risk-munchen-120193,Team Lead Analytics & Risk (m/f/d)
18,https://www.arbeitnow.com/jobs/companies/tmh/senior-ecommerce-manager-munchen-272672,Senior eCommerce Manager (m/w/d)
18,https://www.arbeitnow.com/jobs/companies/tmh/product-manager-home-energy-solution-b2c-munchen-338185,Product Manager (m/f/d) Home Energy Solution (B2C)
18,https://www.arbeitnow.com/jobs/companies/tmh/ai-solutions-engineer-munchen-324708,AI Solutions Engineer (m/w/d)
18,https://www.arbeitnow.com/jobs/companies/maxsolar/senior-project-manager-rooftop-pv-systems-emobility-bess-frankfurt-am-main-42990,(Senior) Project Manager (m/w/d) - Rooftop PV Systems (Emobility & BESS)
18,https://www.arbeitnow.com/jobs/companies/hirschen-group-gmbh/werkstudentin-strategy-research-berlin-schlesische-strasse-26-86037,Werkstudent*in Strategy / Research (w/m/d)
18,https://www.arbeitnow.com/jobs/companies/hirschen-group-gmbh/typo3-developer-senior-mid-level-dresden-altmarkt-21-22-395375,TYPO3 Developer - Senior & Mid-Level (w/m/d)
18,https://www.arbeitnow.com/jobs/companies/hirschen-group-gmbh/client-service-director-public-sector-dresden-altmarkt-21-22-230393,Client Service Director-Public Sector (w/m/d)
18,https://www.arbeitnow.com/jobs/companies/samba-tv/account-executive-hamburg-189539,Account Executive
18,https://www.arbeitnow.com/jobs/companies/westernacher/senior-sap-tm-bn4l-consultant-heidelberg-germany-31886,Senior SAP TM & BN4L Consultant (f/m/d)
18,https://www.arbeitnow.com/jobs/companies/external-development-gmbh/manager-sap-basis-solutions-mannheim-461688,Manager SAP Basis Solutions (m/w/d)
18,https://www.arbeitnow.com/jobs/companies/external-development-gmbh/manager-source-to-pay-solutions-mannheim-76479,Manager Source to Pay Solutions (m/w/d)
18,https://www.arbeitnow.com/jobs/companies/makersite-gmbh/remote-senior-data-scientist-berlin-416549,Senior Data Scientist (m/f/x)
19,https://www.arbeitnow.com/jobs/companies/tabel-gmbh/personal-de-curatenie-pentru-containere-de-locuit-cu-norma-intreaga-in-oberfrohna-germania-limbach-oberfrohna-432593,"Personal de curățenie – pentru containere de locuit, cu normă întreagă, în Oberfrohna, Germania"
19,https://www.arbeitnow.com/jobs/companies/tabel-gmbh/takarito-lakokontenerekhez-teljes-munkaidoben-oberfrohna-varosaban-limbach-oberfrohna-413018,"Takarító – lakókonténerekhez, teljes munkaidőben, Oberfrohna városában"
19,https://www.arbeitnow.com/jobs/companies/tabel-gmbh/reinigungskraft-fur-wohncontainer-teilzeit-in-hamburg-298534,Reinigungskraft (m/w/d) – für Wohncontainer Teilzeit in Hamburg
19,https://www.arbeitnow.com/jobs/companies/wortmann-kg-internationale-schuhproduktionen/praktikant-im-bereich-online-marketing-detmold-429007,Praktikant (m/w/d) im Bereich Online Marketing
19,https://www.arbeitnow.com/jobs/companies/tester-work/remote-ai-enthusiasts-wanted-in-germany-germany-anywhere-442462,AI Enthusiasts wanted in Germany
19,https://www.arbeitnow.com/jobs/companies/intersnack-it-kg/erp-rollout-project-manager-manufacturing-supply-chain-dusseldorf-321857,ERP Rollout Project Manager – Manufacturing & Supply Chain
19,https://www.arbeitnow.com/jobs/companies/celebrate-company-gmbh/remote-senior-performance-marketing-managerin-gilching-235080,Senior Performance Marketing Manager:in (m/w/d)
19,https://www.arbeitnow.com/jobs/companies/angeheuert-gmbh/remote-senior-consultant-finance-solutions-baden-wurttemberg-113889,Senior Consultant (m/w/d) Finance Solutions
19,https://www.arbeitnow.com/jobs/companies/angeheuert-gmbh/remote-senior-consultant-bi-konsolidierung-stuttgart-236957,Senior Consultant (m/w/d) BI & Konsolidierung
19,https://www.arbeitnow.com/jobs/companies/angeheuert-gmbh/remote-karriereschritt-controller-zum-senior-consultant-bayern-306736,Karriereschritt ✔️ Controller zum Senior Consultant (m/w/d)
19,https://www.arbeitnow.com/jobs/companies/lippe-personal-gmbh/remote-no-code-e-mail-marketing-spezialist-dusseldorf-27252,No-Code & E-Mail-Marketing Spezialist (m/w/d)
19,https://www.arbeitnow.com/jobs/companies/distribusion-technologies/remote-business-development-manager-eu-airport-transfers-all-genders-384565,"Business Development Manager, EU Airport transfers (all genders)"
19,https://www.arbeitnow.com/jobs/companies/distribusion-technologies/remote-technical-product-manager-api-integrations-all-genders-berlin-234093,"Technical Product Manager, API Integrations (all genders)"
19,https://www.arbeitnow.com/jobs/companies/arsipa-gmbh/fachkraft-fur-arbeitssicherheit-grossraum-rodgau-hanau-fulda-frankfurt-am-main-dienstwagen-inkl-tankkarte-zur-privaten-nutzung-apus-193210,Fachkraft für Arbeitssicherheit (w/m/d) - Großraum Rodgau / Hanau / Fulda / Frankfurt am Main | Dienstwagen inkl. Tankkarte zur privaten Nutzung (APUS)
19,https://www.arbeitnow.com/jobs/companies/arsipa-gmbh/fachkraft-fur-arbeitssicherheit-grossraum-frankfurt-am-main-dienstwagen-inkl-tankkarte-zur-privaten-nutzung-apus-392005,Fachkraft für Arbeitssicherheit (w/m/d) - Großraum Frankfurt am Main | Dienstwagen inkl. Tankkarte zur privaten Nutzung (APUS)
19,https://www.arbeitnow.com/jobs/companies/weekday-1/remote-disability-claims-underwriting-specialist-germany-455798,Disability Claims & Underwriting Specialist
19,https://www.arbeitnow.com/jobs/companies/storymachine-gmbh/werkstudentin-operations-berlin-118729,Werkstudent:in Operations (m/w/d)
19,https://www.arbeitnow.com/jobs/companies/kleines-kraftwerk-de-gmbh/senior-seo-ai-search-manager-expert-level-seo-geo-e-commerce-achim-hybrid-achim-bei-bremen-52371,"Senior SEO & AI Search Manager (Expert Level) | SEO, GEO & E-Commerce | Achim, hybrid"
19,https://www.arbeitnow.com/jobs/companies/kleines-kraftwerk-de-gmbh/senior-crm-managerin-lifecycle-retention-i-e-commerce-i-growth-i-achim-hybrid-achim-bei-bremen-107966,"Senior CRM Manager:in (Lifecycle & Retention) I E-Commerce I Growth I Achim, hybrid"
19,https://www.arbeitnow.com/jobs/companies/kleines-kraftwerk-de-gmbh/senior-creative-strategistin-performance-marketing-paid-social-i-achim-hybrid-achim-bei-bremen-283101,"Senior Creative Strategist:in – Performance Marketing & Paid Social I Achim, hybrid"
19,https://www.arbeitnow.com/jobs/companies/gocomo-gmbh/werkstudent-graphic-social-media-design-berlin-197018,Werkstudent (m/w/d) - Graphic & Social Media Design
19,https://www.arbeitnow.com/jobs/companies/gocomo-gmbh/senior-strategy-manager-berlin-37412,Senior Strategy Manager (m/w/d)
19,https://www.arbeitnow.com/jobs/companies/gocomo-gmbh/senior-creative-berlin-125728,Senior Creative (m/w/d)
19,https://www.arbeitnow.com/jobs/companies/gocomo-gmbh/senior-financial-controller-berlin-490393,(Senior) Financial Controller (m/w/d)
19,https://www.arbeitnow.com/jobs/companies/gocomo-gmbh/senior-creator-marketing-coordinator-berlin-21104,(Senior) Creator Marketing Coordinator (m/w/d)
19,https://www.arbeitnow.com/jobs/companies/pammys-dieseo-gmbh/senior-funnel-specialist-hamburg-30427,Senior Funnel Specialist (m/w/d)
19,https://www.arbeitnow.com/jobs/companies/pammys-dieseo-gmbh/senior-creative-strategist-social-ads-ugc-hamburg-119147,Senior Creative Strategist – Social Ads / UGC (m/w/d)
19,https://www.arbeitnow.com/jobs/companies/pammys-dieseo-gmbh/senior-digital-strategist-hamburg-30677,(Senior) Digital Strategist (m/w/d)
19,https://www.arbeitnow.com/jobs/companies/kloepfel-consulting-gmbh/werkstudent-im-vertrieb-dusseldorf-77586,Werkstudent (w/m/d) im Vertrieb
19,https://www.arbeitnow.com/jobs/companies/palabra/werkstudent-logopadoie-nurnberg-434398,Werkstudent (m/w/d) Logopädoie - Nürnberg
19,https://www.arbeitnow.com/jobs/companies/palabra/werkstudent-logopadie-frankfurt-frankfurt-am-sachsenhausen-373210,Werkstudent (m/w/d) Logopädie - Frankfurt
19,https://www.arbeitnow.com/jobs/companies/palabra/werkstudent-ergotherapie-munchen-149654,Werkstudent (m/w/d) Ergotherapie - München
19,https://www.arbeitnow.com/jobs/companies/palabra/werkstudent-ergotherapie-frankfurt-frankfurt-am-sachsenhausen-290011,Werkstudent (m/w/d) Ergotherapie - Frankfurt
19,https://www.arbeitnow.com/jobs/companies/tsmg/aircraft-painter-munich-185819,Aircraft Painter
19,https://www.arbeitnow.com/jobs/companies/tsmg/remote-ai-text-validation-specialist-german-language-182891,AI Text Validation Specialist (German language)
19,https://www.arbeitnow.com/jobs/companies/tsmg/ai-tester-german-speaker-munich-42766,AI Tester – German Speaker
19,https://www.arbeitnow.com/jobs/companies/lovehoney-group/paid-social-manager-berlin-65412,Paid Social Manager
19,https://www.arbeitnow.com/jobs/companies/lovehoney-group/ai-innovation-and-enablement-specialist-berlin-242817,AI Innovation and Enablement Specialist
19,https://www.arbeitnow.com/jobs/companies/webmatch-gmbh/ui-designer-schwerpunkt-e-commerce-mit-einer-prise-ux-cologne-338411,UI-Designer Schwerpunkt E-Commerce (m/w/d)
19,https://www.arbeitnow.com/jobs/companies/southwestx/ceo-business-co-founder-role-at-startup-ixplain-kaiserslautern-458117,CEO / Business Co-Founder (f/m/d) role at startup IXPLAIN
19,https://www.arbeitnow.com/jobs/companies/gateway-to-germany/arbeitsvorbereiter-fur-den-innenausbau-im-retail-gastronomie-buro-und-freizeit-hamburg-436225,"Arbeitsvorbereiter (m/w/d) für den Innenausbau im Retail, Gastronomie, Büro und Freizeit"
19,https://www.arbeitnow.com/jobs/companies/cordes-consulting-gmbh/senior-marketing-manager-in-vollzeit-hamburg-372578,Senior Marketing Manager/in – Vollzeit (m/w/d)
19,https://www.arbeitnow.com/jobs/companies/cordes-consulting-gmbh/senior-recruiter-vollzeit-hamburg-89285,Senior Recruiter - Vollzeit (m/w/d)
19,https://www.arbeitnow.com/jobs/companies/cordes-consulting-gmbh/trainee-it-systemintegrator-no-code-low-code-zapier-makecom-n8n-airtable-etc-hamburg-201947,"Trainee IT-Systemintegrator No-Code / Low-Code (m/w/d) – (Zapier, Make.com, n8n, AirTable etc.)"
19,https://www.arbeitnow.com/jobs/companies/cordes-consulting-gmbh/senior-it-projektleiter-hamburg-66347,Senior-IT-Projektleiter (m/w/d)
19,https://www.arbeitnow.com/jobs/companies/cordes-consulting-gmbh/trainee-no-code-low-code-automatisierungsexperte-vollzeit-zapier-makecom-n8n-airtable-etc-hamburg-191533,"Trainee No-Code / Low-Code Automatisierungsexperte (m/w/d) – Vollzeit (Zapier, Make.com, n8n, AirTable etc.)"
19,https://www.arbeitnow.com/jobs/companies/cordes-consulting-gmbh/junior-it-systemintegrator-no-code-low-code-zapier-makecom-n8n-airtable-etc-hamburg-382613,"Junior IT-Systemintegrator No-Code / Low-Code (m/w/d) – (Zapier, Make.com, n8n, AirTable etc.)"
19,https://www.arbeitnow.com/jobs/companies/cordes-consulting-gmbh/senior-it-systemintegrator-no-code-low-code-zapier-makecom-n8n-airtable-etc-hamburg-87072,"Senior IT-Systemintegrator No-Code / Low-Code (m/w/d) – (Zapier, Make.com, n8n, AirTable etc.)"
19,https://www.arbeitnow.com/jobs/companies/cordes-consulting-gmbh/junior-fachinformatiker-in-vollzeit-hamburg-53528,Junior Fachinformatiker/-in (m/w/d) – Vollzeit
19,https://www.arbeitnow.com/jobs/companies/cordes-consulting-gmbh/junior-wirtschaftsinformatiker-in-vollzeit-hamburg-482074,Junior Wirtschaftsinformatiker/-in - Vollzeit (m/w/d)
20,https://www.arbeitnow.com/jobs/companies/cordes-consulting-gmbh/fullstack-entwickler-hamburg-480998,Fullstack Entwickler (m/w/d)
20,https://www.arbeitnow.com/jobs/companies/cordes-consulting-gmbh/senior-fullstack-entwickler-hamburg-169658,Senior Fullstack Entwickler (m/w/d)
20,https://www.arbeitnow.com/jobs/companies/cordes-consulting-gmbh/wirtschaftsinformatiker-in-vollzeit-hamburg-260639,Wirtschaftsinformatiker/-in - Vollzeit (m/w/d)
20,https://www.arbeitnow.com/jobs/companies/cordes-consulting-gmbh/fachinformatiker-in-vollzeit-hamburg-260109,Fachinformatiker/-in (m/w/d) – Vollzeit
20,https://www.arbeitnow.com/jobs/companies/cordes-consulting-gmbh/trainee-social-media-manager-in-quereinstieg-moglich-hamburg-100419,Trainee Social-Media-Manager/-in (m/w/d) (Quereinstieg möglich)
20,https://www.arbeitnow.com/jobs/companies/cordes-consulting-gmbh/senior-social-media-manager-in-hamburg-255688,Senior Social-Media-Manager/-in (m/w/d)
20,https://www.arbeitnow.com/jobs/companies/cordes-consulting-gmbh/senior-fachinformatiker-in-vollzeit-hamburg-83596,Senior Fachinformatiker/-in (m/w/d) – Vollzeit
20,https://www.arbeitnow.com/jobs/companies/cordes-consulting-gmbh/senior-no-code-low-code-automatisierungsexperte-vollzeit-zapier-makecom-n8n-airtable-etc-hamburg-43116,"Senior No-Code / Low-Code Automatisierungsexperte (m/w/d) – Vollzeit (Zapier, Make.com, n8n, AirTable etc.)"
20,https://www.arbeitnow.com/jobs/companies/cordes-consulting-gmbh/senior-automatisierungs-und-integrationsspezialist-hamburg-391128,Senior Automatisierungs- und Integrationsspezialist (m/w/d)
20,https://www.arbeitnow.com/jobs/companies/cordes-consulting-gmbh/senior-wirtschaftsinformatiker-in-vollzeit-hamburg-13976,Senior Wirtschaftsinformatiker/-in - Vollzeit (m/w/d)
20,https://www.arbeitnow.com/jobs/companies/cordes-consulting-gmbh/no-code-low-code-automatisierungsexperte-vollzeit-zapier-makecom-n8n-airtable-etc-hamburg-236325,"No-Code / Low-Code Automatisierungsexperte (m/w/d) – Vollzeit (Zapier, Make.com, n8n, AirTable etc.)"
20,https://www.arbeitnow.com/jobs/companies/cordes-consulting-gmbh/trainee-kundenbetreuer-customer-success-manager-hamburg-458980,Trainee – Kundenbetreuer / Customer Success Manager (m/w/d)
20,https://www.arbeitnow.com/jobs/companies/cordes-consulting-gmbh/trainee-strategieberatung-vollzeit-hamburg-339288,Trainee Strategieberatung (m/w/d) – Vollzeit
20,https://www.arbeitnow.com/jobs/companies/cordes-consulting-gmbh/trainee-projektmanagement-quereinstieg-moglich-hamburg-289149,Trainee Projektmanagement (Quereinstieg möglich) (m/w/d)
20,https://www.arbeitnow.com/jobs/companies/cordes-consulting-gmbh/trainee-key-account-management-quereinstieg-moglich-hamburg-245259,Trainee Key-Account-Management (Quereinstieg möglich) (m/w/d)
20,https://www.arbeitnow.com/jobs/companies/cordes-consulting-gmbh/senior-key-account-manager-in-vollzeit-hamburg-315980,Senior Key-Account-Manager/in - Vollzeit (m/w/d)
20,https://www.arbeitnow.com/jobs/companies/cordes-consulting-gmbh/senior-projektmanager-vollzeit-hamburg-30053,Senior Projektmanager - Vollzeit (m/w/d)
20,https://www.arbeitnow.com/jobs/companies/cordes-consulting-gmbh/online-marketing-trainee-hamburg-356009,Online-Marketing-Trainee (m/w/d)
20,https://www.arbeitnow.com/jobs/companies/cordes-consulting-gmbh/grafikdesigner-in-vollzeit-hamburg-450770,Grafikdesigner/in – Vollzeit (m/w/d)
20,https://www.arbeitnow.com/jobs/companies/cordes-consulting-gmbh/senior-performance-marketer-in-vollzeit-hamburg-365199,Senior-Performance-Marketer/in – Vollzeit (m/w/d)
20,https://www.arbeitnow.com/jobs/companies/cordes-consulting-gmbh/senior-kundenbetreuer-customer-success-manager-hamburg-190495,Senior Kundenbetreuer / Customer Success Manager (m/w/d)
20,https://www.arbeitnow.com/jobs/companies/cordes-consulting-gmbh/junior-grafikdesigner-in-vollzeit-hamburg-427627,Junior Grafikdesigner/in – Vollzeit (m/w/d)
20,https://www.arbeitnow.com/jobs/companies/cordes-consulting-gmbh/senior-grafikdesigner-in-vollzeit-hamburg-470377,Senior Grafikdesigner/in – Vollzeit (m/w/d)
20,https://www.arbeitnow.com/jobs/companies/cordes-consulting-gmbh/senior-webdesigner-vollzeit-hamburg-13103,Senior Webdesigner - Vollzeit (m/w/d)
20,https://www.arbeitnow.com/jobs/companies/cordes-consulting-gmbh/senior-foto-videograph-in-vollzeit-hamburg-312381,Senior Foto- & Videograph/-in - Vollzeit (m/w/d)
20,https://www.arbeitnow.com/jobs/companies/cordes-consulting-gmbh/senior-media-buyer-vollzeit-hamburg-344913,Senior Media-Buyer – Vollzeit (m/w/d)
20,https://www.arbeitnow.com/jobs/companies/cordes-consulting-gmbh/trainee-recruiter-vollzeit-quereinstieg-moglich-hamburg-218518,Trainee Recruiter - Vollzeit (m/w/d) (Quereinstieg möglich)
20,https://www.arbeitnow.com/jobs/companies/tytan-technologies-gmbh/operations-trainee-munich-359104,Operations Trainee (f/m/d)
20,https://www.arbeitnow.com/jobs/companies/tytan-technologies-gmbh/uav-and-flight-test-engineer-munich-138097,UAV and Flight Test Engineer (f/m/d)
20,https://www.arbeitnow.com/jobs/companies/tytan-technologies-gmbh/trainee-lawyer-research-assistant-referendar-munich-267686,Trainee lawyer / research assistant (Referendar)
20,https://www.arbeitnow.com/jobs/companies/bps-immotax-gmbh-steuerberatungsgesellschaft/steuerberaterin-als-teamleiter-operative-steuerberatung-koblenz-435640,Steuerberater*in - Als Teamleiter operative Steuerberatung (m/w/d)
20,https://www.arbeitnow.com/jobs/companies/immo-marketer/werkstudent-in-finanzbuchhaltung-schwerpunkt-forderungsmanagement-bochum-411351,Werkstudent/-in (m/w/d) Finanzbuchhaltung (Schwerpunkt Forderungsmanagement)
20,https://www.arbeitnow.com/jobs/companies/immo-marketer/werkstudent-in-in-der-telefonischen-immobilienberatung-20-stunden-woche-bochum-330324,Werkstudent/-in (m/w/d) in der telefonischen Immobilienberatung (20 Stunden / Woche)
20,https://www.arbeitnow.com/jobs/companies/immo-marketer/grafikdesigner-in-vollzeit-bochum-445808,Grafikdesigner (m/w/d) in Vollzeit
20,https://www.arbeitnow.com/jobs/companies/immo-marketer/trainee-social-media-manager-in-vollzeit-bochum-133226,Trainee Social-Media Manager (m/w/d) in Vollzeit
20,https://www.arbeitnow.com/jobs/companies/valeara/werkstudenten-berlin-tegel-228447,Werkstudenten (m/w/d)
20,https://www.arbeitnow.com/jobs/companies/lifelink-medical-gmbh/fachinformatiker-im-medizinischen-umfeld-lifelink-nuklearmedizin-bremen-319281,Fachinformatiker im medizinischen Umfeld (m/w/d)
20,https://www.arbeitnow.com/jobs/companies/kopfsachen/fundraising-partnerships-managerin-berlin-139410,Fundraising & Partnerships Manager*in (m/w/d)
20,https://www.arbeitnow.com/jobs/companies/opentas/senior-marketing-specialist-hamburg-307644,Senior Marketing Specialist (w/m/d)
20,https://www.arbeitnow.com/jobs/companies/stark/flight-test-engineer-onsite-test-coordinator-all-genders-berlin-42204,Flight Test Engineer & Onsite Test Coordinator (all genders)
20,https://www.arbeitnow.com/jobs/companies/verivox/werkstudent-seo-content-berlin-238653,Werkstudent SEO & Content (m/w/d)
20,https://www.arbeitnow.com/jobs/companies/verivox/werkstudent-office-management-heidelberg-217055,Werkstudent Office Management (m/w/d)
20,https://www.arbeitnow.com/jobs/companies/verivox/werkstudent-facility-management-heidelberg-312593,Werkstudent Facility Management (m/w/d)
20,https://www.arbeitnow.com/jobs/companies/verivox/werkstudent-customer-service-hybrid-heidelberg-362627,Werkstudent Customer Service (m/w/d) Hybrid
20,https://www.arbeitnow.com/jobs/companies/verivox/senior-it-services-lead-heidelberg-2620,Senior IT Services Lead (m/w/d)
20,https://www.arbeitnow.com/jobs/companies/voiio/senior-python-software-engineer-gn-part-time-or-full-time-berlin-285606,Senior Python Software Engineer (gn) / part-time or full-time
20,https://www.arbeitnow.com/jobs/companies/kaiserwetter/servicekraft-im-kaiserwetter-deli-deli-bleichenbrucke-hamburg-314335,Servicekraft (m/w/d) im Kaiserwetter Deli
20,https://www.arbeitnow.com/jobs/companies/kaiserwetter/barista-im-kaiserwetter-deli-deli-bleichenbrucke-hamburg-320639,Barista (m/w/d) im Kaiserwetter Deli
20,https://www.arbeitnow.com/jobs/companies/canarytechnologies/associate-account-executive-dach-german-speaking-germany-400572,Associate Account Executive - DACH (German Speaking)
20,https://www.arbeitnow.com/jobs/companies/home-co-management-gmbh/analyst-associate-real-estate-acquisitions-frankfurt-am-main-23372,Analyst/Associate Real Estate Acquisitions
21,https://www.arbeitnow.com/jobs/companies/home-co-management-gmbh/real-estate-acquisitions-off-cycle-internship-frankfurt-am-main-314417,Real Estate Acquisitions - Off-cycle Internship
21,https://www.arbeitnow.com/jobs/companies/enter-by-baupal-gmbh/recruiter-talent-acquisition-schwerpunkt-sales-recruiting-berlin-155937,Recruiter / Talent Acquisition (m/w/d) - Schwerpunkt Sales Recruiting
21,https://www.arbeitnow.com/jobs/companies/sancovia-gruppe/praktikant-ma-q4-2026-frankfurt-am-main-161850,Praktikant M&A (m/w/d) Q4 2026
21,https://www.arbeitnow.com/jobs/companies/ai-coustics/junior-growth-marketer-berlin-211095,Junior Growth Marketer
21,https://www.arbeitnow.com/jobs/companies/hotel-deimann/masseur-physiotherapeuth-deimann-spa-schmallenberg-458104,Masseur / Physiotherapeuth (m/w/d) - Deimann Spa
21,https://www.arbeitnow.com/jobs/companies/kryptos-technologies-limited/edi-developer-technical-lead-eschborn-271767,EDI Developer/ Technical Lead
21,https://www.arbeitnow.com/jobs/companies/orbem/director-of-field-operations-munich-232472,Director of Field Operations (f/m/d)
21,https://www.arbeitnow.com/jobs/companies/vinci4d/principal-thermal-mechanical-engineer-munich-germany-237367,"Principal Thermal-Mechanical Engineer-Munich, Germany"
21,https://www.arbeitnow.com/jobs/companies/lightspeedhq/german-speaking-support-specialist-berlin-135826,German speaking Support Specialist
21,https://www.arbeitnow.com/jobs/companies/lightspeedhq/dutch-speaking-support-specialist-berlin-39040,Dutch speaking Support Specialist
21,https://www.arbeitnow.com/jobs/companies/thorit/expert-solution-architect-ai-enterprise-all-genders-boblingen-13441,"Expert Solution Architect, AI & Enterprise (all genders)"
21,https://www.arbeitnow.com/jobs/companies/legora/legal-engineer-tax-audit-munich-441533,"Legal Engineer - Tax & Audit, Munich"
21,https://www.arbeitnow.com/jobs/companies/paqato-gmbh/product-manager-b2b-saas-munster-207246,(Senior) Product Manager (B2B/SaaS) m/w/d
21,https://www.arbeitnow.com/jobs/companies/tylko/retail-team-lead-berlin-flagship-store-115936,Retail Team Lead (Berlin Flagship Store)
21,https://www.arbeitnow.com/jobs/companies/ennovationhub/senior-google-ads-specialist-international-ecommerce-berlin-asap-364567,Senior Google Ads Specialist | International Ecommerce | Berlin ASAP
21,https://www.arbeitnow.com/jobs/companies/lamm-hr-gmbh/mtla-mensch-labormedizin-klinische-chemie-hamatologie-labor-mainz-224082,"MTLA (Mensch) – Labormedizin, Klinische Chemie & Hämatologie | Labor Mainz"
21,https://www.arbeitnow.com/jobs/companies/lamm-hr-gmbh/mtla-mensch-mikrobiologie-infektionsdiagnostik-labormedizin-labor-mainz-135372,"MTLA (Mensch) – Mikrobiologie, Infektionsdiagnostik & Labormedizin | Labor Mainz"
21,https://www.arbeitnow.com/jobs/companies/natuvion-gmbh/remote-account-executive-berlin-489395,Account Executive (m/w/d)
21,https://www.arbeitnow.com/jobs/companies/emetriq-gmbh/campaign-manager-dooh-hamburg-45871,Campaign Manager DOOH (m/w/d)
21,https://www.arbeitnow.com/jobs/companies/emetriq-gmbh/programmatic-manager-display-paid-social-bonn-162938,Programmatic Manager Display & Paid Social (m/w/d)
21,https://www.arbeitnow.com/jobs/companies/hall-tabakwaren-ek/auszubildender-zum-kaufmann-fur-buromanagement-in-plaidt-237841,Auszubildender (m/w/d) zum Kaufmann für Büromanagement in Plaidt
21,https://www.arbeitnow.com/jobs/companies/hall-tabakwaren-ek/auszubildender-zum-kaufmann-fur-gross-und-aussenhandelsmanagement-in-plaidt-185938,Auszubildender (m/w/d) zum Kaufmann für Groß- und Außenhandelsmanagement in Plaidt
21,https://www.arbeitnow.com/jobs/companies/hall-tabakwaren-ek/auszubildender-fachkraft-fur-lagerlogistik-in-plaidt-339653,Auszubildender (m/w/d) Fachkraft für Lagerlogistik in Plaidt
21,https://www.arbeitnow.com/jobs/companies/octopus-energy-group/dialogerin-fundraiserin-dein-upgrade-festanstellung-berlin-de-425870,Dialoger*in / Fundraiser*in (m/w/d) Dein Upgrade: Festanstellung
21,https://www.arbeitnow.com/jobs/companies/octopus-energy-group/dialogerin-fundraiserin-dein-upgrade-festanstellung-koln-de-440001,Dialoger*in / Fundraiser*in (m/w/d) Dein Upgrade: Festanstellung
21,https://www.arbeitnow.com/jobs/companies/abc-industries/retail-sales-associate-berlin-358248,Retail Sales Associate
21,https://www.arbeitnow.com/jobs/companies/pigment/solution-consultant-supply-chain-germany-314011,"Solution Consultant, Supply Chain - Germany"
21,https://www.arbeitnow.com/jobs/companies/channel-factory/social-client-solutions-manager-paid-social-meta-ads-munich-5744,Social Client Solutions Manager (Paid social/ Meta Ads)
21,https://www.arbeitnow.com/jobs/companies/channel-factory/social-client-solutions-manager-paid-social-meta-ads-hamburg-473000,Social Client Solutions Manager (Paid social/ Meta Ads)
21,https://www.arbeitnow.com/jobs/companies/welectron/werkstudentin-fullstack-developer-erp-prozessautomatisierung-karlsruhe-36099,Werkstudent:in Fullstack Developer - ERP & Prozessautomatisierung (m/w/d)
21,https://www.arbeitnow.com/jobs/companies/oniq/working-student-intern-sales-business-development-cologne-372419,Working Student/Intern Sales & Business Development (f/m/d)
21,https://www.arbeitnow.com/jobs/companies/ryd/senior-legal-counsel-perspektive-general-counsel-munchen-100435,Senior Legal Counsel (m/w/d) – Perspektive General Counsel
21,https://www.arbeitnow.com/jobs/companies/niboline-gmbh/working-student-graphic-design-e-commerce-all-genders-berlin-77629,Working Student – Graphic Design E-Commerce (all genders)
21,https://www.arbeitnow.com/jobs/companies/ckm-group/werkstudent-strategie-business-development-berlin-218653,Werkstudent Strategie & Business Development (m/w/d)
21,https://www.arbeitnow.com/jobs/companies/ckm-group/praktikant-operations-office-management-berlin-290833,Praktikant Operations & Office Management (m/w/d)
21,https://www.arbeitnow.com/jobs/companies/ecovacs-europe-gmbh/working-student-hr-recruitment-dusseldorf-141717,Working Student HR & Recruitment (m/f/d)
21,https://www.arbeitnow.com/jobs/companies/derichebourg/training-coordinator-trainer-hamburg-112149,Training Coordinator / Trainer
21,https://www.arbeitnow.com/jobs/companies/new-flag-gmbh/senior-global-product-brand-manager-hair-professional-munchen-309600,(Senior) Global Product & Brand Manager (m/w/d) | Hair Professional
21,https://www.arbeitnow.com/jobs/companies/submariner-network/senior-programme-manager-eu-projects-all-genders-berlin-152240,Senior Programme Manager - EU Projects (all genders)
21,https://www.arbeitnow.com/jobs/companies/sonarsource/ai-researcher-post-training-bochum-331927,AI Researcher - Post-Training (f/m/d)
21,https://www.arbeitnow.com/jobs/companies/360learning/remote-trainer-emea-178634,Trainer EMEA
21,https://www.arbeitnow.com/jobs/companies/360learning/remote-head-of-gtm-systems-ai-294580,Head of GTM Systems & AI (m/f/d)
21,https://www.arbeitnow.com/jobs/companies/intermate-media-gmbh/junior-projektmanagerin-gn-social-media-influencer-marketing-berlin-167741,Junior Projektmanager:in (gn) - Social Media & Influencer Marketing
21,https://www.arbeitnow.com/jobs/companies/intermate-media-gmbh/senior-motion-vfx-designer-gn-berlin-213353,Senior Motion & VFX Designer (gn)
21,https://www.arbeitnow.com/jobs/companies/bauwatch-group/senior-key-account-manager-renewable-energy-wind-niedersachsen-217976,(Senior) Key Account Manager - Renewable Energy (Wind)
21,https://www.arbeitnow.com/jobs/companies/mittwald-cm-service-gmbh-co-kg/devops-engineer-espelkamp-379934,DevOps Engineer (m/w/d)
21,https://www.arbeitnow.com/jobs/companies/ennovationhub/senior-google-ads-specialist-international-ecommerce-berlin-asap-186242,Senior Google Ads Specialist | International Ecommerce | Berlin ASAP
21,https://www.arbeitnow.com/jobs/companies/digiheads-gmbh/trainee-online-marketing-vollzeit-dortmund-366885,Trainee Online Marketing – Vollzeit (m/w/d)
21,https://www.arbeitnow.com/jobs/companies/sheriff-security-gmbh/junior-business-development-manager-cybersecurity-stuttgart-224397,Junior Business Development Manager - Cybersecurity (m/w/d)
21,https://www.arbeitnow.com/jobs/companies/horbach-berlin/praktikum-bei-horbach-berlin-financial-consulting-343155,Praktikum (m/w/d) bei Horbach Berlin: Financial Consulting
22,https://www.arbeitnow.com/jobs/companies/horbach-berlin/trainee-financial-consulting-entrepreneurship-und-ihk-qualifikation-berlin-333428,Trainee (m/w/d) Financial Consulting: Entrepreneurship und IHK-Qualifikation
22,https://www.arbeitnow.com/jobs/companies/skalar/steuerberaterin-munich-306660,Steuerberater:in (w/m/d)
22,https://www.arbeitnow.com/jobs/companies/vireo-ventures/working-student-investor-relations-fundraising-all-genders-berlin-413992,Working Student – Investor Relations & Fundraising (all genders)
22,https://www.arbeitnow.com/jobs/companies/valaeon/strategy-consulting-intern-all-genders-cologne-400928,Strategy Consulting Intern (all genders)
22,https://www.arbeitnow.com/jobs/companies/klickkonzept-by-cosmo5/online-marketing-trainee-frankfurt-am-main-342994,Online Marketing Trainee (m/w/d)
22,https://www.arbeitnow.com/jobs/companies/klickkonzept-by-cosmo5/amazon-advertising-manager-retail-media-manager-frankfurt-am-main-432884,Amazon Advertising Manager / Retail Media Manager (m/w/d)
22,https://www.arbeitnow.com/jobs/companies/klickkonzept-by-cosmo5/online-marketing-manager-digital-marketing-consultant-frankfurt-am-main-307155,Online Marketing Manager / Digital Marketing Consultant (m/w/d)
22,https://www.arbeitnow.com/jobs/companies/klickkonzept-by-cosmo5/social-media-advertising-manager-paid-social-manager-frankfurt-am-main-75277,Social Media Advertising Manager / Paid Social Manager (m/w/d)
22,https://www.arbeitnow.com/jobs/companies/klickkonzept-by-cosmo5/seo-geo-manager-organic-visibility-manager-frankfurt-am-main-2058,SEO/GEO Manager / Organic Visibility Manager (m/w/d)
22,https://www.arbeitnow.com/jobs/companies/effizienzpioniere-gmbh/pflichtpraktikum-im-partnermanagement-und-der-projektkoordination-stuttgart-191109,Pflichtpraktikum im Partnermanagement und der Projektkoordination (m/w/d)
22,https://www.arbeitnow.com/jobs/companies/gmc-i-service-gmbh/team-lead-service-inside-sales-nuremberg-187629,Team Lead Service Inside Sales (m/w/d)
22,https://www.arbeitnow.com/jobs/companies/paintgun/motion-designer-berlin-209101,Motion Designer
22,https://www.arbeitnow.com/jobs/companies/sirius-consulting-training-gmbh/senior-consultant-fur-it-transformation-frankfurt-am-main-121495,(Senior) Consultant (m/w/d) für IT Transformation
22,https://www.arbeitnow.com/jobs/companies/prior-labs/head-of-operations-berlin-37478,Head of Operations
22,https://www.arbeitnow.com/jobs/companies/jupus/engineering-manager-applied-ai-germany-184812,Engineering Manager | Applied AI
22,https://www.arbeitnow.com/jobs/companies/munich-electrification/office-management-minijob-munich-474021,Office Management Minijob (f/m/d)
22,https://www.arbeitnow.com/jobs/companies/redis/regional-account-executive-dach-germany-117085,"Regional Account Executive, DACH"
22,https://www.arbeitnow.com/jobs/companies/lio/people-development-specialist-all-genders-munich-481046,People Development Specialist (all genders)
22,https://www.arbeitnow.com/jobs/companies/mitte-boutique-padel/people-culture-generalist-berlin-384579,People & Culture Generalist
22,https://www.arbeitnow.com/jobs/companies/easybill-gmbh/freelancer-senior-mobile-engineer-react-native-expo-typescript-willich-320031,"Freelancer Senior Mobile Engineer (React Native, Expo, TypeScript) m/w/d"
22,https://www.arbeitnow.com/jobs/companies/assona-gmbh/hr-specialist-berlin-355628,HR Specialist (m/w/d)
22,https://www.arbeitnow.com/jobs/companies/schreck-digital-gmbh/werkstudent-online-marketing-mit-fokus-e-mail-marketing-fur-online-shops-remote-oder-wurzburg-86925,Werkstudent Online-Marketing mit Fokus E-Mail-Marketing für Online-Shops (m/w/d) - (Remote oder Würzburg)
22,https://www.arbeitnow.com/jobs/companies/zoi/senior-forward-deployed-google-workspace-engineer-berlin-206472,Senior Forward Deployed Google Workspace Engineer (m/f/d)
22,https://www.arbeitnow.com/jobs/companies/payabl/remote-senior-backend-python-engineer-gateway-relocation-to-cyprus-germany-411075,Senior Backend Python Engineer (Gateway) - Relocation to Cyprus
22,https://www.arbeitnow.com/jobs/companies/membrain/werkstudent-marketing-allrounder-munchen-unterhaching-191898,Werkstudent Marketing-Allrounder (m/w/d)
22,https://www.arbeitnow.com/jobs/companies/leaseteq/senior-full-stack-engineer-typescript-nextjs-100-ltq-de-berlin-241435,"Senior Full Stack Engineer — TypeScript / Next.js (100%, m/f/d)"
22,https://www.arbeitnow.com/jobs/companies/gambit/senior-sap-consultant-migration-sdt-deutschland-389910,Senior SAP Consultant Migration & SDT (m/w/d)
22,https://www.arbeitnow.com/jobs/companies/hcsm-steuerberatung-gmbh/praktikum-digital-design-web-medieninformatik-kommunikationsdesign-webdesign-mit-perspektive-auf-eine-anschliessende-werkstudententatigke-33178,Praktikum Digital Design & Web (m/w/d) Medieninformatik | Kommunikationsdesign | Webdesign mit Perspektive auf eine anschließende Werkstudententätigkeit
22,https://www.arbeitnow.com/jobs/companies/imfusion/technical-product-owner-c-sdk-imfusion-suite-munich-352852,Technical Product Owner – C++ SDK & ImFusion Suite
22,https://www.arbeitnow.com/jobs/companies/exmox/senior-fraud-risk-analyst-hamburg-292500,Senior Fraud & Risk Analyst (f/m/x)
22,https://www.arbeitnow.com/jobs/companies/exmox/senior-business-development-manager-hamburg-354616,Senior Business Development Manager (f/m/x)
22,https://www.arbeitnow.com/jobs/companies/exmox/principal-business-development-manager-hamburg-353171,Principal Business Development Manager (f/m/x)
22,https://www.arbeitnow.com/jobs/companies/pulsegroup/senior-manager-social-media-management-berlin-205350,"Senior Manager, Social Media Management"
22,https://www.arbeitnow.com/jobs/companies/fincite-gmbh/solution-architect-client-solutions-frankfurt-am-main-340550,Solution Architect – Client Solutions (m/w/d)
22,https://www.arbeitnow.com/jobs/companies/emma-the-sleep-company/ms-dynamics-senior-functional-manager-frankfurt-391478,MS Dynamics Senior Functional Manager
22,https://www.arbeitnow.com/jobs/companies/spized-gmbh/werkstudent-content-creation-design-cologne-42812,Werkstudent (m/w/d) Content Creation & Design
22,https://www.arbeitnow.com/jobs/companies/ost-bau-osterburger-strassen-tief-und-hochbau-gmbh/techniker-gn-instandhaltung-gerateverwaltung-magdeburg-494064,Techniker (gn) Instandhaltung & Geräteverwaltung
22,https://www.arbeitnow.com/jobs/companies/acao-gmbh/controlling-finanzbuchhaltung-wiesbaden-199478,Controlling & Finanzbuchhaltung (m/w/d)
22,https://www.arbeitnow.com/jobs/companies/assecor-gmbh/werkstudent-content-mwd-ca-15-wochenstunden-hanover-476105,Werkstudent Content (m|w|d) - ca. 15 Wochenstunden
22,https://www.arbeitnow.com/jobs/companies/assecor-gmbh/werkstudent-marketing-projektmanagement-mwd-ca-10-wochenstunden-hanover-257976,Werkstudent Marketing Projektmanagement (m|w|d) - ca. 10 Wochenstunden
22,https://www.arbeitnow.com/jobs/companies/dr-bernhard-burger-ag/senior-content-editorial-manager-keltern-166969,Senior Content & Editorial Manager (m/w/d)
22,https://www.arbeitnow.com/jobs/companies/reltix-gmbh/founders-associate-growth-intern-dusseldorf-346774,Founders Associate - Growth Intern (m/w/d)
22,https://www.arbeitnow.com/jobs/companies/yfood-labs-gmbh/junior-crm-manager-munich-118360,(Junior) CRM Manager (m/w/d)
22,https://www.arbeitnow.com/jobs/companies/reltix-gmbh/business-development-intern-dusseldorf-234405,Business Development Intern (m/w/d)
22,https://www.arbeitnow.com/jobs/companies/heizmuller-gmbh/praktikum-werkstudent-founders-associate-fpa-berlin-deutsch-c2-erforderlich-481094,Praktikum / Werkstudent Founder's Associate FP&A (m/w/d) - Berlin - Deutsch C2 erforderlich
22,https://www.arbeitnow.com/jobs/companies/ophirum-gmbh/talent-acqusition-manager-frankfurt-am-main-442933,Talent Acquisition Manager (m/w/d)
22,https://www.arbeitnow.com/jobs/companies/sbc-steuerberater-rechtsanwalte-gbr/steuerfachangestellter-steuerfachwirt-bilanzbuchhalter-trainee-steuerberatung-darmstadt-175274,Steuerfachangestellter / Steuerfachwirt / Bilanzbuchhalter / Trainee Steuerberatung (m/w/d)
22,https://www.arbeitnow.com/jobs/companies/sbc-steuerberater-rechtsanwalte-gbr/steuerfachangestellter-steuerfachwirt-bilanzbuchhalter-trainee-steuerberatung-bad-homburg-293925,Steuerfachangestellter / Steuerfachwirt / Bilanzbuchhalter / Trainee Steuerberatung (m/w/d)
22,https://www.arbeitnow.com/jobs/companies/ai-coustics/integrations-engineer-sdk-berlin-23777,Integrations Engineer (SDK)
22,https://www.arbeitnow.com/jobs/companies/ai-coustics/platform-engineer-aws-berlin-208007,Platform Engineer (AWS)
23,https://www.arbeitnow.com/jobs/companies/ariside-ug-haftungsbeschrankt/praktikum-social-media-content-community-magdeburg-27715,"Praktikum Social Media, Content & Community bei Try It (m/w/d)"
23,https://www.arbeitnow.com/jobs/companies/fas-gmbh-a-makeen-energy-company/praktikantin-oder-werkstudentinin-fur-die-arbeitsvorbereitung-bachelor-oder-masterarbeit-moglich-salzgitter-263412,Praktikant*in oder Werkstudentin*in für die Arbeitsvorbereitung - Bachelor- oder Masterarbeit möglich
23,https://www.arbeitnow.com/jobs/companies/indiekidz-gmbh/mandatory-internshipunpaid-software-testqa-automation-engineer-berlin-121906,"Mandatory Internship(Unpaid), Software Test(QA) Automation Engineer"
23,https://www.arbeitnow.com/jobs/companies/merentis-gmbh/hr-manager-personalentwicklung-nachwuchsforderung-bremen-414032,HR Manager - Personalentwicklung & Nachwuchsförderung (m/w/d)
23,https://www.arbeitnow.com/jobs/companies/vetaion-gmbh/full-stack-developer-garching-275638,Full Stack Developer
23,https://www.arbeitnow.com/jobs/companies/vetaion-gmbh/founders-associate-garching-497644,Founders Associate
23,https://www.arbeitnow.com/jobs/companies/migrando-gmbh/mitarbeiter-im-kundenservice-cottbus-387650,Mitarbeiter im Kundenservice (w/m/d)
23,https://www.arbeitnow.com/jobs/companies/angeheuert-gmbh/senior-consultant-bi-konsolidierung-stuttgart-303118,Senior Consultant (m/w/d) BI & Konsolidierung
23,https://www.arbeitnow.com/jobs/companies/angeheuert-gmbh/senior-consultant-finance-solutions-baden-wurttemberg-392115,Senior Consultant (m/w/d) Finance Solutions
23,https://www.arbeitnow.com/jobs/companies/angeheuert-gmbh/managing-director-finance-bi-stuttgart-377547,Managing Director (m/w/d) Finance & BI
23,https://www.arbeitnow.com/jobs/companies/angeheuert-gmbh/karriereschritt-controller-zum-senior-consultant-bayern-152252,Karriereschritt ✔️ Controller zum Senior Consultant (m/w/d)
23,https://www.arbeitnow.com/jobs/companies/eisele-flugdienst-gmbh/werkstudent-marketing-schwerpunkt-events-und-social-media-filderstadt-474549,"Werkstudent (m/w/d) Marketing, Schwerpunkt Events und Social Media"
23,https://www.arbeitnow.com/jobs/companies/cognitivo-ag/business-unit-leiter-banking-karlsruhe-312038,Business Unit Leiter Banking (w/m/d)
23,https://www.arbeitnow.com/jobs/companies/ondevi-gmbh/werkstudent-google-ads-sea-munich-338648,Werkstudent Google Ads / SEA (m/w/d)
23,https://www.arbeitnow.com/jobs/companies/goldwechselhaus-gmbh/hr-business-partner-dusseldorf-472328,HR Business Partner (m/w/d)
23,https://www.arbeitnow.com/jobs/companies/serverhero-gmbh/it-sales-account-manager-server-storage-cologne-150042,IT Sales / Account Manager Server & Storage (w/m/d)
23,https://www.arbeitnow.com/jobs/companies/upvest/senior-account-executive-embedded-investments-europe-berlin-250674,"(Senior) Account Executive, Embedded Investments - Europe (f/m/d)"
23,https://www.arbeitnow.com/jobs/companies/upvest/associate-business-development-manager-financial-institutions-germany-berlin-356215,"Associate Business Development Manager, Financial Institutions - Germany (f/m/d)"
23,https://www.arbeitnow.com/jobs/companies/upvest/senior-business-development-manager-financial-institutions-germany-berlin-229270,"Senior Business Development Manager, Financial Institutions - Germany (f/m/d)"
23,https://www.arbeitnow.com/jobs/companies/fnatic/general-manager-league-of-legends-berlin-297904,"General Manager, League of Legends"
23,https://www.arbeitnow.com/jobs/companies/openai/strategy-operations-germany-munich-432824,"Strategy & Operations, Germany"
23,https://www.arbeitnow.com/jobs/companies/sosafe/revenue-operations-manager-sales-excellence-cologne-423881,Revenue Operations Manager - Sales Excellence
23,https://www.arbeitnow.com/jobs/companies/sosafe/customer-success-manager-cologne-159985,Customer Success Manager (m/w/d)
23,https://www.arbeitnow.com/jobs/companies/sosafe/revenue-operations-manager-demand-generation-cologne-121002,Revenue Operations Manager - Demand Generation
23,https://www.arbeitnow.com/jobs/companies/quantum-systems-gmbh/embedded-linux-software-engineer-maritime-n3xt-gilching-282340,Embedded Linux Software Engineer (m/f/d) - Maritime N3XT
23,https://www.arbeitnow.com/jobs/companies/quantum-systems-gmbh/senior-software-engineer-developer-enablement-gilching-41973,(Senior) Software Engineer - Developer Enablement (m/f/d)
23,https://www.arbeitnow.com/jobs/companies/quantum-systems-gmbh/senior-machine-learning-engineer-gilching-383338,Senior Machine Learning Engineer (m/f/d)
23,https://www.arbeitnow.com/jobs/companies/quantum-systems-gmbh/senior-control-systems-engineer-vehicle-dynamics-abstraction-munchen-70770,Senior Control Systems Engineer – Vehicle Dynamics & Abstraction (m/f/d)
23,https://www.arbeitnow.com/jobs/companies/quantum-systems-gmbh/senior-payload-integration-engineer-ugv-platforms-munchen-43287,Senior Payload Integration Engineer - UGV Platforms (m/f/d)
23,https://www.arbeitnow.com/jobs/companies/quantum-systems-gmbh/product-manager-mission-payload-land-gilching-423208,Product Manager Mission Payload Land (m/f/d)
23,https://www.arbeitnow.com/jobs/companies/quantum-systems-gmbh/product-manager-autonomous-trucking-gilching-423098,Product Manager Autonomous Trucking (m/f/d)
23,https://www.arbeitnow.com/jobs/companies/taikonauten-gmbh/senior-ux-digital-product-designer-mensch-schwerpunkt-fintech-berlin-180805,"Senior UX / Digital Product Designer (Mensch), Schwerpunkt FinTech"
23,https://www.arbeitnow.com/jobs/companies/taikonauten-gmbh/senior-ux-digital-product-designer-mensch-berlin-215429,Senior UX / Digital Product Designer (Mensch)
23,https://www.arbeitnow.com/jobs/companies/lestat-real-group-gmbh/founders-associate-intern-q1-2027-dusseldorf-346119,Founders Associate Intern (Q1 2027)
23,https://www.arbeitnow.com/jobs/companies/recare-deutschland-gmbh/remote-senior-forward-deployed-platform-engineer-berlin-211795,Senior Forward Deployed Platform Engineer (m/w/d)
23,https://www.arbeitnow.com/jobs/companies/trusted-shops-se-de/senior-product-manager-data-lakehouse-berlin-304989,Senior Product Manager - Data Lakehouse (f/m/d)
23,https://www.arbeitnow.com/jobs/companies/cbs-corporate-business-solutions-gmbh/inhouse-abap-entwickler-im-bereich-managed-cloud-services-dortmund-339147,Inhouse ABAP Entwickler im Bereich Managed Cloud Services (m/w/d)
23,https://www.arbeitnow.com/jobs/companies/cbs-corporate-business-solutions-gmbh/remote-senior-consultant-sap-sd-s-4hana-sales-heidelberg-265114,Senior Consultant SAP SD (m/w/d) S/4HANA Sales
23,https://www.arbeitnow.com/jobs/companies/cbs-corporate-business-solutions-gmbh/remote-senior-consultant-sap-fi-co-s-4hana-finance-heidelberg-344430,Senior Consultant SAP FI/CO (m/w/d) S/4HANA Finance
23,https://www.arbeitnow.com/jobs/companies/cbs-corporate-business-solutions-gmbh/senior-consultant-sap-fi-co-application-management-heidelberg-190298,Senior Consultant SAP FI/CO Application Management (m/w/d)
23,https://www.arbeitnow.com/jobs/companies/cbs-corporate-business-solutions-gmbh/senior-manager-sap-fi-co-s-4hana-finance-heidelberg-6556,(Senior) Manager SAP FI/CO (m/w/d) – S/4HANA Finance
23,https://www.arbeitnow.com/jobs/companies/cbs-corporate-business-solutions-gmbh/senior-consultant-sap-data-transformation-migration-heidelberg-420690,Senior Consultant SAP Data Transformation & Migration (m/w/d)
23,https://www.arbeitnow.com/jobs/companies/cbs-corporate-business-solutions-gmbh/senior-consultant-sap-gts-heidelberg-58264,(Senior Consultant) SAP GTS (m/w/d)
23,https://www.arbeitnow.com/jobs/companies/cbs-corporate-business-solutions-gmbh/senior-consultant-sap-analytics-cloud-sap-business-data-cloud-sap-bdc-heidelberg-9748,Senior Consultant SAP Analytics Cloud/ SAP Business Data Cloud (m/w/d) SAP BDC
23,https://www.arbeitnow.com/jobs/companies/cbs-corporate-business-solutions-gmbh/senior-consultant-sap-mdg-master-data-governance-heidelberg-150133,(Senior) Consultant SAP MDG (m/w/d) Master Data Governance
23,https://www.arbeitnow.com/jobs/companies/cbs-corporate-business-solutions-gmbh/senior-consultant-sap-authorizations-berechtigungen-in-voll-oder-teilzeit-freiburg-im-breisgau-28216,(Senior) Consultant SAP Authorizations / Berechtigungen (m/w/d) in Voll- oder Teilzeit
23,https://www.arbeitnow.com/jobs/companies/cbs-corporate-business-solutions-gmbh/senior-solution-architect-sap-mdm-heidelberg-257760,(Senior) Solution Architect SAP MDM (m/w/d)
23,https://www.arbeitnow.com/jobs/companies/cbs-corporate-business-solutions-gmbh/entwickler-sap-global-trade-services-gts-heidelberg-122217,Entwickler SAP Global Trade Services (GTS) (m/w/d)
23,https://www.arbeitnow.com/jobs/companies/cbs-corporate-business-solutions-gmbh/senior-consultant-sap-basis-technology-heidelberg-113110,Senior Consultant SAP Basis Technology (m/w/d)
23,https://www.arbeitnow.com/jobs/companies/cbs-corporate-business-solutions-gmbh/manager-data-analytics-consulting-heidelberg-176748,Manager (m/w/d) Data & Analytics Consulting
24,https://www.arbeitnow.com/jobs/companies/cbs-corporate-business-solutions-gmbh/senior-consultant-change-management-heidelberg-325222,(Senior) Consultant Change Management (m/w/d)
24,https://www.arbeitnow.com/jobs/companies/cbs-corporate-business-solutions-gmbh/senior-consultant-sap-treasury-risk-management-heidelberg-457753,(Senior) Consultant (m/w/d) SAP Treasury & Risk Management
24,https://www.arbeitnow.com/jobs/companies/cbs-corporate-business-solutions-gmbh/senior-manager-performance-management-heidelberg-392148,(Senior) Manager (m/w/d) Performance Management
24,https://www.arbeitnow.com/jobs/companies/cbs-corporate-business-solutions-gmbh/senior-business-consultant-performance-management-heidelberg-263399,(Senior) Business Consultant (m/w/d) Performance Management
24,https://www.arbeitnow.com/jobs/companies/cbs-corporate-business-solutions-gmbh/senior-consultant-sap-s-4hana-public-cloud-finance-heidelberg-378814,(Senior) Consultant SAP S/4HANA Public Cloud Finance (w/m/d)
24,https://www.arbeitnow.com/jobs/companies/cbs-corporate-business-solutions-gmbh/senior-manager-sap-s-4hana-controlling-sap-co-heidelberg-213508,(Senior) Manager – SAP S/4HANA Controlling (SAP CO) (m/w/d)
24,https://www.arbeitnow.com/jobs/companies/cbs-corporate-business-solutions-gmbh/compliance-koordinator-datenschutz-informationssicherheit-in-voll-oder-teilzeit-heidelberg-347869,Compliance Koordinator – Datenschutz & Informationssicherheit in Voll- oder Teilzeit (m/w/d)
24,https://www.arbeitnow.com/jobs/companies/cbs-corporate-business-solutions-gmbh/senior-solution-architect-sap-datasphere-sap-business-data-cloud-heidelberg-485959,(Senior) Solution Architect (m/w/d) SAP Datasphere/ SAP Business Data Cloud
24,https://www.arbeitnow.com/jobs/companies/cbs-corporate-business-solutions-gmbh/senior-consultant-sap-cloud-und-process-integration-heidelberg-214708,(Senior) Consultant SAP Cloud und Process Integration (m/w/d)
24,https://www.arbeitnow.com/jobs/companies/cbs-corporate-business-solutions-gmbh/senior-consultant-architect-sap-s-4hana-integration-heidelberg-227823,Senior Consultant / Architect SAP S/4HANA Integration (m/w/d)
24,https://www.arbeitnow.com/jobs/companies/cbs-corporate-business-solutions-gmbh/senior-consultant-architect-sap-business-technology-platform-sap-btp-heidelberg-263977,Senior Consultant / Architect SAP Business Technology Platform (SAP BTP) (m/w/d)
24,https://www.arbeitnow.com/jobs/companies/cbs-corporate-business-solutions-gmbh/digital-architect-cloud-heidelberg-277503,Digital Architect Cloud (m/w/d)
24,https://www.arbeitnow.com/jobs/companies/cbs-corporate-business-solutions-gmbh/sap-technical-consultant-solution-architect-heidelberg-154868,SAP Technical Consultant / Solution Architect (m/w/d)
24,https://www.arbeitnow.com/jobs/companies/cbs-corporate-business-solutions-gmbh/senior-abap-entwickler-heidelberg-241672,(Senior) ABAP Entwickler (m/w/d)
24,https://www.arbeitnow.com/jobs/companies/cbs-corporate-business-solutions-gmbh/salesforce-crm-senior-consultant-heidelberg-108380,Salesforce CRM (Senior) Consultant (m/w/d)
24,https://www.arbeitnow.com/jobs/companies/cbs-corporate-business-solutions-gmbh/senior-learning-consultant-strategie-transformation-change-heidelberg-151355,"Senior Learning Consultant – Strategie, Transformation & Change (m/w/d)"
24,https://www.arbeitnow.com/jobs/companies/cbs-corporate-business-solutions-gmbh/senior-consultant-sap-ewm-fur-application-management-support-heidelberg-245652,(Senior) Consultant SAP EWM für Application Management Support (m/w/d)
24,https://www.arbeitnow.com/jobs/companies/cbs-corporate-business-solutions-gmbh/senior-consultant-sap-bi-im-application-management-support-heidelberg-283847,(Senior) Consultant SAP BI (m/w/d) im Application Management Support
24,https://www.arbeitnow.com/jobs/companies/cbs-corporate-business-solutions-gmbh/sap-senior-account-manager-heidelberg-30979,SAP (Senior) Account Manager (m/w/d)
24,https://www.arbeitnow.com/jobs/companies/cbs-corporate-business-solutions-gmbh/remote-senior-consultant-sap-successfactors-employee-central-munchen-273864,(Senior) Consultant SAP SuccessFactors – Employee Central (m/w/d)
24,https://www.arbeitnow.com/jobs/companies/cbs-corporate-business-solutions-gmbh/senior-consultant-sap-security-heidelberg-372584,Senior Consultant SAP Security (m/w/d)
24,https://www.arbeitnow.com/jobs/companies/cbs-corporate-business-solutions-gmbh/senior-consultant-global-e-invoicing-sap-fi-heidelberg-266649,(Senior) Consultant Global E-invoicing SAP FI (m/w/d)
24,https://www.arbeitnow.com/jobs/companies/cbs-corporate-business-solutions-gmbh/senior-principal-consultant-sap-ibp-supply-chain-planning-heidelberg-198915,Senior / Principal Consultant SAP IBP (m/w/d) Supply Chain Planning
24,https://www.arbeitnow.com/jobs/companies/cbs-corporate-business-solutions-gmbh/senior-business-consultant-supply-chain-planning-heidelberg-156371,Senior Business Consultant Supply Chain Planning (m/w/d)
24,https://www.arbeitnow.com/jobs/companies/cbs-corporate-business-solutions-gmbh/senior-consultant-sap-pp-ds-supply-chain-planning-heidelberg-26694,(Senior) Consultant SAP PP/DS (m/w/d) Supply Chain Planning
24,https://www.arbeitnow.com/jobs/companies/cbs-corporate-business-solutions-gmbh/senior-consultant-business-process-management-supply-chain-management-heidelberg-88159,(Senior) Consultant Business Process Management / Supply Chain Management (m/w/d)
24,https://www.arbeitnow.com/jobs/companies/cbs-corporate-business-solutions-gmbh/senior-consultant-sap-dm-digital-manufacturing-heidelberg-455320,Senior Consultant SAP DM (m/w/d) Digital Manufacturing
24,https://www.arbeitnow.com/jobs/companies/cbs-corporate-business-solutions-gmbh/werkstudent-sap-berechtigungsmanagement-freiburg-im-breisgau-290449,Werkstudent - SAP Berechtigungsmanagement (m/w/d)
24,https://www.arbeitnow.com/jobs/companies/cbs-corporate-business-solutions-gmbh/werkstudent-sap-beratung-heidelberg-377973,Werkstudent - SAP Beratung (m/w/d)
24,https://www.arbeitnow.com/jobs/companies/cbs-corporate-business-solutions-gmbh/senior-consultant-sap-mm-s-4hana-sourcing-and-procurement-heidelberg-497437,Senior Consultant SAP MM - S/4HANA Sourcing and Procurement (m/w/d)
24,https://www.arbeitnow.com/jobs/companies/cbs-corporate-business-solutions-gmbh/senior-consultant-sap-pp-s-4hana-manufacturing-heidelberg-19236,Senior Consultant SAP PP - S/4HANA Manufacturing (m/w/d)
24,https://www.arbeitnow.com/jobs/companies/cbs-corporate-business-solutions-gmbh/senior-consultant-sap-ppm-cpm-ps-heidelberg-207577,Senior Consultant SAP PPM/CPM/PS (m/w/d)
24,https://www.arbeitnow.com/jobs/companies/cbs-corporate-business-solutions-gmbh/senior-consultant-sap-plm-heidelberg-288818,(Senior) Consultant SAP PLM (m/w/d)
24,https://www.arbeitnow.com/jobs/companies/cbs-corporate-business-solutions-gmbh/senior-consultant-sap-qm-heidelberg-315292,Senior Consultant SAP QM (m/w/d)
24,https://www.arbeitnow.com/jobs/companies/cbs-corporate-business-solutions-gmbh/remote-solution-architect-sap-dm-dortmund-352577,Solution Architect SAP DM (m/w/d)
24,https://www.arbeitnow.com/jobs/companies/cbs-corporate-business-solutions-gmbh/senior-consultant-sap-pp-ps-pm-im-application-management-support-heidelberg-341944,(Senior) Consultant SAP PP/PS/PM im Application Management Support (m/w/d)
24,https://www.arbeitnow.com/jobs/companies/cbs-corporate-business-solutions-gmbh/senior-consultant-sap-le-mm-im-application-management-support-heidelberg-218524,(Senior) Consultant SAP LE/MM im Application Management Support (m/w/d)
24,https://www.arbeitnow.com/jobs/companies/cbs-corporate-business-solutions-gmbh/remote-senior-consultant-sap-s-4hana-service-heidelberg-477401,Senior Consultant SAP S/4HANA Service (m/w/d)
24,https://www.arbeitnow.com/jobs/companies/cbs-corporate-business-solutions-gmbh/werkstudent-master-data-management-mdm-heidelberg-92259,Werkstudent - Master Data Management (MDM) (m/w/d)
24,https://www.arbeitnow.com/jobs/companies/cbs-corporate-business-solutions-gmbh/senior-consultant-sap-system-performance-optimisation-heidelberg-112686,(Senior) Consultant SAP System Performance Optimisation (m/w/d)
24,https://www.arbeitnow.com/jobs/companies/cbs-corporate-business-solutions-gmbh/senior-expert-material-master-data-end-to-end-product-data-heidelberg-78443,(Senior) Expert Material Master Data & End-to-End Product Data (m/w/d)
24,https://www.arbeitnow.com/jobs/companies/cbs-corporate-business-solutions-gmbh/senior-consultant-supply-chain-performance-improvement-heidelberg-108337,Senior Consultant Supply Chain Performance Improvement (m/w/d)
24,https://www.arbeitnow.com/jobs/companies/cbs-corporate-business-solutions-gmbh/senior-sap-hcm-payroll-consultant-all-genders-heidelberg-76509,(Senior) SAP HCM Payroll Consultant (all genders)
24,https://www.arbeitnow.com/jobs/companies/cbs-corporate-business-solutions-gmbh/remote-senior-sap-successfactors-consultant-onboarding-heidelberg-133092,(Senior) SAP SuccessFactors Consultant – Onboarding (m/w/d)
24,https://www.arbeitnow.com/jobs/companies/cbs-corporate-business-solutions-gmbh/senior-sap-hcm-allrounder-heidelberg-128454,(Senior) SAP HCM Allrounder (m/w/d)
24,https://www.arbeitnow.com/jobs/companies/cbs-corporate-business-solutions-gmbh/senior-abap-hcm-developer-heidelberg-495425,(Senior) ABAP HCM Developer (m/w/d)
24,https://www.arbeitnow.com/jobs/companies/cbs-corporate-business-solutions-gmbh/senior-cloud-integration-specialist-heidelberg-201799,(Senior) Cloud Integration Specialist (m/w/d)
24,https://www.arbeitnow.com/jobs/companies/cbs-corporate-business-solutions-gmbh/senior-sap-successfactors-consultant-learning-heidelberg-249715,(Senior) SAP SuccessFactors Consultant – Learning (m/w/d)
24,https://www.arbeitnow.com/jobs/companies/cbs-corporate-business-solutions-gmbh/senior-sap-successfactors-consultant-compensation-performance-goals-heidelberg-430497,(Senior) SAP SuccessFactors Consultant – Compensation / Performance & Goals (m/w/d)
24,https://www.arbeitnow.com/jobs/companies/cbs-corporate-business-solutions-gmbh/senior-sap-successfactors-consultant-all-genders-employee-central-ec-payroll-heidelberg-177617,(Senior) SAP SuccessFactors Consultant (all genders) - Employee Central (EC) Payroll (m/w/d)
25,https://www.arbeitnow.com/jobs/companies/cbs-corporate-business-solutions-gmbh/hr-business-architect-successfactors-heidelberg-408310,HR Business Architect – SuccessFactors (m/w/d)
25,https://www.arbeitnow.com/jobs/companies/cbs-corporate-business-solutions-gmbh/senior-sap-successfactors-consultant-employee-central-mit-schwerpunkt-integration-heidelberg-103275,(Senior) SAP SuccessFactors Consultant – Employee Central mit Schwerpunkt Integration (m/w/d)
25,https://www.arbeitnow.com/jobs/companies/cbs-corporate-business-solutions-gmbh/solution-architect-sap-successfactors-heidelberg-456635,Solution Architect SAP SuccessFactors (m/w/d)
25,https://www.arbeitnow.com/jobs/companies/cbs-corporate-business-solutions-gmbh/sap-transformation-architect-heidelberg-160830,SAP Transformation Architect (m/w/d)
25,https://www.arbeitnow.com/jobs/companies/cbs-corporate-business-solutions-gmbh/inhouse-integration-entwickler-im-bereich-tax-technology-e-invoicing-berlin-258480,Inhouse Integration Entwickler im Bereich Tax Technology & E-Invoicing (m/w/d)
25,https://www.arbeitnow.com/jobs/companies/cbs-corporate-business-solutions-gmbh/sap-successfactors-consultant-compensation-performance-goals-heidelberg-347611,SAP SuccessFactors Consultant – Compensation / Performance & Goals (m/w/d)
25,https://www.arbeitnow.com/jobs/companies/cbs-corporate-business-solutions-gmbh/werkstudent-ai-manager-support-heidelberg-370496,Werkstudent - AI Manager Support (m/w/d)
25,https://www.arbeitnow.com/jobs/companies/cbs-corporate-business-solutions-gmbh/senior-ai-engineer-bautzen-465824,(Senior) AI Engineer (m/w/d)
25,https://www.arbeitnow.com/jobs/companies/cbs-corporate-business-solutions-gmbh/senior-sap-smartrecruiters-consultant-heidelberg-30547,(Senior) SAP SmartRecruiters Consultant (m/w/d)
25,https://www.arbeitnow.com/jobs/companies/cbs-corporate-business-solutions-gmbh/senior-ai-analyst-heidelberg-387657,(Senior) AI Analyst m/w/d
25,https://www.arbeitnow.com/jobs/companies/sudkurier-medienhaus/praktikant-im-bereich-touristische-medien-projekte-konstanz-292082,Praktikant (m/w/d) im Bereich touristische Medien & Projekte
25,https://www.arbeitnow.com/jobs/companies/sudkurier-medienhaus/werkstudenten-im-bereich-facility-management-konstanz-172877,Werkstudenten (m/w/d) im Bereich Facility Management
25,https://www.arbeitnow.com/jobs/companies/ingestro/senior-product-engineer-gn-berlin-393992,Senior Product Engineer (gn)
25,https://www.arbeitnow.com/jobs/companies/linkbroker/junior-seo-manager-customer-success-manager-bonn-ramersdorf-6534,Junior SEO Manager (m/w/d) – Customer Success Manager
25,https://www.arbeitnow.com/jobs/companies/periskop/senior-project-developer-berlin-242540,Senior Project Developer (m/f/d)
25,https://www.arbeitnow.com/jobs/companies/vitagroup/remote-technischer-senior-projektmanager-364868,Technischer Senior Projektmanager (m/w/d)
25,https://www.arbeitnow.com/jobs/companies/plutos/werkstudent-oder-praktikant-human-resources-frankfurt-431256,Werkstudent oder Praktikant Human Resources (m/w/d)
25,https://www.arbeitnow.com/jobs/companies/plutos/werkstudent-oder-praktikant-human-resources-frankfurt-65583,Werkstudent oder Praktikant Human Resources (m/w/d)
25,https://www.arbeitnow.com/jobs/companies/hws/werkstudent-ki-automatisierung-stuttgart-83408,Werkstudent (m/w/d) KI & Automatisierung Stuttgart
25,https://www.arbeitnow.com/jobs/companies/agicap/account-executive-dach-mid-market-berlin-63979,Account Executive DACH - Mid-Market (m/f/d)
25,https://www.arbeitnow.com/jobs/companies/qonto/senior-product-engineer-ios-swift-berlin-240048,Senior Product Engineer - iOS/Swift
25,https://www.arbeitnow.com/jobs/companies/lestat-real-group-gmbh/software-development-intern-q1-2027-dusseldorf-6363,Software Development Intern (Q1 2027)
25,https://www.arbeitnow.com/jobs/companies/hiserv-gmbh/kfz-mechatroniker-kfz-mechaniker-dietzenbach-229065,Kfz-Mechatroniker / Kfz-Mechaniker (m/w/d)
25,https://www.arbeitnow.com/jobs/companies/solactive-ag/analyst-accounting-global-billing-frankfurt-am-main-497177,"Analyst | Accounting, Global Billing (m/f/d)"
25,https://www.arbeitnow.com/jobs/companies/hotelnetsolutions-gmbh/head-of-customer-support-berlin-1834,Head of Customer Support (m/w/d)
25,https://www.arbeitnow.com/jobs/companies/robering-lagersysteme-gmbh-und-co-kg/ausbildung-2027-technischer-systemplaner-fachrichtung-stahl-u-metallbautechnik-bei-fa-robering-lagersysteme-in-emsdetten-416848,Ausbildung 2027 Technischer Systemplaner m/w/d Fachrichtung Stahl- u. Metallbautechnik bei Fa. Robering Lagersysteme in Emsdetten
25,https://www.arbeitnow.com/jobs/companies/321-med-gmbh/product-engineer-software-builder-regensburg-334015,Product Engineer / Software Builder (m/w/d)
25,https://www.arbeitnow.com/jobs/companies/hommel-hired/werkstudent-hr-hiring-recruiting-screening-personalvermittlung-talent-sourcing-talent-acquisition-munich-300432,Werkstudent (m/w/d) HR Hiring - Recruiting / Screening / Personalvermittlung - Talent Sourcing & Talent Acquisition
25,https://www.arbeitnow.com/jobs/companies/kevin-kehr/werkstudent-finance-beratung-unternehmerisch-leistungsbasiert-hamburg-85341,"Werkstudent (m/w/d) – Finance & Beratung (unternehmerisch, leistungsbasiert)"
25,https://www.arbeitnow.com/jobs/companies/sidestream/senior-typescript-developer-cologne-108968,Senior Typescript Developer (f/m/d)
25,https://www.arbeitnow.com/jobs/companies/noris-network-ag/senior-it-solution-architect-nuremberg-59249,Senior IT Solution Architect (m/w/d)
25,https://www.arbeitnow.com/jobs/companies/jean-darcel-cosmetique-gmbh-co-kg/junior-brand-managerin-kehl-391681,Junior Brand Manager:in (m/w/d)
25,https://www.arbeitnow.com/jobs/companies/lilt-production/remote-support-coordinators-152140,Support Coordinators
25,https://www.arbeitnow.com/jobs/companies/airwallex/senior-account-manager-enterprise-de-munich-422522,"Senior Account Manager, Enterprise"
25,https://www.arbeitnow.com/jobs/companies/emidat-gmbh/senior-frontend-engineer-munich-120556,Senior Frontend Engineer
25,https://www.arbeitnow.com/jobs/companies/black-semiconductor-gmbh/graphene-device-physics-modeling-expert-aachen-434004,Graphene Device Physics Modeling Expert (f/m/d)
25,https://www.arbeitnow.com/jobs/companies/plukon-food-group-germany/produktentwickler-frische-visbek-227128,Produktentwickler (m/w/d) Frische
25,https://www.arbeitnow.com/jobs/companies/plukon-food-group-germany/mitarbeiter-in-der-qualitatssicherung-produktkontrolleure-storkow-349761,Mitarbeiter in der Qualitätssicherung/Produktkontrolleure (m/w/d)
25,https://www.arbeitnow.com/jobs/companies/plukon-food-group-germany/teamleiter-fur-die-verladung-brenz-299932,Teamleiter für die Verladung (m/w/d)
25,https://www.arbeitnow.com/jobs/companies/plukon-food-group-germany/fachinformatiker-storkow-433954,Fachinformatiker (m/w/d)
25,https://www.arbeitnow.com/jobs/companies/plukon-food-group-germany/mitarbeiter-in-der-qualitatssicherung-produktkontrolleure-gudensberg-381411,Mitarbeiter in der Qualitätssicherung / Produktkontrolleure (m/w/d)
25,https://www.arbeitnow.com/jobs/companies/limehome/senior-pr-content-manager-munchen-303190,(Senior) PR & Content Manager (m/f/d)
25,https://www.arbeitnow.com/jobs/companies/aampere/sales-werkstudent-munchen-27661,Sales Werkstudent (m/w/d)
25,https://www.arbeitnow.com/jobs/companies/aampere/founding-brand-manager-munchen-87116,Founding Brand Manager (m/w/d)
25,https://www.arbeitnow.com/jobs/companies/metergrid/senior-fullstack-developer-business-automation-hamburg-426065,Senior Fullstack Developer – Business Automation (m/w/d)
25,https://www.arbeitnow.com/jobs/companies/metergrid/junior-fullstack-developer-hamburg-150145,Junior Fullstack Developer (m/w/d)
25,https://www.arbeitnow.com/jobs/companies/metergrid/fullstack-developer-hamburg-9926,Fullstack Developer (m/w/d)
25,https://www.arbeitnow.com/jobs/companies/metergrid/engineering-manager-core-team-hamburg-394890,Engineering Manager (m/w/d) – Core Team
25,https://www.arbeitnow.com/jobs/companies/assentio/praktikantin-werkstudentin-hr-recruiting-talent-acquisition-leipzig-312162,Praktikant:in / Werkstudent:in HR / Recruiting / Talent Acquisition (m/w/d)
25,https://www.arbeitnow.com/jobs/companies/ahead-gmbh/senior-product-developer-candy-confectionery-all-genders-hamburg-office-268591,Senior Product Developer – Candy & Confectionery (All Genders)
26,https://www.arbeitnow.com/jobs/companies/ahead-gmbh/senior-area-sales-manager-hamburg-ost-food-startup-hamburg-office-237146,Senior Area Sales Manager (Hamburg Ost) | Food Startup (m/w/d)
26,https://www.arbeitnow.com/jobs/companies/malt/strategic-account-executive-enterprise-dach-munich-204977,Strategic Account Executive Enterprise - DACH
26,https://www.arbeitnow.com/jobs/companies/hypersonica/senior-electronic-warfare-engineer-munich-21809,Senior Electronic Warfare Engineer
26,https://www.arbeitnow.com/jobs/companies/unzer/engineering-manager-berlin-367796,Engineering Manager (m/f/d)
26,https://www.arbeitnow.com/jobs/companies/currenta-gruppe/werkstudent-in-der-netzwirtschaft-energiewirtschaft-leverkusen-370590,Werkstudent in der Netzwirtschaft / Energiewirtschaft (m/w/d)
26,https://www.arbeitnow.com/jobs/companies/1global/senior-mvno-manager-berlin-4905,Senior MVNO Manager
26,https://www.arbeitnow.com/jobs/companies/iocto/working-student-calibration-dresden-dippoldiswalde-191483,Working Student (m/f/d) - Calibration
26,https://www.arbeitnow.com/jobs/companies/letmeship/working-student-invoice-checking-hamburg-406269,Working Student – Invoice Checking (d/f/m)
26,https://www.arbeitnow.com/jobs/companies/vivid/founding-sales-development-representative-sdr-dach-berlin-148838,Founding Sales Development Representative (SDR DACH)
26,https://www.arbeitnow.com/jobs/companies/cuculus-gmbh/senior-accountant-bilanzbuchhalterin-hgb-ifrs-leipzig-277526,Senior Accountant / Bilanzbuchhalter:in (m/w/d) – HGB & IFRS
26,https://www.arbeitnow.com/jobs/companies/eraneos/remote-senior-genai-solution-engineer-all-genders-38813,Senior GenAI Solution Engineer (all genders)
26,https://www.arbeitnow.com/jobs/companies/eraneos/remote-management-consultant-enterprise-architecture-all-genders-493951,Management Consultant Enterprise Architecture (all genders)
26,https://www.arbeitnow.com/jobs/companies/eraneos/remote-forward-deployed-engineer-all-genders-57038,Forward Deployed Engineer (all genders)
26,https://www.arbeitnow.com/jobs/companies/eraneos/remote-data-engineer-all-genders-310552,Data Engineer (all genders)
26,https://www.arbeitnow.com/jobs/companies/eraneos/remote-senior-manager-business-value-chain-all-genders-86829,(Senior) Manager Business Value Chain (all genders)
26,https://www.arbeitnow.com/jobs/companies/eraneos/remote-senior-consultant-business-value-chain-all-genders-18411,(Senior) Consultant Business Value Chain (all genders)
26,https://www.arbeitnow.com/jobs/companies/ecotel/werkstudent-finance-process-automatisation-bis-zu-20-stunden-woche-dusseldorf-98341,Werkstudent (m/w/d) – Finance Process Automatisation bis zu 20 Stunden/Woche
26,https://www.arbeitnow.com/jobs/companies/ecotel/ausbildung-zum-fachinformatiker-zur-fachinformatikerin-fur-systemintegration-start-august-2027-dusseldorf-118609,Ausbildung zum Fachinformatiker / zur Fachinformatikerin für Systemintegration (m/w/d) Start: August 2027
26,https://www.arbeitnow.com/jobs/companies/synsero/senior-relationship-recruiting-manager-munchen-289945,(SENIOR) Relationship & Recruiting Manager (m/w/d)
26,https://www.arbeitnow.com/jobs/companies/mute-labs-gmbh/account-executive-full-cycle-new-business-berlin-472018,"Account Executive – Full-Cycle, New Business (m/f/d)"
26,https://www.arbeitnow.com/jobs/companies/eleqtron-gmbh/site-reliability-engineer-quantum-computing-hamburg-462919,Site Reliability Engineer – Quantum Computing (f/m/d)
26,https://www.arbeitnow.com/jobs/companies/eleqtron-gmbh/qa-engineer-quantum-computing-siegen-152999,QA Engineer - Quantum Computing (m/w/d)
26,https://www.arbeitnow.com/jobs/companies/my-jewellery/werkstudent-berlin-berlijn-195749,Werkstudent Berlin (m/w/d)
26,https://www.arbeitnow.com/jobs/companies/virtual7-gmbh/remote-kubernetes-administrator-private-cloud-engineer-karlsruhe-36018,Kubernetes Administrator/Private Cloud Engineer (m/w/d)
26,https://www.arbeitnow.com/jobs/companies/virtual7-gmbh/senior-java-fullstack-developer-kaarst-367555,Senior Java Fullstack Developer (m/w/d)
26,https://www.arbeitnow.com/jobs/companies/virtual7-gmbh/remote-ai-solution-architect-nurnberg-mittelfranken-469789,AI Solution Architect (m/w/d)
26,https://www.arbeitnow.com/jobs/companies/virtual7-gmbh/remote-senior-it-architect-karlsruhe-244126,Senior IT Architect (m/w/d)
26,https://www.arbeitnow.com/jobs/companies/virtual7-gmbh/remote-senior-java-backend-developer-karlsruhe-241557,Senior Java Backend Developer (m/w/d)
26,https://www.arbeitnow.com/jobs/companies/virtual7-gmbh/remote-senior-oracle-data-engineer-karlsruhe-51203,Senior Oracle Data Engineer (m/w/d)
26,https://www.arbeitnow.com/jobs/companies/distribusion-technologies/senior-people-partner-all-genders-berlin-184793,Senior People Partner (all genders)
26,https://www.arbeitnow.com/jobs/companies/implico-gmbh/senior-technical-architect-hybrid-product-platform-hamburg-309009,Senior Technical Architect – Hybrid (Product / Platform) (m/f/d)
26,https://www.arbeitnow.com/jobs/companies/vestigas/team-lead-ai-engineering-munchen-hybrid-12318,Team Lead AI Engineering (f/m/d)
26,https://www.arbeitnow.com/jobs/companies/vestigas/senior-ai-engineer-munchen-hybrid-214334,Senior AI Engineer (f/m/d)
26,https://www.arbeitnow.com/jobs/companies/pixxio/senior-marketing-manager-events-partnerships-hybrid-munchen-370364,(Senior) Marketing Manager – Events & Partnerships (d/w/m*)
26,https://www.arbeitnow.com/jobs/companies/fyxer/remote-founding-account-executive-new-business-100736,"Founding Account Executive, New Business"
26,https://www.arbeitnow.com/jobs/companies/enomyc-gmbh/remote-werkstudent-executive-search-active-sourcing-berlin-243986,Werkstudent (m/w/d) Executive Search & Active Sourcing
26,https://www.arbeitnow.com/jobs/companies/bernard-gruppe/werkstudent-verkehrstechnik-munchen-173498,Werkstudent (m/w/d) Verkehrstechnik
26,https://www.arbeitnow.com/jobs/companies/a2mac1/regional-costing-insights-consulting-director-emea-munich-255286,"Regional Costing, Insights & Consulting Director EMEA (m/f/d)"
26,https://www.arbeitnow.com/jobs/companies/secupay-ag/mitarbeiter-projektmanagement-prozessoptimierung-pulsnitz-283266,Mitarbeiter Projektmanagement & Prozessoptimierung (M/W/D)
26,https://www.arbeitnow.com/jobs/companies/secupay-ag/werkstudent-customer-management-pulsnitz-95151,Werkstudent Customer Management (w/m/d)
26,https://www.arbeitnow.com/jobs/companies/getmow/backend-engineer-intern-ai-systems-berlin-203128,Backend Engineer Intern | AI Systems (m/f/d)
26,https://www.arbeitnow.com/jobs/companies/getmow/full-stack-engineer-intern-backend-ai-berlin-298440,Full-Stack Engineer Intern (Backend & AI)
26,https://www.arbeitnow.com/jobs/companies/perinova-it-management-gmbh/it-supporter-hybrid-raum-munchen-munich-321142,IT Supporter (w/m/d) hybrid | Raum München
26,https://www.arbeitnow.com/jobs/companies/11/partner-projektmanager-fussballmarketing-duales-studium-ma-hamburg-409950,Partner & Projektmanager Fußballmarketing (m/w/d) | Duales Studium MA
26,https://www.arbeitnow.com/jobs/companies/andercore/finance-and-accounting-working-student-berlin-293519,Finance and Accounting Working Student
26,https://www.arbeitnow.com/jobs/companies/trawa/billing-manager-berlin-204780,Billing Manager
26,https://www.arbeitnow.com/jobs/companies/robco/regional-director-of-sales-munich-123214,Regional Director of Sales
26,https://www.arbeitnow.com/jobs/companies/brainershub-gmbh/graphic-designer-hamburg-138321,Graphic Designer (m/w/d)
26,https://www.arbeitnow.com/jobs/companies/gusti-leder-gmbh/verkauferin-werkstudent-potsdam-80295,Verkäuferin (m/w/d) - Werkstudent
26,https://www.arbeitnow.com/jobs/companies/gusti-leder-gmbh/mitarbeiterin-im-personalwesen-werkstudent-rostock-51275,Mitarbeiterin im Personalwesen (m/w/d) - Werkstudent
27,https://www.arbeitnow.com/jobs/companies/phw-gruppe/werkstudent-prozessingenieurwesen-minden-102704,Werkstudent Prozessingenieurwesen (m/w/d)
27,https://www.arbeitnow.com/jobs/companies/matchingcompany-powered-by-flexpeople-your-career-network/niederlassungsleitung-gn-fur-die-bereiche-medizin-pflege-villingen-schwenningen-314208,Niederlassungsleitung (gn) für die Bereiche Medizin/Pflege
27,https://www.arbeitnow.com/jobs/companies/zeinpharma-germany-gmbh/it-specialist-administrator-russelsheim-470407,IT Operations & System Specialist (m/w/d)
27,https://www.arbeitnow.com/jobs/companies/mandl-executives-experts/it-projekt-manager-munich-422992,IT Projekt Manager (m/w/d)
27,https://www.arbeitnow.com/jobs/companies/d11z-ventures/internship-investment-team-at-d11z-ventures-a-data-driven-venture-capital-fund-munich-70144,"Internship (Investment Team) at D11Z. Ventures, a data-driven Venture Capital Fund (Munich) (m/f/d)"
27,https://www.arbeitnow.com/jobs/companies/d11z-ventures/internship-investment-team-at-d11z-ventures-a-data-driven-venture-capital-fund-heilbronn-26732,"Internship (Investment Team) at D11Z. Ventures, a data-driven Venture Capital Fund (Heilbronn) (m/f/d)"
27,https://www.arbeitnow.com/jobs/companies/echo-poster-gmbh/senior-media-consultant-and-planer-ag-berlin-285457,Senior Media Consultant and Planer (ag)
27,https://www.arbeitnow.com/jobs/companies/icbc-frankfurt-branch/senior-relationship-manager-frankfurt-am-main-214980,Senior Relationship Manager (m/f/d)
27,https://www.arbeitnow.com/jobs/companies/genuine-beauty-gmbh/creator-manager-tiktok-shop-nl-cologne-196812,Creator Manager TikTok Shop - NL (m/f/d)
27,https://www.arbeitnow.com/jobs/companies/ubitium-gmbh/senior-software-engineer-processor-software-stack-karlsruhe-497791,Senior Software Engineer (Processor Software Stack)
27,https://www.arbeitnow.com/jobs/companies/connectingcase-gmbh/freiberufliche-it-monteure-fur-baustellen-bundesweit-mittelbiberach-45894,Freiberufliche IT-Monteure (m/w/d) für Baustellen - bundesweit
27,https://www.arbeitnow.com/jobs/companies/neolymp/creative-designer-berlin-164745,Creative Designer (m/w/d)
27,https://www.arbeitnow.com/jobs/companies/soley-gmbh/lead-product-marketing-b2b-enterprise-software-for-discrete-manufacturing-munich-71777,Lead Product Marketing - B2B Enterprise Software for Discrete Manufacturing (m/w/d)
27,https://www.arbeitnow.com/jobs/companies/synagen-gmbh/vp-engineering-berlin-344236,VP Engineering (m/f/d)
27,https://www.arbeitnow.com/jobs/companies/eventfrog/werkstudentin-marketing-kommunikation-standort-berlin-hybrid-310703,Werkstudent:in Marketing & Kommunikation (m/w/d) - Standort Berlin (hybrid)
27,https://www.arbeitnow.com/jobs/companies/consultport/senior-product-manager-berlin-373822,(Senior) Product Manager
27,https://www.arbeitnow.com/jobs/companies/amboss/senior-financial-systems-architect-workday-berlin-453178,Senior Financial Systems Architect - Workday
27,https://www.arbeitnow.com/jobs/companies/lemon-markets/product-manager-investing-berlin-463062,Product Manager - Investing (f/m/x)
27,https://www.arbeitnow.com/jobs/companies/lemon-markets/ai-enabled-governance-associate-berlin-375733,AI-Enabled Governance Associate (f/m/x)
27,https://www.arbeitnow.com/jobs/companies/melotech/founding-growth-manager-new-york-london-berlin-6378,Founding Growth Manager
27,https://www.arbeitnow.com/jobs/companies/melotech/music-producer-berlin-21322,Music Producer
27,https://www.arbeitnow.com/jobs/companies/melotech/data-scientist-new-york-london-berlin-436353,Data Scientist
27,https://www.arbeitnow.com/jobs/companies/peec-ai/chief-of-staff-sales-berlin-221423,Chief of Staff (Sales)
27,https://www.arbeitnow.com/jobs/companies/peec-ai/visiting-founders-associate-sales-berlin-448776,Visiting Founders Associate (Sales)
27,https://www.arbeitnow.com/jobs/companies/peec-ai/visiting-gtm-associate-berlin-378744,Visiting GTM Associate
27,https://www.arbeitnow.com/jobs/companies/peec-ai/growth-engineer-berlin-85130,Growth Engineer
27,https://www.arbeitnow.com/jobs/companies/bunch/senior-applied-ai-engineer-ai-platform-berlin-162773,"Senior Applied AI Engineer, AI Platform (f/m/d)"
27,https://www.arbeitnow.com/jobs/companies/ashby/enterprise-account-executive-germany-401492,Enterprise Account Executive - Germany
27,https://www.arbeitnow.com/jobs/companies/zeal-network/team-lead-engineering-finance-automation-hamburg-491998,Team Lead Engineering - Finance Automation
27,https://www.arbeitnow.com/jobs/companies/rohlik/operational-excellence-specialist-berlin-456970,Operational Excellence Specialist
27,https://www.arbeitnow.com/jobs/companies/deutsche-energy-terminal-gmbh/leiter-personalverwaltung-dusseldorf-364627,Leiter Personalverwaltung (m/w/d)
27,https://www.arbeitnow.com/jobs/companies/projektron-gmbh/duales-studium-bsc-wirtschaftsinformatik-2027-berlin-425495,Duales Studium (B.Sc.) Wirtschaftsinformatik 2027
27,https://www.arbeitnow.com/jobs/companies/2zero-gmbh/praktikum-online-marketing-social-media-kommunikation-nachhaltigkeits-start-up-berlin-443947,Praktikum - Online Marketing / Social Media / Kommunikation - Nachhaltigkeits Start-Up
27,https://www.arbeitnow.com/jobs/companies/kloepfel-group/category-manager-it-cologne-228688,Category Manager IT (m/w/d)
27,https://www.arbeitnow.com/jobs/companies/projektron-gmbh/duales-studium-bsc-informatik-2027-berlin-238571,Duales Studium (B.Sc.) Informatik 2027
27,https://www.arbeitnow.com/jobs/companies/orderbird-gmbh/performance-marketing-manager-berlin-430565,Performance Marketing Manager (d/w/m)
27,https://www.arbeitnow.com/jobs/companies/epilot-gmbh/remote-senior-staff-product-engineer-frontend-koln-341906,Senior/Staff Product Engineer (Frontend) (m/f/d)
27,https://www.arbeitnow.com/jobs/companies/epilot-gmbh/remote-senior-staff-product-engineer-full-stack-koln-435694,Senior/Staff Product Engineer (Full Stack) (m/f/d)
27,https://www.arbeitnow.com/jobs/companies/haiilo-1/senior-product-manager-hamburg-425919,Senior Product Manager
27,https://www.arbeitnow.com/jobs/companies/ppro/senior-fullstack-engineer-munich-429747,Senior Fullstack Engineer
27,https://www.arbeitnow.com/jobs/companies/bonial-international-gmbh/junior-accounting-specialist-berlin-389069,(Junior) Accounting Specialist (w/m/d)
27,https://www.arbeitnow.com/jobs/companies/glc-glucksburg-consulting-ag/geschaftsleitungsassistenz-mit-schwerpunkt-im-personalbereich-hamburg-370763,Geschäftsleitungsassistenz mit Schwerpunkt im Personalbereich (m/w/d)
27,https://www.arbeitnow.com/jobs/companies/die-lawgentur-gmbh/senior-associate-zivilrecht-gesellschaftsrecht-bis-200000-eur-partnerschaft-moglich-berlin-419135,"Senior Associate (m/w/d) Zivilrecht, Gesellschaftsrecht | bis 200.000 € | Partnerschaft möglich"
27,https://www.arbeitnow.com/jobs/companies/next-lotto-gmbh/senior-social-media-manager-konstanz-119409,(Senior) Social Media Manager (m/w/d)
27,https://www.arbeitnow.com/jobs/companies/social-heaven-studios-ug-haftungsbeschrankt/creative-strategist-ugc-performance-ads-berlin-331714,Creative Strategist UGC & Performance Ads (m/w/d)
27,https://www.arbeitnow.com/jobs/companies/iba-dosimetry-gmbh/head-of-operations-service-dosimetry-nuremberg-171626,Head of Operations & Service - Dosimetry
27,https://www.arbeitnow.com/jobs/companies/xalt-business-consulting-gmbh/atlassian-consultant-munich-493351,Atlassian Consultant (m/f/d)
27,https://www.arbeitnow.com/jobs/companies/ckm-group/praktikant-operations-office-management-berlin-471083,Praktikant Operations & Office Management (m/w/d)
27,https://www.arbeitnow.com/jobs/companies/genuine-beauty-gmbh/shop-manager-tiktok-shop-dach-cologne-155253,Shop Manager TikTok Shop DACH (m/f/d)
27,https://www.arbeitnow.com/jobs/companies/layenberger-nutrition-group-gmbh/e-commerce-manager-rodenbach-424536,E-Commerce Manager
28,https://www.arbeitnow.com/jobs/companies/alteos-gmbh/customer-care-claims-agent-netherlands-berlin-216622,Customer Care & Claims Agent Netherlands (m/f/d)
28,https://www.arbeitnow.com/jobs/companies/alteos-gmbh/customer-care-claims-agent-niederlande-berlin-382112,Customer Care & Claims Agent Niederlande (m/w/d)
28,https://www.arbeitnow.com/jobs/companies/statista/api-consultant-hamburg-125205,API Consultant (m/f/d)
28,https://www.arbeitnow.com/jobs/companies/statista/analytics-engineer-hamburg-or-berlin-238990,Analytics Engineer (m/w/d)
28,https://www.arbeitnow.com/jobs/companies/sereact-gmbh/system-reliability-engineer-germany-39368,System Reliability Engineer
28,https://www.arbeitnow.com/jobs/companies/eye-security/staff-product-marketing-manager-german-speaking-cybersecurity-berlin-203249,Staff Product Marketing Manager – German Speaking - Cybersecurity (m/f/x)
28,https://www.arbeitnow.com/jobs/companies/eye-security/staff-product-manager-german-speaking-managed-detection-and-incident-response-berlin-450402,Staff Product Manager – German Speaking - Managed Detection and Incident Response (m/f/x)
28,https://www.arbeitnow.com/jobs/companies/secfix/grc-specialist-munich-429314,GRC Specialist
28,https://www.arbeitnow.com/jobs/companies/secfix/grc-specialist-german-speaking-munich-281668,GRC Specialist (German-speaking)
28,https://www.arbeitnow.com/jobs/companies/almedia/vp-of-engineering-berlin-38626,VP of Engineering
28,https://www.arbeitnow.com/jobs/companies/almedia/ai-engineer-data-berlin-457327,AI Engineer - Data
28,https://www.arbeitnow.com/jobs/companies/voize/technical-account-manager-senior-care-berlin-15582,Technical Account Manager - Senior Care (m/f/d)
28,https://www.arbeitnow.com/jobs/companies/voize/senior-android-engineer-ci-cd-freelancer-berlin-320334,Senior Android Engineer CI/CD - (Freelancer)
28,https://www.arbeitnow.com/jobs/companies/voize/senior-freelance-android-engineer-kotlin-berlin-364828,Senior Freelance Android Engineer - Kotlin (m/f/d)
28,https://www.arbeitnow.com/jobs/companies/voize/technical-account-manager-hospital-berlin-443029,Technical Account Manager - Hospital (m/f/d)
28,https://www.arbeitnow.com/jobs/companies/n8n/sales-data-analyst-germany-240757,Sales Data Analyst
28,https://www.arbeitnow.com/jobs/companies/vly/werkstudentin-social-media-content-creation-berlin-216141,Werkstudent:in - Social Media / Content Creation
28,https://www.arbeitnow.com/jobs/companies/vitaforst-international-management-of-forest-landscape-ek/werkstudent-strategie-ausschreibungen-projektorganisation-zulpich-148752,"Werkstudent: Strategie, Ausschreibungen & Projektorganisation (m/w/d)"
28,https://www.arbeitnow.com/jobs/companies/finn/account-executive-munich-12655,Account Executive (m/w/d)
28,https://www.arbeitnow.com/jobs/companies/saviynt/remote-strategic-account-executive-germany-209723,Strategic Account Executive - Germany
28,https://www.arbeitnow.com/jobs/companies/weekday-1/remote-complex-claims-coverage-director-germany-126994,Complex Claims & Coverage Director
28,https://www.arbeitnow.com/jobs/companies/quantum-systems-gmbh/product-manager-autonomous-trucking-gilching-448587,Product Manager Autonomous Trucking (m/f/d)
28,https://www.arbeitnow.com/jobs/companies/agicap/account-executive-dach-smb-dusseldorf-132019,Account Executive DACH - SMB (m/f/d)
28,https://www.arbeitnow.com/jobs/companies/agicap/account-executive-dach-mid-market-dusseldorf-112445,Account Executive DACH - Mid-Market (m/f/d)
28,https://www.arbeitnow.com/jobs/companies/greenventory-gmbh/student-web-development-freiburg-im-breisgau-326089,Student Web Development
28,https://www.arbeitnow.com/jobs/companies/studio-michelmann-gmbh/social-media-content-manager-isernhagen-386858,Social Media & Content Manager (m/w/d)
28,https://www.arbeitnow.com/jobs/companies/startplatz-ai-academy/social-media-marketing-praktikum-cologne-211533,Social Media Marketing Praktikum (m/w/d)
28,https://www.arbeitnow.com/jobs/companies/skeltech-gmbh/duales-studium-wirtschaftsinformatik-data-engineering-frechen-475710,Duales Studium Wirtschaftsinformatik - Data Engineering (m/w/d)
28,https://www.arbeitnow.com/jobs/companies/husemann-fritz-gmbh/softwareentwickler-anwendungsentwicklung-bielefeld-322226,Softwareentwickler - Anwendungsentwicklung (m/w/d)
28,https://www.arbeitnow.com/jobs/companies/liganova-gmbh/product-expert-all-genders-automotive-brand-experience-stuttgart-193627,Product Expert (all genders) – Automotive Brand Experience
28,https://www.arbeitnow.com/jobs/companies/skeltech-gmbh/senior-data-engineering-azure-und-databricks-frechen-30676,Senior - Data Engineering (m/w/d) Azure und Databricks
28,https://www.arbeitnow.com/jobs/companies/southwestx/ceo-business-co-founder-role-at-startup-family-flow-homburg-52602,CEO / Business Co-Founder (f/m/d) role at startup FAMILY FLOW
28,https://www.arbeitnow.com/jobs/companies/rwkmp/business-manager-i-operations-digitalisierung-munster-434106,Business Manager (m/w/d) I Operations & Digitalisierung
28,https://www.arbeitnow.com/jobs/companies/startplatz-ai-academy/founders-associate-praktikum-cologne-294709,Founders Associate Praktikum (m/w/d)
28,https://www.arbeitnow.com/jobs/companies/roos-it-gmbh-co-kg/consultant-projektsteuerung-aachen-178431,Consultant Projektsteuerung (m/w/d)
28,https://www.arbeitnow.com/jobs/companies/sediwork/freelance-qa-tester-software-tester-leipzig-218890,Freelance QA Tester / Software-Tester (m/w/d)
28,https://www.arbeitnow.com/jobs/companies/horpartner-gmbh/mitarbeiter-buroorganisation-administration-quereinsteiger-willkommen-berlin-311410,Mitarbeiter Büroorganisation / Administration (m/w/d) Quereinsteiger willkommen
28,https://www.arbeitnow.com/jobs/companies/skeltech-gmbh/senior-data-plattform-engineering-azure-und-databricks-frechen-406954,Senior - Data Plattform Engineering (m/w/d) Azure und Databricks
28,https://www.arbeitnow.com/jobs/companies/traze-gmbh/head-of-it-operations-vessels-flensburg-305985,Head of IT Operations Vessels - (m/w/d)
28,https://www.arbeitnow.com/jobs/companies/personalberatung-pillong/leitung-statik-und-tragwerksplanung-saarbrucken-336695,Leitung Statik und Tragwerksplanung (m/w/d)
28,https://www.arbeitnow.com/jobs/companies/skeltech-gmbh/senior-java-fullstack-developer-azure-und-databricks-frechen-386158,Senior - Java Fullstack Developer (m/w/d) Azure und Databricks
28,https://www.arbeitnow.com/jobs/companies/bildbrauerei-gmbh/social-media-manager-in-heidelberg-35633,Social Media Manager/in (m/w/d)
28,https://www.arbeitnow.com/jobs/companies/kali-energy/co-founder-business-finance-commercial-berlin-398227,"Co-Founder - Business, Finance & Commercial (m/f/d)"
28,https://www.arbeitnow.com/jobs/companies/kamberi-group-holding-gmbh/content-creator-mwd-fulda-338957,Content Creator (m|w|d)
28,https://www.arbeitnow.com/jobs/companies/wortmann-kg-internationale-schuhproduktionen/praktikant-im-bereich-online-marketing-detmold-319030,Praktikant (m/w/d) im Bereich Online Marketing
28,https://www.arbeitnow.com/jobs/companies/eleqtron-gmbh/qa-engineer-quantum-computing-siegen-333060,QA Engineer - Quantum Computing (m/w/d)
28,https://www.arbeitnow.com/jobs/companies/primark-mode-ltd-co-kg/people-culture-supervisor-personalsachbearbeiter-in-kiel-396257,People & Culture Supervisor / Personalsachbearbeiter (w/m/d) in Kiel
28,https://www.arbeitnow.com/jobs/companies/smartlogy-sicherheitstechnik-gmbh/werkstudent-pflichtpraktikant-grafikdesign-marketing-hanover-137964,Werkstudent/Pflichtpraktikant (m/w/d) Grafikdesign/Marketing
28,https://www.arbeitnow.com/jobs/companies/sunlab-gmbh/ausbildung-zum-kaufmann-zur-kauffrau-fur-marketingkommunikation-aschaffenburg-102779,Ausbildung zum Kaufmann / zur Kauffrau für Marketingkommunikation (m/w/d)
28,https://www.arbeitnow.com/jobs/companies/sic-architekten-gmbh/werkstudent-in-der-gebaudetechnik-heizung-kalte-luftung-sanitar-cologne-131112,"Werkstudent (m/w/d) in der Gebäudetechnik (Heizung, Kälte, Lüftung, Sanitär)"
29,https://www.arbeitnow.com/jobs/companies/camunda/remote-senior-sales-engineer-north-america-44790,Senior Sales Engineer - North America
29,https://www.arbeitnow.com/jobs/companies/camunda/remote-senior-sales-engineer-life-science-north-america-273744,Senior Sales Engineer - Life Science - North America
29,https://www.arbeitnow.com/jobs/companies/camunda/remote-senior-sales-engineer-dach-492983,Senior Sales Engineer - DACH
29,https://www.arbeitnow.com/jobs/companies/camunda/remote-customer-success-manager-amer-94355,Customer Success Manager - AMER
29,https://www.arbeitnow.com/jobs/companies/camunda/remote-manager-adr-emea-251044,"Manager, ADR - EMEA"
29,https://www.arbeitnow.com/jobs/companies/the-exploration-company/ai-and-computer-vision-engineer-munich-135653,AI and Computer Vision Engineer
29,https://www.arbeitnow.com/jobs/companies/the-exploration-company/emc-emi-engineer-munich-342176,EMC/EMI Engineer
29,https://www.arbeitnow.com/jobs/companies/the-exploration-company/ait-mgse-engineer-munich-463125,AIT MGSE Engineer
29,https://www.arbeitnow.com/jobs/companies/enpal/partner-sales-manager-freiburg-347193,Partner Sales Manager (w/m/d)
29,https://www.arbeitnow.com/jobs/companies/enpal/revenue-manager-sales-performance-essen-384302,Revenue Manager Sales Performance (m/w/d)
29,https://www.arbeitnow.com/jobs/companies/enpal/b2b-sales-manager-berlin-244036,B2B Sales Manager (w/m/d)
29,https://www.arbeitnow.com/jobs/companies/enpal/account-manager-b2b-berlin-102822,Account Manager - B2B (w/m/d)
29,https://www.arbeitnow.com/jobs/companies/enpal/key-account-manager-b2b-berlin-366991,Key Account Manager - B2B (w/m/d)
29,https://www.arbeitnow.com/jobs/companies/centric-health-deutschland-gmbh/talent-acquisition-specialist-recruiter-oberwesel-91548,Talent Acquisition Specialist / Recruiter (m/w/d)
29,https://www.arbeitnow.com/jobs/companies/aortex-ug-haftungsbeschrankt/entwicklungsingenieurin-stentgraft-und-delivery-system-hamburg-479809,Entwicklungsingenieur:in (m/w/d) Stentgraft und Delivery-System
29,https://www.arbeitnow.com/jobs/companies/hydromapper-gmbh/customer-success-manager-business-analyst-b2b-saas-hamburg-498820,Customer Success Manager / Business Analyst B2B SaaS (w/m/d)
29,https://www.arbeitnow.com/jobs/companies/flatexdegiro-se/werkstudent-in-wertpapierabwicklung-neuss-437628,Werkstudent/in Wertpapierabwicklung in Neuss (m/w/d)
29,https://www.arbeitnow.com/jobs/companies/4screen/business-ops-intern-people-culture-munich-18201,Business Ops Intern - People & Culture (f/m/x)
29,https://www.arbeitnow.com/jobs/companies/k-tronik-gmbh/full-stack-developer-nuremberg-187318,Full Stack Developer (m/w/x)
29,https://www.arbeitnow.com/jobs/companies/wortmann-kg-internationale-schuhproduktionen/kaufmannischer-mitarbeiter-qualitatssicherung-detmold-420799,Kaufmännischer Mitarbeiter Qualitätssicherung (m/w/d)
29,https://www.arbeitnow.com/jobs/companies/malt/strategic-account-executive-enterprise-dach-munich-156534,Strategic Account Executive Enterprise - DACH
29,https://www.arbeitnow.com/jobs/companies/accurids-gmbh/senior-devops-cloud-engineer-koln-259088,Senior DevOps/ Cloud Engineer (f/m/d)
29,https://www.arbeitnow.com/jobs/companies/accurids-gmbh/senior-full-stack-developer-java-react-koln-442589,Senior Full Stack Developer | Java / React (f/m/d)
29,https://www.arbeitnow.com/jobs/companies/visionm-gmbh/technical-field-engineer-montage-inbetriebnahme-gn-mainz-158990,Technical Field Engineer - Montage & Inbetriebnahme (gn)
29,https://www.arbeitnow.com/jobs/companies/motus-software-gmbh/werkstudent-it-projektmanagement-erp-software-regensburg-160454,Werkstudent - IT Projektmanagement ERP Software (m/w/d)
29,https://www.arbeitnow.com/jobs/companies/volt-venture-gmbh/werkstudent-produktmanagement-munster-168104,Werkstudent Produktmanagement (m/w/d)
29,https://www.arbeitnow.com/jobs/companies/mika/head-of-growth-all-genders-b2b-saas-fur-kmu-berlin-243334,Head of Growth (all genders) B2B SaaS für KMU
29,https://www.arbeitnow.com/jobs/companies/seomatik-gmbh/praktikum-online-marketing-marketing-ki-ai-bielefeld-406022,Praktikum Online-Marketing / Marketing / KI / AI
29,https://www.arbeitnow.com/jobs/companies/contentyou/grafikdesignerin-social-media-managerin-munster-278763,Grafikdesigner:in / Social-Media-Manager:in (m/w/d)
29,https://www.arbeitnow.com/jobs/companies/cbre-global-workplace-solutions-data-center-solutions/head-of-projects-data-center-frankfurt-am-main-153841,Head of Projects (m/w/d) - Data Center
29,https://www.arbeitnow.com/jobs/companies/flexit-consulting-gmbh/it-system-engineer-systemadministrator-citrix-dortmund-275803,IT System Engineer / Systemadministrator Citrix (m/w/d)
29,https://www.arbeitnow.com/jobs/companies/cbre-global-workplace-solutions-data-center-solutions/head-of-projects-data-center-frankfurt-am-main-347890,Head of Projects (m/w/d) - Data Center
29,https://www.arbeitnow.com/jobs/companies/flexit-consulting-gmbh/sap-ewm-inhouse-consultant-sap-ewm-berater-dortmund-55050,SAP EWM Inhouse Consultant / SAP EWM Berater (m/w/d)
29,https://www.arbeitnow.com/jobs/companies/1komma50/junior-seo-ai-marketing-manager-berlin-21224,(Junior) SEO & AI Marketing Manager (m/w/d)
29,https://www.arbeitnow.com/jobs/companies/hey-contact-heroes-gmbh/freelancer-im-inbound-customer-service-innerhalb-der-eu-100-remote-deutsch-c1-c2-hamburg-6532,Freelancer im Inbound Customer Service - innerhalb der EU - 100% Remote - Deutsch C1/C2
29,https://www.arbeitnow.com/jobs/companies/hey-contact-heroes-gmbh/freelancer-gesucht-inbound-remote-home-office-in-der-eu-hamburg-420189,Freelancer (m/w/d) gesucht: Inbound - Remote/Home Office in der EU!
29,https://www.arbeitnow.com/jobs/companies/hey-contact-heroes-gmbh/eu-freelancer-inbound-customer-service-100-homeoffice-hamburg-215409,EU Freelancer (m/w/d) - Inbound Customer Service - 100% Homeoffice
29,https://www.arbeitnow.com/jobs/companies/sine-engineering/key-account-executive-germany-242479,Key Account Executive
29,https://www.arbeitnow.com/jobs/companies/clickhouse/principal-database-performance-engineer-core-engineering-c-germany-47542,Principal Database Performance Engineer - Core Engineering (C++)
29,https://www.arbeitnow.com/jobs/companies/tactiliarobotics/mechanical-engineer-munich-62698,Mechanical Engineer (f/m/d)
29,https://www.arbeitnow.com/jobs/companies/tactiliarobotics/application-engineer-munich-68668,Application Engineer (f/m/d)
29,https://www.arbeitnow.com/jobs/companies/tactiliarobotics/cto-munich-50404,CTO (f/m/d)
29,https://www.arbeitnow.com/jobs/companies/constructor/staff-product-manager-agentic-discovery-munich-360944,Staff Product Manager: Agentic Discovery
29,https://www.arbeitnow.com/jobs/companies/arsipa-gmbh/it-change-manager-software-rollout-digitalisierung-berlin-70788,IT Change Manager (w/m/d) - Software Rollout & Digitalisierung
29,https://www.arbeitnow.com/jobs/companies/jobgether/backend-developer-java-spring-boot-germany-20204,Backend Developer (Java/Spring Boot)
29,https://www.arbeitnow.com/jobs/companies/mondaycom/channel-partner-manager-cee-munich-325617,Channel Partner Manager - CEE
29,https://www.arbeitnow.com/jobs/companies/angi/performance-marketing-manager-paid-search-berlin-25283,"Performance Marketing Manager, Paid Search"
29,https://www.arbeitnow.com/jobs/companies/neko-health/construction-project-manager-germany-berlin-351050,"Construction Project Manager, Germany"
29,https://www.arbeitnow.com/jobs/companies/stackfuel/coding-tutor-lehrkraft-all-genders-berlin-494797,Coding Tutor/Lehrkraft (all genders)
29,https://www.arbeitnow.com/jobs/companies/pergolux/analytics-engineer-marketing-growth-berlin-222553,Analytics Engineer - Marketing & Growth
30,https://www.arbeitnow.com/jobs/companies/pergolux/senior-global-controller-fulda-456817,Senior Global Controller
30,https://www.arbeitnow.com/jobs/companies/plancraft/sales-manager-saas-b2b-hamburg-163947,Sales Manager – SaaS/B2B (f/m/d)
30,https://www.arbeitnow.com/jobs/companies/heaten-germany-gmbh/werkstudentin-sales-product-management-remscheid-339987,Werkstudent:in Sales & Product Management
30,https://www.arbeitnow.com/jobs/companies/netlight/working-student-business-development-pre-sales-support-hamburg-38794,Working Student Business Development / Pre-Sales Support (m/f/d)
30,https://www.arbeitnow.com/jobs/companies/netlight/software-engineering-data-and-ai-engineering-it-management-consultant-2026-27-graduate-hamburg-96453,Software Engineering /Data and AI Engineering/ IT-Management Consultant (2026/27 Graduate) (m/f/d)
30,https://www.arbeitnow.com/jobs/companies/kpler/job-title-senior-account-executive-maritime-germany-393009,Job Title Senior Account Executive - Maritime - Germany
30,https://www.arbeitnow.com/jobs/companies/access-destination-services/remote-director-of-national-accounts-383691,Director of National Accounts
30,https://www.arbeitnow.com/jobs/companies/quantum-systems-gmbh/senior-frontend-engineer-cloud-solutions-gilching-250205,(Senior) Frontend Engineer – Cloud Solutions (m/f/d)
30,https://www.arbeitnow.com/jobs/companies/quantum-systems-gmbh/chief-engineer-autonomous-trucking-munchen-222076,Chief Engineer Autonomous Trucking (m/f/d)
30,https://www.arbeitnow.com/jobs/companies/quantum-systems-gmbh/software-release-configuration-manager-gilching-114452,Software Release & Configuration Manager (m/f/d)
30,https://www.arbeitnow.com/jobs/companies/quantum-systems-gmbh/cloud-fleet-data-engineer-wessling-266772,Cloud & Fleet Data Engineer
30,https://www.arbeitnow.com/jobs/companies/octopus-energy-group/werkstudentin-people-operations-heidelberg-de-73609,Werkstudent*in People Operations (w/m/d)
30,https://www.arbeitnow.com/jobs/companies/octopus-energy-group/werkstudentin-politik-kommunikation-regulierung-berlin-de-405587,"Werkstudent*in (m/w/d) Politik, Kommunikation & Regulierung"
30,https://www.arbeitnow.com/jobs/companies/pflegia/senior-product-owner-berlin-336312,Senior Product Owner (m/w/d)
30,https://www.arbeitnow.com/jobs/companies/muvn/performance-marketing-managerin-all-genders-fur-paid-ads-creatives-und-ki-hamburg-373814,"Performance Marketing Manager:in (all genders) für Paid Ads, Creatives und KI"
30,https://www.arbeitnow.com/jobs/companies/1komma50/internship-ai-automation-energy-berlin-78409,Internship AI & Automation - Energy (m/f/d)
30,https://www.arbeitnow.com/jobs/companies/lightspeedhq/senior-analyst-data-operations-and-analytics-all-genders-berlin-83671,"Senior Analyst, Data Operations and Analytics (all genders)"
30,https://www.arbeitnow.com/jobs/companies/lightspeedhq/analyst-data-operations-analytics-all-genders-berlin-247035,"Analyst, Data Operations & Analytics (all genders)"
30,https://www.arbeitnow.com/jobs/companies/lightspeedhq/field-account-executive-stuttgart-wmd-248842,"Field Account Executive - Stuttgart (w,m,d)"
30,https://www.arbeitnow.com/jobs/companies/onhires/sales-development-representative-germany-378839,Sales Development Representative
30,https://www.arbeitnow.com/jobs/companies/onhires/account-executive-industrial-technology-germany-397433,Account Executive — Industrial Technology
30,https://www.arbeitnow.com/jobs/companies/1komma50/internship-process-operations-energy-berlin-246803,Internship Process & Operations - Energy (m/f/d)
30,https://www.arbeitnow.com/jobs/companies/trusted-shops-se-de/senior-sales-manager-dach-cologne-340205,Senior Sales Manager DACH (f/m/d)
30,https://www.arbeitnow.com/jobs/companies/machine-learning-reply/agentic-ai-software-engineer-munich-284395,Agentic AI Software Engineer
30,https://www.arbeitnow.com/jobs/companies/machine-learning-reply/machine-learning-consultant-munich-493328,Machine Learning Consultant (m/w/d)
30,https://www.arbeitnow.com/jobs/companies/limehome/werkstudentin-finance-accounting-munchen-245674,Werkstudent:in Finance & Accounting (m/f/d)
30,https://www.arbeitnow.com/jobs/companies/alcemy/backend-engineer-data-berlin-175373,Backend Engineer - Data (m/f/d)
30,https://www.arbeitnow.com/jobs/companies/4chain-consulting/kalkulator-tiefbau-mit-moderner-software-75k-105k-bremen-278567,Kalkulator (m/w/d) - Tiefbau - mit moderner Software 75k-105k
30,https://www.arbeitnow.com/jobs/companies/4chain-consulting/kalkulator-tiefbau-mit-moderner-software-75k-105k-osnabruck-110235,Kalkulator (m/w/d) - Tiefbau - mit moderner Software 75k-105k
30,https://www.arbeitnow.com/jobs/companies/4chain-consulting/kalkulator-tiefbau-mit-moderner-software-75k-105k-hanover-216008,Kalkulator (m/w/d) - Tiefbau - mit moderner Software 75k-105k
30,https://www.arbeitnow.com/jobs/companies/4chain-consulting/kalkulator-ingenieurbau-bruckenbau-mit-moderner-software-75k-105k-cologne-381892,Kalkulator (m/w/d) - Ingenieurbau/Brückenbau - mit moderner Software 75k-105k
30,https://www.arbeitnow.com/jobs/companies/4chain-consulting/kalkulator-ingenieurbau-bruckenbau-mit-moderner-software-75k-105k-dusseldorf-10408,Kalkulator (m/w/d) - Ingenieurbau/Brückenbau - mit moderner Software 75k-105k
30,https://www.arbeitnow.com/jobs/companies/4chain-consulting/kalkulator-ingenieurbau-bruckenbau-mit-moderner-software-75k-105k-dortmund-227483,Kalkulator (m/w/d) - Ingenieurbau/Brückenbau - mit moderner Software 75k-105k
30,https://www.arbeitnow.com/jobs/companies/4chain-consulting/kalkulator-ingenieur-tiefbau-mit-moderner-software-75k-105k-leipzig-391342,Kalkulator (m/w/d) - Ingenieur-/Tiefbau - mit moderner Software 75k-105k
30,https://www.arbeitnow.com/jobs/companies/4chain-consulting/kalkulator-ingenieur-tiefbau-mit-moderner-software-75k-105k-berlin-434846,Kalkulator (m/w/d) - Ingenieur-/Tiefbau - mit moderner Software 75k-105k
30,https://www.arbeitnow.com/jobs/companies/kolibrigames/senior-unity-developer-core-game-tech-berlin-germany-286905,Senior Unity Developer - Core Game Tech (f/m/d)
30,https://www.arbeitnow.com/jobs/companies/researchgate/senior-frontend-engineer-react-berlin-139921,Senior Frontend Engineer - React
30,https://www.arbeitnow.com/jobs/companies/myautoabo/werkstudent-journalismus-seo-marketing-auto-fan-mit-schreibtalent-gesucht-berlin-30593,Werkstudent (m/w/d) Journalismus & SEO-Marketing | Auto-Fan mit Schreibtalent gesucht!
30,https://www.arbeitnow.com/jobs/companies/hr-consultants-gmbh/hr-generalist-hamburg-115455,HR-Generalist (m/w/d)
30,https://www.arbeitnow.com/jobs/companies/myautoabo/werkstudent-fullstack-developer-berlin-304491,Werkstudent (m/w/d) | Fullstack Developer
30,https://www.arbeitnow.com/jobs/companies/zip/commercial-account-executive-munich-429157,Commercial Account Executive
30,https://www.arbeitnow.com/jobs/companies/happyhotel/senior-machine-learning-engineer-offenburg-449755,Senior Machine Learning Engineer (m/w/d)
30,https://www.arbeitnow.com/jobs/companies/happyhotel/senior-machine-learning-engineer-offenburg-13746,Senior Machine Learning Engineer (m/f/d)
30,https://www.arbeitnow.com/jobs/companies/vf-nutrition-gmbh/werkstudentin-social-media-content-creation-berlin-327840,Werkstudent:in - Social Media / Content Creation
30,https://www.arbeitnow.com/jobs/companies/vly/werkstudentin-social-media-content-creation-berlin-355956,Werkstudent:in - Social Media / Content Creation
30,https://www.arbeitnow.com/jobs/companies/openx/buyer-development-sr-director-dach-munich-321699,Buyer Development Sr Director DACH
30,https://www.arbeitnow.com/jobs/companies/entwurfreich-gmbh/fordermittelberater-berater-forschungszulage-100-remote-dusseldorf-30448,Fördermittelberater / Berater Forschungszulage (m/w/d) - 100 % remote
30,https://www.arbeitnow.com/jobs/companies/kasmayr-gmbh/werkstudentin-im-business-development-key-accounting-walldorf-23090,Werkstudent:in (m/w/d) im Business Development & Key Accounting
30,https://www.arbeitnow.com/jobs/companies/bauwatch-group/senior-key-account-manager-data-center-frankfurt-386923,(Senior) Key Account Manager (m/w/d) - Data Center
30,https://www.arbeitnow.com/jobs/companies/bauwatch-group/senior-key-account-manager-bauhauptsektor-baden-wurttemberg-113089,(Senior) Key Account Manager (m/w/d) - Bauhauptsektor
31,https://www.arbeitnow.com/jobs/companies/hairfree/senior-sales-manager-trier-58625,(Senior) Sales Manager (m/w/d)
31,https://www.arbeitnow.com/jobs/companies/hairfree/senior-sales-manager-munchen-444028,(Senior) Sales Manager (m/w/d)
31,https://www.arbeitnow.com/jobs/companies/chapters-group-ag/cloud-and-ai-engineer-cologne-473530,Cloud and AI Engineer
31,https://www.arbeitnow.com/jobs/companies/rochus-mummert-digital-gmbh/executive-assistant-fur-den-ceo-tubingen-264509,Executive Assistant (m/w/d) für den CEO
31,https://www.arbeitnow.com/jobs/companies/optimum-gmbh/freie-handelsvertreter-nach-84-hgb-fur-pv-und-warmepumpenprojekte-cologne-288364,Freie Handelsvertreter (m/w/d) nach § 84 HGB für PV- und Wärmepumpenprojekte
31,https://www.arbeitnow.com/jobs/companies/upvest/senior-fullstack-engineer-berlin-144579,Senior Fullstack Engineer (f/m/d)
31,https://www.arbeitnow.com/jobs/companies/buena/senior-property-manager-operations-implementierung-berlin-340088,Senior Property Manager – Operations & Implementierung (m/w/d)
31,https://www.arbeitnow.com/jobs/companies/liqid-lam/intern-quantitative-investment-analyst-berlin-347845,Intern Quantitative Investment Analyst (f/m/d)
31,https://www.arbeitnow.com/jobs/companies/trading212/business-recruiter-germany-336795,Business Recruiter
31,https://www.arbeitnow.com/jobs/companies/trading212/product-recruiter-germany-68714,Product Recruiter
31,https://www.arbeitnow.com/jobs/companies/trading212/social-media-intern-berlin-260200,Social Media Intern
31,https://www.arbeitnow.com/jobs/companies/mammaly/marketing-praktikant-all-genders-berlin-357438,Marketing Praktikant (all genders)
31,https://www.arbeitnow.com/jobs/companies/optimum-gmbh/freie-handelsvertreter-nach-84-hgb-fur-pv-und-warmepumpenprojekte-osnabruck-124970,Freie Handelsvertreter (m/w/d) nach § 84 HGB für PV- und Wärmepumpenprojekte
31,https://www.arbeitnow.com/jobs/companies/fino-data-services-gmbh/freelance-marketing-support-all-genders-kassel-48192,Freelance Marketing Support (all genders)
31,https://www.arbeitnow.com/jobs/companies/optimum-gmbh/freie-handelsvertreter-nach-84-hgb-fur-pv-und-warmepumpenprojekte-stuttgart-19111,Freie Handelsvertreter (m/w/d) nach § 84 HGB für PV- und Wärmepumpenprojekte
31,https://www.arbeitnow.com/jobs/companies/niologic/werkstudent-in-software-engineering-for-ai-systems-cologne-29534,Werkstudent/in Software Engineering for AI Systems (m/w/d)
31,https://www.arbeitnow.com/jobs/companies/omnora-gmbh/head-of-sales-frankfurt-am-main-483801,Head of Sales (m/w/d)
31,https://www.arbeitnow.com/jobs/companies/alte-forsterei-1-fc-union-berlin-ev/hostessen-service-barkrafte-auf-minijob-basis-berlin-443193,Hostessen / Service- & Barkräfte (m/w/d) auf Minijob-Basis
31,https://www.arbeitnow.com/jobs/companies/currenta-gruppe/hochschulpraktikant-bei-der-werkfeuerwehr-leverkusen-111151,Hochschulpraktikant bei der Werkfeuerwehr (m/w/d)
31,https://www.arbeitnow.com/jobs/companies/currenta-gruppe/werkstudent-engineering-logistic-dormagen-162140,Werkstudent (m/w/d) Engineering Logistic
31,https://www.arbeitnow.com/jobs/companies/currenta-gruppe/werkstudent-engineering-logistic-krefeld-132701,Werkstudent (m/w/d) Engineering Logistic
31,https://www.arbeitnow.com/jobs/companies/benuta-gmbh/senior-performance-marketing-manager-performance-marketing-mmm-ai-berlin-160516,"Senior Performance Marketing Manager – Performance Marketing, MMM & AI (m/w/d)"
31,https://www.arbeitnow.com/jobs/companies/benuta-gmbh/senior-performance-marketing-manager-paid-social-ai-berlin-476502,Senior Performance Marketing Manager – Paid Social & AI (m/w/d)
31,https://www.arbeitnow.com/jobs/companies/eleqtron-gmbh/cloud-engineer-quantum-computing-siegen-485952,Cloud Engineer - Quantum Computing (m/w/d)
31,https://www.arbeitnow.com/jobs/companies/eleqtron-gmbh/senior-ui-ux-engineer-quantum-computing-siegen-394571,Senior UI/UX Engineer- Quantum Computing (m/w/d)
31,https://www.arbeitnow.com/jobs/companies/eleqtron-gmbh/senior-embedded-arm-engineer-quantum-computing-siegen-44844,Senior Embedded (ARM) Engineer - Quantum Computing (m/w/d)
31,https://www.arbeitnow.com/jobs/companies/my-jewellery/werkstudent-munchen-127111,Werkstudent München (m/w/d)
31,https://www.arbeitnow.com/jobs/companies/lever-implementation-training-environment/data-scientist-berlin-germany-363083,Data Scientist
31,https://www.arbeitnow.com/jobs/companies/relais-control-gmbh-co-kg/projektingenieur-techniker-luftfahrttechnik-stade-416678,Projektingenieur Luftfahrttechnik (m/w/d)
31,https://www.arbeitnow.com/jobs/companies/kuchenkompane/social-media-praktikantin-hamburg-404557,Social Media Praktikant:in (m/w/d)
31,https://www.arbeitnow.com/jobs/companies/bifrost-defence/aerospace-engineer-working-student-luft-munich-256937,Aerospace Engineer - Working Student Luft
31,https://www.arbeitnow.com/jobs/companies/niologic/trainee-ai-engineering-in-der-unternehmensberatung-hurth-232683,Trainee AI Engineering in der Unternehmensberatung
31,https://www.arbeitnow.com/jobs/companies/quantum-systems-gmbh/cloud-fleet-data-engineer-wessling-95796,Cloud & Fleet Data Engineer
31,https://www.arbeitnow.com/jobs/companies/prestige-service-gmbh/servicekrafte-eventlogistik-eventpersonal-ab-17-eur-std-berlin-155042,Servicekräfte / Eventlogistik / Eventpersonal (m/w/d) ab 17 €/Std.
31,https://www.arbeitnow.com/jobs/companies/ingenieurburo-spettmann-kahr/projektingenieurin-munster-136072,Projektingenieur:in (m/w/d)
31,https://www.arbeitnow.com/jobs/companies/stay-stiftung-fur-multiplikative-entwicklung/praktikum-im-bereich-mediengestaltung-projektmanagement-ab-anfang-november-stuttgart-287815,Praktikum im Bereich Mediengestaltung & Projektmanagement (m/w/d) AB ANFANG NOVEMBER
31,https://www.arbeitnow.com/jobs/companies/stay-stiftung-fur-multiplikative-entwicklung/praktikum-entwicklungszusammenarbeit-fordermittel-ab-anfang-dezember-stuttgart-448440,Praktikum Entwicklungszusammenarbeit & Fördermittel (m/w/d) AB ANFANG DEZEMBER
31,https://www.arbeitnow.com/jobs/companies/oestmann-gmbh/it-systemadministrator-hamburg-388729,IT-Systemadministrator (m/w/d)
31,https://www.arbeitnow.com/jobs/companies/enua-pharma-gmbh/data-analyst-controller-bi-finance-cologne-253715,Data Analyst / Controller (w/m/d) - BI & Finance
31,https://www.arbeitnow.com/jobs/companies/buesken-strategy-consulting/android-developer-dusseldorf-455241,Android Developer (m/w/d)
31,https://www.arbeitnow.com/jobs/companies/spo-comm-gmbh/mini-job-werkstudent-in-der-it-montage-nuremberg-424782,Mini-Job / Werkstudent (m/w/d) in der IT-Montage
31,https://www.arbeitnow.com/jobs/companies/citema-systems-gmbh/devops-engineer-kiel-372234,DevOps Engineer (m/w/d)
31,https://www.arbeitnow.com/jobs/companies/nanacom-kommunikationskollektiv-gmbh/digital-communications-consultant-project-manager-munich-152536,Digital Communications Consultant & Project Manager (w/m/d)
31,https://www.arbeitnow.com/jobs/companies/greenventory-gmbh/student-datascience-freiburg-im-breisgau-288902,Student Datascience
31,https://www.arbeitnow.com/jobs/companies/expert-warenvertrieb-gmbh/abteilungsleitung-kredit-finanzierungs-und-debitorenmanagement-langenhagen-43479,"Abteilungsleitung (m/w/x) Kredit-, Finanzierungs,- und Debitorenmanagement"
31,https://www.arbeitnow.com/jobs/companies/roos-vehicle-logistics-gmbh/personalsachbearbeitung-in-vollzeit-oder-teilzeit-ingolstadt-187383,Personalsachbearbeitung in Vollzeit oder Teilzeit (m/w/d)
31,https://www.arbeitnow.com/jobs/companies/apollo-ventures/senior-consultant-strukturierte-finanzierung-fordermittel-100-remote-vollzeit-munchen-468295,"(Senior) Consultant (m/w/d) Strukturierte Finanzierung, Fördermittel; 100% remote, Vollzeit"
31,https://www.arbeitnow.com/jobs/companies/mobileye/senior-engineering-program-manager-stuttgart-munich-germany-141404,Senior Engineering Program Manager - Stuttgart (w/m/d)
31,https://www.arbeitnow.com/jobs/companies/ontarget-communications/senior-learning-developer-berlin-19964,Senior Learning Developer
31,https://www.arbeitnow.com/jobs/companies/jobgether/associate-director-medical-affairs-germany-275735,"Associate Director, Medical Affairs"
32,https://www.arbeitnow.com/jobs/companies/jobgether/ai-engineer-germany-271668,AI Engineer
32,https://www.arbeitnow.com/jobs/companies/founderlab-gmbh/dse-digital-systems-engineer-fur-erp-e-commerce-nordhorn-175566,DSE - Digital Systems Engineer für ERP / E-Commerce (M/W/D)
32,https://www.arbeitnow.com/jobs/companies/dicos/it-monitoring-aiops-engineer-event-alarm-management-darmstadt-306353,IT Monitoring & AIOPS Engineer Event- & Alarm-Management (w/m/d)
32,https://www.arbeitnow.com/jobs/companies/heinrich-wietholt-gmbh/servicetechniker-munster-33231,Servicetechniker (m/w/d)
32,https://www.arbeitnow.com/jobs/companies/pizzora/social-media-manager-content-creator-pizzora-passau-290540,Social Media Manager / Content Creator - Pizzora
32,https://www.arbeitnow.com/jobs/companies/ctk-gesellschaft-fur-computertechnologie-mbh/ausbildung-zum-fachinformatiker-fur-anwendungsentwicklung-greding-331988,Ausbildung zum Fachinformatiker für Anwendungsentwicklung (m/w/d)
32,https://www.arbeitnow.com/jobs/companies/ctk-gesellschaft-fur-computertechnologie-mbh/ausbildung-zum-it-system-elektroniker-greding-376427,Ausbildung zum IT-System-Elektroniker (m/w/d)
32,https://www.arbeitnow.com/jobs/companies/ctk-gesellschaft-fur-computertechnologie-mbh/ausbilung-zum-kaufmann-fur-it-system-management-greding-430611,Ausbilung zum Kaufmann für IT-System-Management (m/w/d)
32,https://www.arbeitnow.com/jobs/companies/ctk-gesellschaft-fur-computertechnologie-mbh/mediengestalter-digital-print-grafikdesigner-webdesigner-greding-178173,Mediengestalter Digital & Print / Grafikdesigner / Webdesigner (m/w/d)
32,https://www.arbeitnow.com/jobs/companies/ctk-gesellschaft-fur-computertechnologie-mbh/ausbildung-zum-mediengestalter-digital-und-print-greding-41246,Ausbildung zum Mediengestalter Digital und Print (m/w/d)
32,https://www.arbeitnow.com/jobs/companies/tmt-prufservice-gmbh-co-kg/sovereign-cloud-engineer-walldorf-51649,Sovereign Cloud Engineer (m/w/d)
32,https://www.arbeitnow.com/jobs/companies/pamono-gmbh/hr-administrator-w-m-d-berlin-93901,"HR Administrator (w, m, d)"
32,https://www.arbeitnow.com/jobs/companies/realstudio-gmbh/head-of-account-management-100-remote-b2b-berlin-429856,Head of Account Management (m/w/d) - 100% Remote - B2B
32,https://www.arbeitnow.com/jobs/companies/selise-group-ag/sales-partner-manager-germany-berlin-215575,Sales & Partner Manager Germany (m/w/d)
32,https://www.arbeitnow.com/jobs/companies/altenburg-unternehmensberatung/unternehmensberaterin-dusseldorf-317598,Unternehmensberater:in
32,https://www.arbeitnow.com/jobs/companies/berliner-team/marketing-und-office-managerin-hennigsdorf-454930,Marketing und Office Manager*in (m/w/d)
32,https://www.arbeitnow.com/jobs/companies/addfame-gmbh/werkstudent-paid-social-munich-336445,Werkstudent (m/w/d) Paid Social
32,https://www.arbeitnow.com/jobs/companies/jobmatches/projektleitung-gebaudeschadstoffe-berlin-423344,Projektleitung Gebäudeschadstoffe (m/w/d)
32,https://www.arbeitnow.com/jobs/companies/likeyaa-gmbh/social-media-grafikerin-dortmund-73086,Social Media Grafiker:in (m/w/d)
32,https://www.arbeitnow.com/jobs/companies/pimcore-gmbh/senior-account-executive-langenfeld-48227,Senior Account Executive (m/w/d)
32,https://www.arbeitnow.com/jobs/companies/singularit-gmbh/it-projektleiterin-vollzeit-teilzeit-in-leipzig-oder-lubeck-200798,IT-Projektleiter:in - Vollzeit / Teilzeit in Leipzig oder Lübeck
32,https://www.arbeitnow.com/jobs/companies/stadtverwaltung-dorsten/ausbildung-zum-zur-fachinformatiker-in-2027-dorsten-86521,Ausbildung zum/zur Fachinformatiker_in (m/w/d) 2027
32,https://www.arbeitnow.com/jobs/companies/chaos/remote-working-student-growth-strategy-karlsruhe-265104,"Working Student, Growth & Strategy (m/f/d)"
32,https://www.arbeitnow.com/jobs/companies/treureal-property-management-gmbh/werkstudent-technik-administration-frankfurt-am-main-104236,Werkstudent (m/w/d) Technik & Administration
32,https://www.arbeitnow.com/jobs/companies/conroo-gmbh/senior-product-owner-full-time-nuremberg-146920,(Senior) Product Owner | Full Time (m/w/d)
32,https://www.arbeitnow.com/jobs/companies/syte-gmbh/junior-urban-development-specialist-munster-174696,Junior Urban Development Specialist (m/w/d)
32,https://www.arbeitnow.com/jobs/companies/conroo-gmbh/senior-account-executive-full-time-munich-278344,Senior Account Executive | Full Time (m/w/d)
32,https://www.arbeitnow.com/jobs/companies/meet5-gmbh/internship-social-media-community-management-bei-meet5-frankfurt-am-main-116401,Internship Social Media & Community Management bei Meet5 (m/w/d)
32,https://www.arbeitnow.com/jobs/companies/syte-gmbh/it-systemadministrator-munster-60564,IT-Systemadministrator (m/w/d)
32,https://www.arbeitnow.com/jobs/companies/gusti-leder-gmbh/mitarbeiterin-im-personalwesen-werkstudent-rostock-467170,Mitarbeiterin im Personalwesen (m/w/d) - Werkstudent
32,https://www.arbeitnow.com/jobs/companies/lestat-real-group-gmbh/software-development-intern-q4-2026-dusseldorf-439719,Software Development Intern (Q4 2026)
32,https://www.arbeitnow.com/jobs/companies/start-to-finish-consulting-gmbh/global-head-of-communication-hamburg-459714,Global Head of Communication (m/f/d)
32,https://www.arbeitnow.com/jobs/companies/xo-group-gmbh/growth-manager-short-form-content-instagram-tiktok-stuttgart-28776,Growth Manager - Short-Form Content (Instagram & TikTok)
32,https://www.arbeitnow.com/jobs/companies/promantis-gmbh/senior-sap-berater-entwickler-s-4hana-transformation-remlingen-72305,Senior SAP Berater / Entwickler S/4HANA Transformation (m/w/d)
32,https://www.arbeitnow.com/jobs/companies/spized-gmbh/werkstudent-kommunikationsdesign-cologne-356775,Werkstudent (m/w/d) Kommunikationsdesign
32,https://www.arbeitnow.com/jobs/companies/gusti-leder-gmbh/werkstudentin-marketplace-e-commerce-rostock-186765,Werkstudentin Marketplace / E-Commerce (m/w/d)
32,https://www.arbeitnow.com/jobs/companies/kettner-edelmetalle/remote-laravel-senior-backend-developer-skaliere-mit-uns-auf-millionen-traffic-berlin-246897,Laravel Senior Backend Developer (m/w/d) - Skaliere mit uns auf Millionen-Traffic
32,https://www.arbeitnow.com/jobs/companies/eleve-talent/remote-endear-product-designer-432321,Endear - Product Designer
32,https://www.arbeitnow.com/jobs/companies/avomind/senior-customer-success-consultant-munich-132953,Senior Customer Success Consultant
32,https://www.arbeitnow.com/jobs/companies/haiilo-1/junior-fullstack-engineer-hamburg-410395,Junior Fullstack Engineer
32,https://www.arbeitnow.com/jobs/companies/sgb-smit-group/senior-global-hr-business-partner-regensburg-212494,Senior Global HR Business Partner (m/f/d)
32,https://www.arbeitnow.com/jobs/companies/valsoft-corp/remote-managing-director-germany-149083,Managing Director
32,https://www.arbeitnow.com/jobs/companies/datasmart-point-gmbh/data-management-ai-analyst-im-gesundheitswesen-data-management-100-remote-digital-weiterbildung-berlin-308562,"Data Management & AI Analyst im Gesundheitswesen (m/w/d) Data Management, 100% Remote & Digital (Weiterbildung)"
32,https://www.arbeitnow.com/jobs/companies/datasmart-point-gmbh/weiterbildung-data-science-business-analytics-ihk-remote-berlin-35085,Weiterbildung: Data Science & Business Analytics (IHK) (m/w/d) - Remote
32,https://www.arbeitnow.com/jobs/companies/getpress/senior-pr-manager-freelance-berlin-346647,Senior PR Manager (m/w/d) - Freelance
32,https://www.arbeitnow.com/jobs/companies/andercore/customer-success-internship-german-speaking-berlin-98834,Customer Success Internship (German speaking)
32,https://www.arbeitnow.com/jobs/companies/andercore/business-development-intern-berlin-96976,Business Development Intern
32,https://www.arbeitnow.com/jobs/companies/andercore/supply-chain-operations-intern-berlin-229253,Supply Chain & Operations Intern
32,https://www.arbeitnow.com/jobs/companies/andercore/finance-and-accounting-intern-berlin-179712,Finance and Accounting Intern
32,https://www.arbeitnow.com/jobs/companies/melotech/backend-engineer-data-orchestration-berlin-58465,Backend Engineer - Data & Orchestration
33,https://www.arbeitnow.com/jobs/companies/focused/controls-systems-engineer-darmstadt-117106,Controls Systems Engineer (f/m/d)
33,https://www.arbeitnow.com/jobs/companies/focused/mechanical-engineer-design-simulation-darmstadt-490387,Mechanical Engineer – Design & Simulation (f/m/d)
33,https://www.arbeitnow.com/jobs/companies/focused/mechanical-engineer-cad-engineering-support-darmstadt-496847,Mechanical Engineer – CAD & Engineering Support (f/m/d)
33,https://www.arbeitnow.com/jobs/companies/focused/senior-software-engineer-darmstadt-32828,Senior Software Engineer (f/m/d)
33,https://www.arbeitnow.com/jobs/companies/focused/legal-operations-specialist-berlin-134748,Legal Operations Specialist (f/m/d)
33,https://www.arbeitnow.com/jobs/companies/taxfix/interim-staff-systems-engineer-it-infrastructure-berlin-379431,Interim Staff Systems Engineer - IT & Infrastructure (d/f/m)
33,https://www.arbeitnow.com/jobs/companies/tabel-gmbh/teamleiter-finanzbuchhaltung-laatzen-108992,Teamleiter Finanzbuchhaltung (m/w/d)
33,https://www.arbeitnow.com/jobs/companies/generalmind/lead-full-stack-engineer-berlin-86960,Lead Full Stack Engineer (Berlin)
33,https://www.arbeitnow.com/jobs/companies/angeheuert-gmbh/remote-linux-systemadministrator-hybrid-in-freiburg-baden-wurttemberg-72874,Linux-Systemadministrator (m/w/d) | Hybrid in Freiburg🌄
33,https://www.arbeitnow.com/jobs/companies/angeheuert-gmbh/remote-systemadministrator-linux-hybrid-in-freiburg-mainz-329516,Systemadministrator Linux (m/w/d) | Hybrid in Freiburg🌄
33,https://www.arbeitnow.com/jobs/companies/distribusion-technologies/remote-tech-operations-analyst-graduate-all-genders-391514,Tech Operations Analyst - Graduate (all genders)
33,https://www.arbeitnow.com/jobs/companies/arsipa-gmbh/remote-senior-ma-associate-berlin-206742,(Senior) M&A Associate (w/m/d)
33,https://www.arbeitnow.com/jobs/companies/belmont-lavan-ltd/remote-solution-architect-langgraph-agentic-ai-stuttgart-310070,Solution Architect - LangGraph & Agentic AI
33,https://www.arbeitnow.com/jobs/companies/belmont-lavan-ltd/lead-principal-ai-infrastructure-architect-stuttgart-139849,Lead / Principal AI Infrastructure Architect
33,https://www.arbeitnow.com/jobs/companies/belmont-lavan-ltd/remote-ai-application-engineer-langgraph-agentic-ai-stuttgart-45568,AI Application Engineer - LangGraph & Agentic AI
33,https://www.arbeitnow.com/jobs/companies/generalmind/partnership-manager-berlin-75229,Partnership Manager
33,https://www.arbeitnow.com/jobs/companies/generalmind/erp-integration-expert-berlin-122100,ERP Integration Expert (Berlin)
33,https://www.arbeitnow.com/jobs/companies/htm-hydro-technology-motors-gmbh/werkstudent-projektmanagerin-mommenheim-19575,Werkstudent (m/w/d) Projektmanager:in
33,https://www.arbeitnow.com/jobs/companies/echte-media-gmbh/kundenbetreuer-in-quereinsteiger-mit-kundenerfahrung-willkommen-lauingen-231330,Kundenbetreuer/in / KeyAccount Manager/in (m/w/d)
33,https://www.arbeitnow.com/jobs/companies/galvany/people-business-partner-berlin-454372,People Business Partner (m/w/d)
33,https://www.arbeitnow.com/jobs/companies/galvany/partner-sales-manager-berlin-156661,Partner Sales Manager (m/w/d)
33,https://www.arbeitnow.com/jobs/companies/remberg/senior-customer-success-manager-munich-27337,Senior Customer Success Manager (f/m/d)
33,https://www.arbeitnow.com/jobs/companies/rohlik/qualitatskontrolleur-obst-und-gemuse-bischofsheim-366704,Qualitätskontrolleur Obst und Gemüse (m/w/d)
33,https://www.arbeitnow.com/jobs/companies/statista/sales-operations-manager-hamburg-83710,Sales Operations Manager (m/f/x)
33,https://www.arbeitnow.com/jobs/companies/statista/senior-analyst-hamburg-78352,(Senior) Analyst (m/f/d)
33,https://www.arbeitnow.com/jobs/companies/langdock/support-engineer-intern-berlin-187760,Support Engineer Intern - m/f/d
33,https://www.arbeitnow.com/jobs/companies/langdock/support-engineer-working-student-berlin-360440,Support Engineer (Working Student) - m/f/d
33,https://www.arbeitnow.com/jobs/companies/langdock/gtm-engineer-berlin-127986,GTM Engineer - m/f/d
33,https://www.arbeitnow.com/jobs/companies/platform-engineering-masters/head-of-revenue-operations-systems-berlin-162024,Head of Revenue Operations & Systems
33,https://www.arbeitnow.com/jobs/companies/platform-engineering-masters/head-of-research-editorial-berlin-215547,Head of Research & Editorial
33,https://www.arbeitnow.com/jobs/companies/samacoaching/remote-product-designer-germany-344392,Product Designer
33,https://www.arbeitnow.com/jobs/companies/mobileye/senior-engineering-project-manager-adas-homologation-munich-germany-99553,Senior Engineering Project Manager - ADAS Homologation (M/W/D)
33,https://www.arbeitnow.com/jobs/companies/commerce-ventures-gmbh/creative-strategist-vollzeit-vor-ort-in-lingen-359612,"Creative Strategist (m/w/d) - Vollzeit, vor Ort in Lingen"
33,https://www.arbeitnow.com/jobs/companies/karriereweg-gmbh/pflichtpraktikum-personalberatung-digitale-workflows-gelsenkirchen-271705,Pflichtpraktikum Personalberatung - Digitale Workflows
33,https://www.arbeitnow.com/jobs/companies/karriereweg-gmbh/pflichtpraktikum-digital-marketing-gelsenkirchen-379318,Pflichtpraktikum Digital Marketing
33,https://www.arbeitnow.com/jobs/companies/karriereweg-gmbh/pflichtpraktikum-marketing-sales-kampagnen-management-gelsenkirchen-166038,Pflichtpraktikum Marketing & Sales - Kampagnen Management
33,https://www.arbeitnow.com/jobs/companies/andris-consulting-gmbh/senior-finance-manager-germany-frankfurt-am-main-461758,Senior Finance Manager Germany (m/w/d)
33,https://www.arbeitnow.com/jobs/companies/wabcon/teamleiterin-pharma-klinikversorgung-bernau-ubertariflich-bernau-bei-berlin-184490,Teamleiter:in Pharma Klinikversorgung Bernau - übertariflich
33,https://www.arbeitnow.com/jobs/companies/amperecloud-gmbh/didnt-find-a-suitable-position-show-us-what-youve-got-with-an-unsolicited-application-berlin-186199,Didn't find a suitable position? – Show Us What You’ve Got with an Unsolicited Application!
33,https://www.arbeitnow.com/jobs/companies/eleqtron-gmbh/senior-embedded-arm-engineer-quantum-computing-siegen-72213,Senior Embedded (ARM) Engineer - Quantum Computing (m/w/d)
33,https://www.arbeitnow.com/jobs/companies/eleqtron-gmbh/cloud-engineer-quantum-computing-siegen-417462,Cloud Engineer - Quantum Computing (m/w/d)
33,https://www.arbeitnow.com/jobs/companies/andreas-plumari-buro-fur-deutsche-vermogensberatung/teamleiter-im-finanzvertrieb-german-speaking-donaueschingen-72958,Teamleiter (m/w/d) im Finanzvertrieb (German Speaking)
33,https://www.arbeitnow.com/jobs/companies/eleqtron-gmbh/senior-ui-ux-engineer-quantum-computing-siegen-79578,Senior UI/UX Engineer- Quantum Computing (m/w/d)
33,https://www.arbeitnow.com/jobs/companies/yalwa-gmbh/communications-and-inbound-marketing-working-student-wiesbaden-274911,Communications and Inbound Marketing - Working Student (m/f/d)
33,https://www.arbeitnow.com/jobs/companies/realstudio-gmbh/senior-social-media-manager-berlin-215124,Senior Social Media Manager (m/w/d) (m/w/d)
33,https://www.arbeitnow.com/jobs/companies/wemolo/salesforce-administrator-all-genders-munchen-249086,Salesforce Administrator (all genders)
33,https://www.arbeitnow.com/jobs/companies/wemolo/remote-servicetechniker-im-aussendienst-all-genders-raum-nrw-303475,Servicetechniker im Außendienst (all genders) - Raum NRW
33,https://www.arbeitnow.com/jobs/companies/wemolo/senior-key-account-manager-all-genders-retail-munchen-74265,Senior Key Account Manager (all genders) – Retail
33,https://www.arbeitnow.com/jobs/companies/almedia/paid-social-manager-berlin-390182,Paid Social Manager
33,https://www.arbeitnow.com/jobs/companies/almedia/programmatic-growth-manager-berlin-285738,Programmatic Growth Manager
34,https://www.arbeitnow.com/jobs/companies/yepoda/junior-influencer-marketing-manager-deutschsprachig-berlin-143594,Junior Influencer Marketing Manager (m/w/d) | Deutschsprachig
34,https://www.arbeitnow.com/jobs/companies/voize/senior-people-operations-manager-berlin-64336,Senior People Operations Manager (m/f/d)
34,https://www.arbeitnow.com/jobs/companies/voize/working-student-language-specialist-uk-english-berlin-373540,Working Student - Language Specialist UK English (m/f/d)
34,https://www.arbeitnow.com/jobs/companies/voize/werkstudentin-pflege-digitalisierung-karlsruhe-416899,Werkstudent:in – Pflege & Digitalisierung (m/w/d)
34,https://www.arbeitnow.com/jobs/companies/n8n/enterprise-sales-leader-dach-berlin-348518,Enterprise Sales Leader DACH
34,https://www.arbeitnow.com/jobs/companies/adjoe/senior-go-backend-developer-product-ops-hamburg-89958,Senior Go Backend Developer (Product Ops) (f/m/d)
34,https://www.arbeitnow.com/jobs/companies/camunda/remote-senior-sales-engineer-north-america-286129,Senior Sales Engineer- North America
34,https://www.arbeitnow.com/jobs/companies/rapid-pioneers/strategic-client-director-enterprise-brand-partnerships-german-speaking-berlin-401968,Strategic Client Director | Enterprise Brand Partnerships (German-speaking)
34,https://www.arbeitnow.com/jobs/companies/softgames/senior-qa-manager-fully-remote-berlin-435767,Senior QA Manager - Fully Remote
34,https://www.arbeitnow.com/jobs/companies/ccm-europe/werkstudent-gn-im-personalwesen-hr-21079-hamburg-130305,Werkstudent (gn) im Personalwesen / HR
34,https://www.arbeitnow.com/jobs/companies/eventfrog/senior-project-manager-growth-marketing-berlin-179123,Senior Project Manager Growth & Marketing
34,https://www.arbeitnow.com/jobs/companies/prepmymeal-gmbh/praktikum-fur-social-media-marketing-frankfurt-am-main-406098,Praktikum für Social Media Marketing (m/w/d)
34,https://www.arbeitnow.com/jobs/companies/epias-gmbh/second-level-support-technical-application-support-idstein-309444,Second Level Support / Technical Application Support (m/w/d)
34,https://www.arbeitnow.com/jobs/companies/endo-health-gmbh/social-media-ki-automation-manager-100-remote-vollzeit-start-ab-sofort-chemnitz-238743,"Social Media & KI-Automation Manager (m/w/d) - 100% Remote, Vollzeit | Start: ab sofort"
34,https://www.arbeitnow.com/jobs/companies/kohler-partner-gmbh/sea-performance-marketing-manager-buchholz-in-der-nordheide-289746,SEA & Performance Marketing Manager (m/w/d)
34,https://www.arbeitnow.com/jobs/companies/caraconsult-gmbh/it-engineer-fur-digitale-losungen-und-technische-systeme-bad-homburg-439181,IT Engineer für digitale Lösungen und technische Systeme (m/w/d)
34,https://www.arbeitnow.com/jobs/companies/alloyident-ug/ai-solutions-engineer-essen-472474,AI Solutions Engineer
34,https://www.arbeitnow.com/jobs/companies/dsev-consulting-akademie-gmbh/consultant-berater-fur-datenschutz-ki-informationssicherheit-augsburg-258673,"Consultant / Berater (m/w/d) für Datenschutz, KI & Informationssicherheit"
34,https://www.arbeitnow.com/jobs/companies/alphacoders-gmbh/sps-programmierer-marburg-201278,SPS-Programmierer (m/w/d)
34,https://www.arbeitnow.com/jobs/companies/olamaid/development-communications-officer-berlin-465935,Development & Communications Officer (m/w/d)
34,https://www.arbeitnow.com/jobs/companies/amperecloud-gmbh/praktkantin-brand-product-marketing-berlin-126694,Praktkant*in Brand & Product Marketing (m/w/d)
34,https://www.arbeitnow.com/jobs/companies/herding-gmbh-filtertechnik/teamleitung-embedded-software-maschinensteuerung-amberg-199882,Teamleitung Embedded Software // Maschinensteuerung (m/w/d)
34,https://www.arbeitnow.com/jobs/companies/planungsburo-atm-gmbh/technischer-systemplaner-hls-in-rottenburg-am-neckar-121503,Technischer Systemplaner HLS (m/w/d) in Rottenburg am Neckar
34,https://www.arbeitnow.com/jobs/companies/maia/senior-devops-platform-engineer-ai-infrastructure-leipzig-223621,"Senior DevOps / Platform Engineer, AI Infrastructure (m/f/x)"
34,https://www.arbeitnow.com/jobs/companies/asp-group/data-agentic-ai-specialist-berlin-304147,Data & Agentic AI Specialist
34,https://www.arbeitnow.com/jobs/companies/maia/senior-devops-platform-engineer-ai-infrastructure-leipzig-241297,"Senior DevOps / Platform Engineer, AI Infrastructure (m/w/d)"
34,https://www.arbeitnow.com/jobs/companies/lucid-labs/werkstudentin-copywriting-kommunikation-berlin-145429,Werkstudent:in Copywriting & Kommunikation (m/w/d)
34,https://www.arbeitnow.com/jobs/companies/wilde-partner-communications/trainee-communications-pr-mlwld-munich-225002,"Trainee (Communications & PR, mlwld)"
34,https://www.arbeitnow.com/jobs/companies/eggers-landmaschinen-gmbh-co-kg/systemadministrator-suhlendorf-106941,Systemadministrator (m/w/d)
34,https://www.arbeitnow.com/jobs/companies/cescan/ce-marking-consultant-industry-expert-and-ai-pioneer-freelance-part-time-germany-heidelberg-499568,"CE Marking Consultant, Industry Expert, co-founder (Freelance/Part-time, Germany)"
34,https://www.arbeitnow.com/jobs/companies/raiffeisenbank-chamer-land-eg/individualkundenberater-fur-firmenkunden-cham-427454,Individualkundenberater für Firmenkunden (w/m/d)
34,https://www.arbeitnow.com/jobs/companies/k-tronik-gmbh/frontend-developer-nuremberg-278828,Frontend Developer (m/w/x)
34,https://www.arbeitnow.com/jobs/companies/ullenboom-baby/werkstudent-in-oder-teilzeit-social-media-content-cologne-40637,Werkstudent/-in oder Teilzeit Social Media & Content (m/w/d)
34,https://www.arbeitnow.com/jobs/companies/inspares-gmbh/back-end-entwicklerin-erkelenz-336869,Back -End - Entwickler:in
34,https://www.arbeitnow.com/jobs/companies/bold-epic-gmbh/online-marketing-specialist-stuttgart-226648,Online Marketing Specialist (m/w/d)
34,https://www.arbeitnow.com/jobs/companies/enpal/organic-growth-lead-berlin-55204,Organic Growth Lead (w/m/d)
34,https://www.arbeitnow.com/jobs/companies/cargo-one/remote-engineering-manager-361637,Engineering Manager
34,https://www.arbeitnow.com/jobs/companies/nomos/applied-ai-berlin-460290,Applied AI
34,https://www.arbeitnow.com/jobs/companies/nomos/legal-berlin-427669,Legal
34,https://www.arbeitnow.com/jobs/companies/nomos/finance-berlin-288736,Finance
34,https://www.arbeitnow.com/jobs/companies/nomos/gtm-berlin-104042,GTM
34,https://www.arbeitnow.com/jobs/companies/nomos/internship-berlin-434979,Internship
34,https://www.arbeitnow.com/jobs/companies/clickhouse/senior-software-engineer-clickpipes-cdc-streaming-germany-68075,Senior Software Engineer - Clickpipes (CDC/Streaming)
34,https://www.arbeitnow.com/jobs/companies/clickhouse/senior-product-manager-ai-ml-germany-444611,Senior Product Manager - AI/ML
34,https://www.arbeitnow.com/jobs/companies/clickhouse/commercial-solutions-architect-germany-or-france-215519,Commercial Solutions Architect - Germany or France
34,https://www.arbeitnow.com/jobs/companies/clickhouse/solutions-architect-germany-488285,Solutions Architect - Germany
34,https://www.arbeitnow.com/jobs/companies/clickhouse/senior-software-engineer-cloud-partner-integrations-germany-192801,Senior Software Engineer - Cloud Partner Integrations
34,https://www.arbeitnow.com/jobs/companies/clickhouse/senior-software-engineer-integrations-ai-ml-germany-275597,Senior Software Engineer - Integrations - AI/ML
34,https://www.arbeitnow.com/jobs/companies/ekumenlabs/software-engineer-roboticist-munich-73027,Software Engineer - Roboticist
34,https://www.arbeitnow.com/jobs/companies/pennylane/content-communications-marketing-manager-germany-berlin-344091,Content & Communications Marketing Manager - Germany (m/w/d)
35,https://www.arbeitnow.com/jobs/companies/pennylane/remote-senior-legal-counsel-contracts-german-speaker-481843,Senior Legal Counsel – Contracts (German speaker)
35,https://www.arbeitnow.com/jobs/companies/pennylane/remote-finanz-und-digitalisierungsberatung-accounting-taxation-327883,Finanz- und Digitalisierungsberatung (w/m/d) - Accounting & Taxation
35,https://www.arbeitnow.com/jobs/companies/pennylane/remote-customer-success-manager-accounting-taxation-315816,Customer Success Manager (w/m/d) - Accounting & Taxation
35,https://www.arbeitnow.com/jobs/companies/pennylane/team-lead-sales-sme-berlin-385154,Team Lead Sales SME (m/w/d)
35,https://www.arbeitnow.com/jobs/companies/pennylane/remote-fintech-onboarding-manager-consultant-buchhaltungs-und-steuerthemen-413625,Fintech Onboarding Manager & Consultant (w/m/d) - Buchhaltungs- und Steuerthemen
35,https://www.arbeitnow.com/jobs/companies/pennylane/remote-consultant-finance-and-digitalization-fintech-saas-scale-up-209916,Consultant Finance and Digitalization (w/m/d) - Fintech SaaS Scale-Up
35,https://www.arbeitnow.com/jobs/companies/pennylane/remote-partner-success-manager-fintech-saas-scale-up-94608,Partner Success Manager (w/m/d) - Fintech SaaS Scale-Up
35,https://www.arbeitnow.com/jobs/companies/pennylane/remote-buchhaltungs-und-steuerberaterin-71526,Buchhaltungs- und Steuerberater*in (w/m/d)
35,https://www.arbeitnow.com/jobs/companies/pennylane/remote-steuerfachangesteller-fintech-saas-scale-up-413910,Steuerfachangestelle*r (w/m/d) - Fintech SaaS Scale-Up
35,https://www.arbeitnow.com/jobs/companies/pennylane/remote-senior-hr-business-partner-105279,Senior HR Business Partner (m/w/d)
35,https://www.arbeitnow.com/jobs/companies/pennylane/team-lead-sales-steuerberatungen-berlin-413613,Team Lead Sales - Steuerberatungen (m/w/d)
35,https://www.arbeitnow.com/jobs/companies/pennylane/remote-product-designer-germany-173291,Product Designer - Germany (m/w/d)
35,https://www.arbeitnow.com/jobs/companies/pennylane/head-of-success-germany-berlin-444637,Head of Success - Germany
35,https://www.arbeitnow.com/jobs/companies/tactiliarobotics/senior-software-engineer-robot-control-munich-60883,"(Senior) Software Engineer, Robot control (f/m/d)"
35,https://www.arbeitnow.com/jobs/companies/tactiliarobotics/head-of-product-munich-446329,Head of Product (f/m/d)
35,https://www.arbeitnow.com/jobs/companies/tactiliarobotics/head-of-people-culture-munich-414765,Head of People & Culture (f/m/d)
35,https://www.arbeitnow.com/jobs/companies/tactiliarobotics/senior-electronics-engineer-hardware-firmware-munich-12309,"(Senior) Electronics Engineer, Hardware & Firmware (f/m/d)"
35,https://www.arbeitnow.com/jobs/companies/tactiliarobotics/chief-of-staff-munich-52937,Chief of Staff (f/m/d)
35,https://www.arbeitnow.com/jobs/companies/3ive/remote-senior-staff-software-engineer-142955,Senior/Staff Software Engineer
35,https://www.arbeitnow.com/jobs/companies/grubel/founding-legal-engineer-munich-150483,Founding Legal Engineer
35,https://www.arbeitnow.com/jobs/companies/grubel/founding-research-engineer-or-research-scientist-munich-24468,Founding Research Engineer or Research Scientist
35,https://www.arbeitnow.com/jobs/companies/grubel/chief-of-staff-or-founders-associate-munich-207643,Chief of Staff or Founders Associate
35,https://www.arbeitnow.com/jobs/companies/areal-group-wealth-management-gmbh/senior-finanzierungsmanager-immobilien-berlin-406772,Senior Finanzierungsmanager Immobilien (m/w/d)
35,https://www.arbeitnow.com/jobs/companies/aramaz-digital/talent-acquisition-manager-bielefeld-95820,Talent Acquisition Manager (m/w/d)
35,https://www.arbeitnow.com/jobs/companies/quantum-systems-gmbh/senior-prototyping-engineer-thermal-systems-cooling-integration-gilching-151721,Senior Prototyping Engineer (f/m/d) – Thermal Systems & Cooling Integration
35,https://www.arbeitnow.com/jobs/companies/quantum-systems-gmbh/working-student-solution-management-gilching-79233,Working Student – Solution Management (m/f/d)
35,https://www.arbeitnow.com/jobs/companies/quantum-systems-gmbh/working-student-solution-management-gilching-274380,Working Student – Solution Management (m/f/d)
35,https://www.arbeitnow.com/jobs/companies/pgxperts-gmbh/senior-it-operations-specialist-furth-330256,Senior IT & Operations Specialist (m/w/d)
35,https://www.arbeitnow.com/jobs/companies/nexgate-it-gmbh/freelance-it-support-specialist-it-techniker-1st-2nd-level-onsite-rollout-bad-homburg-167169,Freelance IT Support Specialist / IT-Techniker (m/w/d) - 1st & 2nd Level | Onsite | Rollout
35,https://www.arbeitnow.com/jobs/companies/euratel-gmbh/sales-manager-ai-voice-solutions-leipzig-325486,Sales Manager AI & Voice Solutions (m/w/d)
35,https://www.arbeitnow.com/jobs/companies/greenfiber-internet-dienste-gmbh/minijob-studentische-hilfskraft-mwd-luneburg-363270,Minijob/studentische Hilfskraft (m/w/d)
35,https://www.arbeitnow.com/jobs/companies/chapters-group-ag/ai-platform-working-student-cologne-111803,AI Platform Working Student
35,https://www.arbeitnow.com/jobs/companies/autohaus-scholtalbers-gmbh/service-vertriebsassistenz-organisationstalent-mit-anpacker-mentalitat-leer-366951,Service- & Vertriebsassistenz (m/w/d): Organisationstalent mit Anpacker-Mentalität
35,https://www.arbeitnow.com/jobs/companies/gusti-leder-gmbh/mitarbeiterin-im-personalwesen-rostock-496955,Mitarbeiterin im Personalwesen (m/w/d)
35,https://www.arbeitnow.com/jobs/companies/termios/firmware-engineer-dusseldorf-426043,Firmware Engineer
35,https://www.arbeitnow.com/jobs/companies/wavestone-germany-ag/sap-drc-ksef-expert-refnr-47725-munich-396136,SAP DRC / KSeF Expert (m/f/d) (Ref.Nr.: 47725)
35,https://www.arbeitnow.com/jobs/companies/solarterrassen-carportwerk-gmbh/senior-performance-marketing-growth-manager-rehfelde-152238,Senior Performance Marketing & Growth Manager (m/w/d)
35,https://www.arbeitnow.com/jobs/companies/good-hood-gmbh-nebenande/team-lead-people-befristet-berlin-256252,Team Lead People (w/m/d) - befristet
35,https://www.arbeitnow.com/jobs/companies/digital-beat-gmbh/werkstudent-schwerpunkt-ki-koln-136097,Werkstudent Schwerpunkt KI (m/w/d)
35,https://www.arbeitnow.com/jobs/companies/eduard-lutz-schrauben-werkzeuge-gmbh/ausbildung-zum-kaufmann-kauffrau-fur-e-commerce-fur-folgenden-standort-gersthofen-433220,Ausbildung zum Kaufmann/Kauffrau für E-Commerce (m/w/d) für folgenden Standort: Gersthofen
35,https://www.arbeitnow.com/jobs/companies/cosmo-beauty-brand-house-gmbh/brand-manager-dach-berlin-496947,Brand Manager DACH (m/w/d)
35,https://www.arbeitnow.com/jobs/companies/cosmo-beauty-brand-house-gmbh/junior-retail-merchandising-manager-berlin-465556,Retail Merchandising Manager (f/m/d)
35,https://www.arbeitnow.com/jobs/companies/hirehire/remote-product-manager-intch-60195,Product Manager | Intch
35,https://www.arbeitnow.com/jobs/companies/constructor/senior-customer-success-manager-dach-munich-236289,Senior Customer Success Manager - DACH
35,https://www.arbeitnow.com/jobs/companies/liqid-lig/office-manager-berlin-197950,Office Manager (m/w/d)
35,https://www.arbeitnow.com/jobs/companies/cbs-corporate-business-solutions-gmbh/manager-architect-sap-business-intelligence-im-application-management-support-raunheim-24465,Manager/ Architect SAP Business Intelligence (m/w/d) im Application Management Support
35,https://www.arbeitnow.com/jobs/companies/brinkdoor-ltd-london-zweigniederlassung-erlenbach-schweiz/sales-representative-fur-designermobel-showroom-cologne-283404,Sales Representative (m/w/d) für Designermöbel Showroom
35,https://www.arbeitnow.com/jobs/companies/inlogy-gmbh/full-stack-developer-net-angular-paderborn-437249,Full-Stack-Developer (m/w/d) .NET/Angular
35,https://www.arbeitnow.com/jobs/companies/flexit-consulting-gmbh/data-business-intelligence-specialist-hattingen-387241,Data & Business Intelligence Specialist (m/w/d)
35,https://www.arbeitnow.com/jobs/companies/moinai-by-knowhere/werkstudentin-technical-writing-knowledge-management-saas-conversational-ai-hamburg-346192,Werkstudent:in (m/w/d) Technical Writing & Knowledge Management - SaaS & Conversational AI
36,https://www.arbeitnow.com/jobs/companies/yfood-labs-gmbh/influencer-marketing-manager-dach-munich-231064,Influencer Marketing Manager DACH (m/w/d)
36,https://www.arbeitnow.com/jobs/companies/lamour-gmbh/store-managerin-lamour-creperie-berlin-122084,Store Manager:in LAMOUR Crêperie Berlin
36,https://www.arbeitnow.com/jobs/companies/kplusa-communications-gmbh/sales-trainee-dusseldorf-414006,Sales Trainee (m/w/d)
36,https://www.arbeitnow.com/jobs/companies/ctg-consulting-gmbh/business-process-owner-global-learning-management-systems-all-genders-kunzelsau-156269,Business Process Owner - Global Learning Management Systems (all genders)
36,https://www.arbeitnow.com/jobs/companies/beutler-saghari-partner-gmbh/praktikum-im-recruiting-iserlohn-88436,"Praktikum im Recruiting, Iserlohn"
36,https://www.arbeitnow.com/jobs/companies/medialine-eurotrade-ag/ausbildung-kaufmann-fur-buromanagement-im-it-systemhaus-dresden-189927,Ausbildung Kaufmann für Büromanagement (m/w/d) im IT Systemhaus
36,https://www.arbeitnow.com/jobs/companies/projektron-gmbh/netzwerk-it-administration-berlin-325039,Netzwerk- / IT-Administration
36,https://www.arbeitnow.com/jobs/companies/projektron-gmbh/web-administration-webmaster-typo3-berlin-329337,Web-Administration / Webmaster TYPO3
36,https://www.arbeitnow.com/jobs/companies/sicherheit-nord/werkstudent-personal-recruiting-12105-berlin-berlin-381424,Werkstudent (m/w/d) Personal & Recruiting – 12105 Berlin
36,https://www.arbeitnow.com/jobs/companies/peter-stenmans/teamleiter-im-finanzvertrieb-german-speaking-berlin-277965,Teamleiter (m/w/d) im Finanzvertrieb (German Speaking)
36,https://www.arbeitnow.com/jobs/companies/limeflight/senior-account-executive-europe-100-remote-berlin-76973,"Senior Account Executive (Europe, 100% remote)"
36,https://www.arbeitnow.com/jobs/companies/sparqs-solutions-gmbh-co-kg/pmo-support-projektassistenz-dortmund-179526,PMO Support/Projektassistenz (m/w/d)
36,https://www.arbeitnow.com/jobs/companies/haebmau-ag/senior-pr-consultant-new-health-munich-214977,(Senior-) PR-Consultant New Health (m/w/d)
36,https://www.arbeitnow.com/jobs/companies/picmondoo-gmbh/social-media-manager-im-kreativbereich-langweid-am-lech-323732,Social Media Manager im Kreativbereich (m/w/d)
36,https://www.arbeitnow.com/jobs/companies/dr-kittl-partner/steuerberater-fur-gestaltungsberatung-deggendorf-322274,Steuerberater für Gestaltungsberatung (m/w/d)
36,https://www.arbeitnow.com/jobs/companies/dr-kittl-partner/senior-consultant-assistant-manager-wirtschaftsprufung-in-regensburg-245030,Senior Consultant / Assistant Manager Wirtschaftsprüfung (m/w/d) in Regensburg
36,https://www.arbeitnow.com/jobs/companies/summ-ai/customer-success-manager-all-levels-munich-212112,Customer Success Manager (all levels)
36,https://www.arbeitnow.com/jobs/companies/octopus-energy-group/werkstudentin-marketing-events-berlin-de-187993,Werkstudent*in Marketing & Events (m/w/d)
36,https://www.arbeitnow.com/jobs/companies/onhires/backend-developer-rust-berlin-302814,Backend Developer (Rust)
36,https://www.arbeitnow.com/jobs/companies/supermodularai/ai-strategist-munich-456568,AI Strategist
36,https://www.arbeitnow.com/jobs/companies/distribusion-technologies/senior-technical-project-manager-latam-all-genders-berlin-441590,"Senior Technical Project Manager, LatAm (all genders)"
36,https://www.arbeitnow.com/jobs/companies/enomyc-gmbh/senior-ma-manager-buy-build-berlin-493856,Senior M&A Manager | Buy & Build
36,https://www.arbeitnow.com/jobs/companies/joinbeam/forward-deployed-engineer-berlin-376405,Forward Deployed Engineer (m/w/d)
36,https://www.arbeitnow.com/jobs/companies/workmotion/working-student-short-form-video-social-content-berlin-360505,Working Student: Short-Form Video & Social Content
36,https://www.arbeitnow.com/jobs/companies/einschutz-finanzen/datenerfasser-nebenberuflich-alzenau-444456,Datenerfasser (m/w/d) | nebenberuflich
36,https://www.arbeitnow.com/jobs/companies/distribusion-technologies/global-talent-acquisition-partner-product-all-genders-berlin-208701,"Global Talent Acquisition Partner, Product (all genders)"
36,https://www.arbeitnow.com/jobs/companies/redis/senior-solutions-architect-germany-56506,Senior Solutions Architect - Germany
36,https://www.arbeitnow.com/jobs/companies/predium-technology-gmbh/head-of-engineering-munich-270254,Head of Engineering (f/m/d)
36,https://www.arbeitnow.com/jobs/companies/claudia-buhl/projekt-office-management-remote-schrobenhausen-245405,Digital Project Manager (m/w/d) | 100 % Remote
36,https://www.arbeitnow.com/jobs/companies/dein-finanzpanther/finanzberaterin-landshut-487164,Finanzberater:in
36,https://www.arbeitnow.com/jobs/companies/rodl-herdegen/praxissemester-bwl-controlling-und-buchhaltung-regensburg-137963,Praxissemester BWL Controlling und Buchhaltung
36,https://www.arbeitnow.com/jobs/companies/magazino-gmbh/robot-perception-ml-engineer-autonomous-mobile-robots-munich-328175,Robot Perception/ML Engineer (f/m/d) Autonomous Mobile Robots
36,https://www.arbeitnow.com/jobs/companies/magazino-gmbh/robot-perception-ml-engineer-autonomous-mobile-robots-munich-78071,Robot Perception/ML Engineer (w/m/d) Autonomous Mobile Robots
36,https://www.arbeitnow.com/jobs/companies/aurentum-gmbh/content-creator-brand-manager-abensberg-402718,Content Creator & Brand Manager (m/w/d)
36,https://www.arbeitnow.com/jobs/companies/deepsynergyai-gmbh/senior-customer-success-solutions-manager-rosenheim-69425,Senior Customer Success & Solutions Manager (m/w/d)
36,https://www.arbeitnow.com/jobs/companies/julia-goessler-gmbh/head-of-marketing-growth-berlin-144924,Head of Marketing & Growth (m/w/d)
36,https://www.arbeitnow.com/jobs/companies/norentec-gmbh/it-berater-fur-atlassian-losungen-in-vollzeit-braunschweig-24765,IT-Berater für Atlassian-Lösungen (m/w/d) in Vollzeit
36,https://www.arbeitnow.com/jobs/companies/horbach-beratungen-berlin/trainee-arabic-financial-consulting-entrepreneurship-berlin-261249,Trainee (m/w/d) Arabic Financial Consulting & Entrepreneurship
36,https://www.arbeitnow.com/jobs/companies/horbach-beratungen-berlin/trainee-spanish-financial-consulting-entrepreneurship-berlin-192524,Trainee (m/w/d) Spanish Financial Consulting & Entrepreneurship
36,https://www.arbeitnow.com/jobs/companies/inc-innovation-center-gmbh/senior-innovation-consultant-im-bereich-new-business-innovation-aachen-93752,(Senior) Innovation Consultant (m/w/d) im Bereich New Business Innovation
36,https://www.arbeitnow.com/jobs/companies/unosecur-gmbh/talent-acquisition-specialist-berlin-66838,Talent Acquisition Specialist
36,https://www.arbeitnow.com/jobs/companies/siera/hr-manager-mit-technischem-verstandnis-nuremberg-306116,HR Manager (m/w/d) mit technischem Verständnis
36,https://www.arbeitnow.com/jobs/companies/parte-verwaltung-gmbh/senior-accountant-hamburg-166644,Senior Accountant (m/w/d)
36,https://www.arbeitnow.com/jobs/companies/kogel-bau-gmbh-co-kg/stabstelle-fachkraft-fur-arbeitssicherheit-sicherheitsfachkraft-sicherheitsingenieur-bad-oeynhausen-20954,Stabstelle Fachkraft für Arbeitssicherheit / Sicherheitsfachkraft / Sicherheitsingenieur (m/w/d)
36,https://www.arbeitnow.com/jobs/companies/cross-alm/teamleitung-servicenow-consulting-berlin-214956,Teamleitung ServiceNow Consulting (m/w/d)
36,https://www.arbeitnow.com/jobs/companies/qualityminds-gmbh/senior-solution-architect-nuremberg-497412,Senior Solution Architect (m/w/d)
36,https://www.arbeitnow.com/jobs/companies/sbit-ag/2nd-level-service-desk-agent-berlin-446400,2nd Level Service Desk Agent (m/w/d) - Berlin
36,https://www.arbeitnow.com/jobs/companies/revent/investment-associate-munich-59474,Investment Associate
36,https://www.arbeitnow.com/jobs/companies/manss-partner-gmbh/system-engineer-cloud-datacenter-services-monchengladbach-449684,System Engineer Cloud & Datacenter Services (m/w/d)
36,https://www.arbeitnow.com/jobs/companies/atlas-titan-ost-gmbh/projektingenieur-tga-fur-umspannwerke-frankfurt-am-main-300016,Projektingenieur TGA für Umspannwerke (m/w/d)
37,https://www.arbeitnow.com/jobs/companies/ew-tec-industrieservice-anlagentechnik-gmbh/projektleiter-steuerungstechnik-viersen-250089,Projektleiter Steuerungstechnik (m/w/d)
37,https://www.arbeitnow.com/jobs/companies/raphael-gmbh/technischer-product-owner-ki-automatisierung-dortmund-496410,Technischer Product Owner (m/w/d) - KI & Automatisierung
37,https://www.arbeitnow.com/jobs/companies/jessyworks/customer-success-manager-fur-accounting-ki-startup-munich-375333,Customer Success Manager (w/m/d) für Accounting-KI Startup
37,https://www.arbeitnow.com/jobs/companies/re-green/manager-energy-operations-metering-frankfurt-am-main-445162,Manager Energy Operations & Metering (m/w/d)
37,https://www.arbeitnow.com/jobs/companies/enzo/ai-engineer-intern-heidelberg-340750,AI Engineer Intern
37,https://www.arbeitnow.com/jobs/companies/aurivus-gmbh/projektleiter-innovation-fur-kerntechnische-anlagen-deutschlandweit-ulm-471656,Projektleiter (m/w/d) Innovation für kerntechnische Anlagen deutschlandweit
37,https://www.arbeitnow.com/jobs/companies/lovebetter-gesellschaft-fur-mannliche-sexualitat-mbh/recruiting-hr-operations-manager-berlin-107223,Recruiting & HR Operations Manager
37,https://www.arbeitnow.com/jobs/companies/bridgemaker-gmbh/materialprufer-ndt-experte-rostock-373530,Materialprüfer / NDT-Experte (m/w/d)
37,https://www.arbeitnow.com/jobs/companies/salesplaybook-ag/b2b-growth-marketer-berlin-468588,B2B Growth Marketer
37,https://www.arbeitnow.com/jobs/companies/dschungel-marketing-gmbh/video-editor-perfomance-marketing-all-genders-berlin-282905,Video Editor Perfomance Marketing (all genders)
37,https://www.arbeitnow.com/jobs/companies/dschungel-marketing-gmbh/werkstudentin-social-media-werbung-content-creation-all-genders-berlin-95943,Werkstudent:in Social Media Werbung / Content Creation (all genders)
37,https://www.arbeitnow.com/jobs/companies/mevents-cross-media-gmbh/werkstudentin-online-services-berlin-133256,Werkstudent:in Online Services (m/w/d)
37,https://www.arbeitnow.com/jobs/companies/karo-energieberatung-gmbh/projektmanager-nachhaltiges-bauen-und-qng-tostedt-210230,Projektmanager (m/w/d) Nachhaltiges Bauen und QNG
37,https://www.arbeitnow.com/jobs/companies/your-showdown-gmbh/werkstudentin-im-hr-berlin-56646,Werkstudent*in im HR (w/m/d)
37,https://www.arbeitnow.com/jobs/companies/karo-energieberatung-gmbh/projektmanager-energieberatung-sanierung-tostedt-32334,Projektmanager (m/w/d) Energieberatung & Sanierung
37,https://www.arbeitnow.com/jobs/companies/your-showdown-gmbh/werkstudentin-im-bereich-finance-berlin-249593,Werkstudent*in im Bereich Finance (w/m/d)
37,https://www.arbeitnow.com/jobs/companies/bredehorst-clinical-medical-management/werkstudent-recruiting-talent-acquisition-dusseldorf-183598,Werkstudent (m/w/d) Recruiting / Talent Acquisition
37,https://www.arbeitnow.com/jobs/companies/vup-gmbh-vallee-unger-partner/senior-consultant-logistics-munster-201561,Senior Consultant Logistics (m/w/d)
37,https://www.arbeitnow.com/jobs/companies/donat-it-gmbh/auszubildender-fachinformatiker-anwendungsentwicklung-ingolstadt-31675,Auszubildender (w/m/d) Fachinformatiker Anwendungsentwicklung
37,https://www.arbeitnow.com/jobs/companies/meetergo-gmbh/ki-automation-content-builder-cologne-270474,KI Automation & Content Builder (m/w/d)
37,https://www.arbeitnow.com/jobs/companies/schuhmann-partner/geschaftsfuhrung-vertrieb-und-service-stuttgart-8416,Geschäftsführung Vertrieb und Service (m/w/d)
37,https://www.arbeitnow.com/jobs/companies/loyamo-gmbh/online-marketing-trainee-munich-436915,Online Marketing Trainee (m/w/d)
37,https://www.arbeitnow.com/jobs/companies/rlvnt-gmbh/pflichtpraktikum-kommunikation-ki-hanover-232011,Pflichtpraktikum Kommunikation & KI (m/w/d)
37,https://www.arbeitnow.com/jobs/companies/andcompany-gmbh/senior-sap-abap-entwickler-hamburg-368554,Senior SAP ABAP-Entwickler (m/w/d)
37,https://www.arbeitnow.com/jobs/companies/agex-it-gmbh/it-systemtechniker-fur-ein-rechenzentrum-refnr-4216-berlin-179134,"IT-Systemtechniker für ein Rechenzentrum (w/m/d), Ref.Nr. 4216"
37,https://www.arbeitnow.com/jobs/companies/iq-solutions/senior-consultant-software-asset-management-sam-microsoft-lizenzberatung-munich-127489,Senior Consultant Software Asset Management (SAM) & Microsoft Lizenzberatung (m/w/d)
37,https://www.arbeitnow.com/jobs/companies/datagroup/it-service-desk-agent-all-genders-hamburg-466441,IT Service Desk Agent (all genders)
37,https://www.arbeitnow.com/jobs/companies/datagroup/it-servicetechniker-im-onsite-support-all-genders-hamburg-453813,IT Servicetechniker im Onsite Support (all genders)
37,https://www.arbeitnow.com/jobs/companies/fakt-gmbh/praxissemester-softwareentwicklung-heimertingen-328198,Praxissemester Softwareentwicklung (m/w/d)
37,https://www.arbeitnow.com/jobs/companies/rockstardevelopers-gmbh/senior-cloud-devops-engineer-aws-stuttgart-279696,Senior Cloud / DevOps Engineer (AWS) (m/w/d)
37,https://www.arbeitnow.com/jobs/companies/haebmau-ag/praktikum-social-media-communications-berlin-1342,Praktikum Social Media Communications (m/w/d)
37,https://www.arbeitnow.com/jobs/companies/relyon-ag/senior-project-manager-ai-automation-tubingen-100203,Senior Project Manager - AI & Automation (m/w/d)
37,https://www.arbeitnow.com/jobs/companies/brainershub-gmbh/junior-art-director-hamburg-109654,(Junior) Art Director (m/w/d)
37,https://www.arbeitnow.com/jobs/companies/sophienklinik-gmbh/manager-referent-finanzen-controlling-kliniksteuerung-hannover-240760,"Manager / Referent Finanzen, Controlling & Kliniksteuerung (m/w/d)"
37,https://www.arbeitnow.com/jobs/companies/brainershub-gmbh/medical-writer-hamburg-115216,Medical Writer (m/w/d)
37,https://www.arbeitnow.com/jobs/companies/benuta-gmbh/finanzbuchhalter-accountant-bonn-149656,Finanzbuchhalter / Accountant (m/w/d)
37,https://www.arbeitnow.com/jobs/companies/velco-gesellschaft-fur-forder-spritz-und-silo-anlagen-mbh/projektingenieur-velbert-495702,Projektingenieur (m/w/d)
37,https://www.arbeitnow.com/jobs/companies/eniga-gmbh/hse-manager-ingenieur-fur-umwelt-anlagen-und-arbeitssicherheit-trostberg-403271,"HSE Manager / Ingenieur für Umwelt-, Anlagen- und Arbeitssicherheit (w/m/d)"
37,https://www.arbeitnow.com/jobs/companies/primeup-gmbh/senior-e-commerce-consultant-account-manager-hamburg-171193,(Senior) E-Commerce Consultant / Account Manager (m/f/d)
37,https://www.arbeitnow.com/jobs/companies/kloepfel-group/senior-sales-manager-einkaufsberatung-dusseldorf-6929,Senior Sales Manager Einkaufsberatung (m/w/d)
37,https://www.arbeitnow.com/jobs/companies/axs-germany-gmbh/hr-business-partner-in-vz-hamburg-304563,HR Business Partner (m/w/d) in VZ
37,https://www.arbeitnow.com/jobs/companies/likeyaa-gmbh/creative-designer-dortmund-228329,Creative Designer (m/w/d)
37,https://www.arbeitnow.com/jobs/companies/jewelmusic/pflichtpraktikum-social-media-management-jewelmusic-berlin-494524,Pflichtpraktikum: Social Media Management #Jewelmusic
37,https://www.arbeitnow.com/jobs/companies/mai-group/senior-ai-architect-consultant-all-genders-hamburg-383892,Senior AI Architect & Consultant (all genders)
37,https://www.arbeitnow.com/jobs/companies/lodige-industries-gmbh/projektcontroller-paderborn-496507,Projektcontroller (m/w/d)
37,https://www.arbeitnow.com/jobs/companies/datavent/business-development-partnerships-partner-revenue-share-aws-anthropic-hamburg-106113,Business Development & Partnerships Partner (Revenue Share) - AWS & Anthropic
37,https://www.arbeitnow.com/jobs/companies/hallo-welt-gmbh/sales-trainee-b2b-software-regensburg-330201,Sales Trainee - B2B Software (m/w/d)
37,https://www.arbeitnow.com/jobs/companies/rfm-mediamix-ag/social-media-manager-erfurt-180395,Social Media Manager (m/w/d)
37,https://www.arbeitnow.com/jobs/companies/gotosec-gmbh/sap-security-berater-monheim-am-rhein-146002,SAP Security Berater (m/w/d)
37,https://www.arbeitnow.com/jobs/companies/nico-europe/werkstudentin-e-commerce-marketplaces-20-stunden-pro-woche-berlin-190707,Werkstudent*in E-Commerce / Marketplaces (m/w/d) 20 Stunden pro Woche
38,https://www.arbeitnow.com/jobs/companies/privatize/product-manager-frankfurt-frankfurt-am-main-472670,Product Manager (Frankfurt)
38,https://www.arbeitnow.com/jobs/companies/infotip-service-gmbh/salesforce-technical-consultant-all-genders-georgensgmund-469021,Salesforce Technical Consultant (all genders)
38,https://www.arbeitnow.com/jobs/companies/unframed-berlin/content-creator-berlin-8465,Content Creator
38,https://www.arbeitnow.com/jobs/companies/mgrp/senior-specialist-ai-ki-innovation-frankfurt-am-main-53957,Senior Specialist AI / KI Innovation (m/w/d)
38,https://www.arbeitnow.com/jobs/companies/retorio-gmbh/working-student-ai-product-engineering-data-munich-123540,Working Student: AI Product Engineering - Data (m/f/d)
38,https://www.arbeitnow.com/jobs/companies/isup-gmbh/interviewer-fahrgastzahler-in-aschersleben-und-egeln-minijob-167065,Interviewer / Fahrgastzähler in Aschersleben und Egeln (w/m/d) - Minijob
38,https://www.arbeitnow.com/jobs/companies/isup-gmbh/interviewer-fahrgastzahler-in-havelberg-stendal-und-genthin-minijob-378677,"Interviewer / Fahrgastzähler in Havelberg, Stendal und Genthin (w/m/d) - Minijob"
38,https://www.arbeitnow.com/jobs/companies/isup-gmbh/interviewer-fahrgastzahler-in-haldensleben-und-oschersleben-minijob-oschersleben-bode-345996,Interviewer / Fahrgastzähler in Haldensleben und Oschersleben (w/m/d) - Minijob
38,https://www.arbeitnow.com/jobs/companies/isup-gmbh/interviewer-fahrgastzahler-in-seehausen-beetzendorf-und-klotze-minijob-seehausen-altmark-78064,"Interviewer / Fahrgastzähler in Seehausen, Beetzendorf und Klötze (w/m/d) - Minijob"
38,https://www.arbeitnow.com/jobs/companies/msg-gruppe/glasfasermonteur-monteur-munich-85933,Glasfasermonteur / Monteur (m/w/d)
38,https://www.arbeitnow.com/jobs/companies/franziska-gareis-dein-finanzmangement/vertriebsassistenz-kundenbetreuung-regensburg-385421,Vertriebsassistenz / Kundenbetreuung (m/w/d)
38,https://www.arbeitnow.com/jobs/companies/brainershub-gmbh/executive-assistant-senior-project-manager-hamburg-13281,Executive Assistant & Senior Project Manager (m/w/d)
38,https://www.arbeitnow.com/jobs/companies/kosmetikstudio-hh/kosmetikerin-lohne-250321,Kosmetikerin
38,https://www.arbeitnow.com/jobs/companies/thl-consulting/unternehmens-existenzberater-hunxe-484706,Unternehmens-/Existenzberater (m/w/d)
38,https://www.arbeitnow.com/jobs/companies/dreamlight-labs-gmbh/hiring-talent-manager-ab-30-std-pro-woche-hamburg-235395,Hiring & Talent Manager (ab 30 Std/ pro Woche) (m/w/d)
38,https://www.arbeitnow.com/jobs/companies/auxiliusai/founding-product-manager-munich-79016,Founding Product Manager (m/w/d)
38,https://www.arbeitnow.com/jobs/companies/finanzmaxx/online-proband-haushalts-verbrauchermarktforschung-einkaufe-dokumentieren-nebenjob-remote-leipzig-333836,Online-Proband (m/w/d) Haushalts- & Verbrauchermarktforschung - Einkäufe dokumentieren - Nebenjob - remote
38,https://www.arbeitnow.com/jobs/companies/apricot-health-gmbh/paid-social-lead-consumer-health-berlin-40145,Paid Social Lead - Consumer Health (m/w/d)
38,https://www.arbeitnow.com/jobs/companies/c1-kosmetik-gmbh/kosmetikerin-mit-schwerpunkt-gesichtsbehandlungen-munich-494979,Kosmetiker:in (m/w/d) mit Schwerpunkt Gesichtsbehandlungen
38,https://www.arbeitnow.com/jobs/companies/krauss-gmbh/vertriebsassistenz-vertriebsinnendienst-quereinsteiger-landsberg-am-lech-415034,Vertriebsassistenz / Vertriebsinnendienst / Quereinsteiger (M/W/D)
38,https://www.arbeitnow.com/jobs/companies/c1-kosmetik-gmbh/senior-kosmetikerin-mit-schwerpunkt-gesichtsbehandlungen-munich-308261,Senior Kosmetiker:in (m/w/d) mit Schwerpunkt Gesichtsbehandlungen
38,https://www.arbeitnow.com/jobs/companies/stortebekker/praktikum-entrepreneur-in-residence-frankfurt-am-main-205649,Praktikum Entrepreneur in Residence (m/w/d)
38,https://www.arbeitnow.com/jobs/companies/bosch-boden-spies/head-of-it-and-digitalization-it-leiter-digitalisierung-it-strategie-hamburg-232582,Head of IT and Digitalization / IT-Leiter (m/w/d) – Digitalisierung & IT-Strategie
38,https://www.arbeitnow.com/jobs/companies/plus10/applikationsingenieur-kunststoffprozesse-augsburg-123647,Applikationsingenieur (m/w/d) - Kunststoffprozesse
38,https://www.arbeitnow.com/jobs/companies/dtad-gmbh/fullstack-developer-remote-berlin-343982,Fullstack Developer (m/w/d) remote
38,https://www.arbeitnow.com/jobs/companies/enerdomo-franchisezentrale/expansionsmanager-und-grundercoach-im-franchising-konigstein-im-taunus-468290,Expansionsmanager und Gründercoach im Franchising (m/w/d)
38,https://www.arbeitnow.com/jobs/companies/atix-ag/it-consultant-infrastructure-automation-garching-386029,IT Consultant Infrastructure Automation (m/w/d)
38,https://www.arbeitnow.com/jobs/companies/waldemar-link-gmbh-co-kg/werkstudent-bereich-qualitatsmanagement-norderstedt-225538,Werkstudent Bereich Qualitätsmanagement (m/w/d)
38,https://www.arbeitnow.com/jobs/companies/twb-tief-und-wasserbau-gmbh/lohnbuchhalter-personalsachbearbeiter-entgeltabrechnung-lubbenau-472309,Lohnbuchhalter / Personalsachbearbeiter Entgeltabrechnung (m/w/d)
38,https://www.arbeitnow.com/jobs/companies/finanzkanzlei-patrick-sliwka/finanzberater-im-nebenberuf-quereinstieg-moglich-wuppertal-347404,Finanzberater im Nebenberuf (m/w/d) - Quereinstieg möglich
38,https://www.arbeitnow.com/jobs/companies/frechekoepfe-gmbh/pflichtpraktikum-webentwicklung-flexibler-start-moglich-karlsruhe-360926,Pflichtpraktikum Webentwicklung (flexibler Start möglich!)
38,https://www.arbeitnow.com/jobs/companies/smn-scale/video-cutter-short-format-i-e-commerce-vollzeit-minijob-freelance-hamburg-481618,Video Cutter (m/w/d) Short Format I E-Commerce (Vollzeit/Minijob/Freelance)
38,https://www.arbeitnow.com/jobs/companies/nuchtern/creative-allrounder-junior-art-director-mwd-ii-marketing-berlin-187880,"Creative Allrounder / Junior Art Director (m,w,d) II Marketing"
38,https://www.arbeitnow.com/jobs/companies/gfic/global-sales-director-freeze-dry-ingredients-b2b-and-private-label-heidelberg-385075,Global Sales Director Freeze Dry Ingredients B2B and Private label
38,https://www.arbeitnow.com/jobs/companies/gfic/global-sales-director-freeze-dry-ingredients-b2b-and-private-label-heidelberg-148054,Global Sales Director Freeze Dry Ingredients B2B and Private label
38,https://www.arbeitnow.com/jobs/companies/eta-plus-gmbh/duales-studium-betriebswirtschaftslehre-ba-mit-integrierter-ausbildung-an-der-bhh-hamburg-141132,Duales Studium: Betriebswirtschaftslehre (B.A.) mit integrierter Ausbildung an der BHH
38,https://www.arbeitnow.com/jobs/companies/stortebekker/praktikum-founders-associate-frankfurt-am-main-287255,Praktikum Founders Associate (m/w/d)
38,https://www.arbeitnow.com/jobs/companies/infotip-service-gmbh/salesforce-project-manager-all-genders-georgensgmund-55438,Salesforce Project Manager (all genders)
38,https://www.arbeitnow.com/jobs/companies/von-m/administration-und-vorbereitende-buchhaltung-teilzeit-ab-20std-woche-stuttgart-122000,Administration und vorbereitende Buchhaltung (w/m/d) Teilzeit ab 20Std./Woche
38,https://www.arbeitnow.com/jobs/companies/memodo/product-manager-strategic-supplier-relationships-munich-37827,Product Manager (m/w/d) Strategic Supplier Relationships
38,https://www.arbeitnow.com/jobs/companies/crafthunt-gmbh/werkstudent-marketing-baugpt-munich-416677,Werkstudent Marketing - BauGPT (m/w/d)
38,https://www.arbeitnow.com/jobs/companies/retentionclub-gmbh/crm-account-manager-klaviyo-remote-geisa-304032,CRM Account Manager (Klaviyo) - remote (m/w/d)
38,https://www.arbeitnow.com/jobs/companies/retentionclub-gmbh/grafikdesigner-mediengestalter-digital-100-remote-geisa-7464,Grafikdesigner / Mediengestalter (Digital) - 100 % remote (m/w/d)
38,https://www.arbeitnow.com/jobs/companies/designerdock-berlin/projektmanager-mit-design-background-hamburg-392285,Projektmanager (m/w/d) mit Design-Background
38,https://www.arbeitnow.com/jobs/companies/the-siss-bliss-gmbh/praktikum-social-media-management-berlin-307670,Praktikum Social Media Management (m/w/d)
38,https://www.arbeitnow.com/jobs/companies/environeering-group-gmbh/bauingenieur-geotechnik-geologe-aachen-205576,Bauingenieur Geotechnik / Geologe (m/w/d)
38,https://www.arbeitnow.com/jobs/companies/hagedorn-unternehmensgruppe/bilanzbuchhalter-hanover-197819,Bilanzbuchhalter (m/w/d)
38,https://www.arbeitnow.com/jobs/companies/environeering-group-gmbh/projektleiter-deponieplanung-aachen-22354,Projektleiter Deponieplanung (m/w/d)
38,https://www.arbeitnow.com/jobs/companies/environeering-group-gmbh/experte-altlasten-aachen-357563,Experte Altlasten (m/w/d)
38,https://www.arbeitnow.com/jobs/companies/zentso-s-gmbh/it-infrastructure-and-security-engineer-berlin-315887,IT Infrastructure and Security Engineer
39,https://www.arbeitnow.com/jobs/companies/spread-gmbh/senior-product-marketing-manager-berlin-294852,Senior Product Marketing Manager (f/m/d)
39,https://www.arbeitnow.com/jobs/companies/iffarth-consulting/leiter-mitgliederbetreuung-head-of-member-relations-frankfurt-am-main-300471,Leiter Mitgliederbetreuung / Head of Member Relations (m/w/d)
39,https://www.arbeitnow.com/jobs/companies/beijer-ref-deutschland-gmbh/technical-sales-support-fur-unsere-niederlassung-munchen-munich-177904,Technical Sales Support für unsere Niederlassung München
39,https://www.arbeitnow.com/jobs/companies/exzellente-jobs/tiefbauingenieur-in-westhausen-187929,Tiefbauingenieur (m/w/d) in Westhausen
39,https://www.arbeitnow.com/jobs/companies/topsim-gmbh/praktikum-marketing-tubingen-272252,Praktikum Marketing (m/w/d)
39,https://www.arbeitnow.com/jobs/companies/first-b2b-service-gmbh/video-cutterin-mit-schwerpunkt-shorts-kurzformate-in-stuttgart-30932,Video-Cutter(in) mit Schwerpunkt Shorts & Kurzformate (m/w/d) in Stuttgart
39,https://www.arbeitnow.com/jobs/companies/severn-consultancy-gmbh/senior-consultant-regulatory-analyst-frankfurt-am-main-428862,Regulatory Analyst (m/w/d)
39,https://www.arbeitnow.com/jobs/companies/revotion-gmbh/embedded-software-entwicklung-vollzeit-c-esp32-ble-iot-dusseldorf-29558,"Embedded Software-Entwicklung Vollzeit (M/W/D) C, ESP32, BLE, IoT"
39,https://www.arbeitnow.com/jobs/companies/renerco-plan-consult-gmbh/ingenieurin-netzanschluss-wind-pv-bess-munich-435805,"Ingenieur*in Netzanschluss Wind, PV, BESS (w/m/d)"
39,https://www.arbeitnow.com/jobs/companies/riverstate-premium-recruiting/servicetechniker-heizung-sanitar-51000-54000-inkl-urlaubs-weihnachtsgeld-und-pramie-munchen-flughafen-432665,Servicetechniker Heizung/Sanitär (m/w/d) | 51.000-54.000 inkl. Urlaubs-/Weihnachtsgeld und Prämie
39,https://www.arbeitnow.com/jobs/companies/eventinc-gmbh/kundenbetreuer-tagungsmanagement-mensch-hamburg-69571,Kundenbetreuer Tagungsmanagement (Mensch)
39,https://www.arbeitnow.com/jobs/companies/mammaly/senior-paid-search-manager-all-genders-berlin-262119,Senior Paid Search Manager (all genders)
39,https://www.arbeitnow.com/jobs/companies/pletschacher-projects-gmbh-co-kg/werkstudent-bauleitung-holzbau-dasing-384418,Werkstudent Bauleitung Holzbau (m/w/d)
39,https://www.arbeitnow.com/jobs/companies/digitalagenten/pflichtpraktikant-business-development-berlin-251779,Pflichtpraktikant Business Development (m/w/d)
39,https://www.arbeitnow.com/jobs/companies/pso-vertriebsprogramme-gmbh/customer-success-manager-cologne-383963,Customer Success Manager (m/w/d)
39,https://www.arbeitnow.com/jobs/companies/exzellente-jobs/referent-kreditrisiko-firmenkunden-marktfolge-aktiv-baunatal-209642,Referent (m/w/d) | Kreditrisiko Firmenkunden - Marktfolge Aktiv
39,https://www.arbeitnow.com/jobs/companies/exzellente-jobs/privatkundenberater-karrierechance-im-banking-baunatal-218790,Privatkundenberater (m/w/d) | Karrierechance im Banking
39,https://www.arbeitnow.com/jobs/companies/tacticx-consulting-gmbh/consultant-datenschutz-privacy-consultant-geldern-80211,Consultant Datenschutz / Privacy Consultant (m/w/d)
39,https://www.arbeitnow.com/jobs/companies/sw-projekte-gmbh/fachinformatiker-it-systemelektroniker-schwerpunkt-alamos-alarmierungssysteme-bos-it-linden-80796,"Fachinformatiker / IT-Systemelektroniker (m/w/d) Schwerpunkt Alamos, Alarmierungssysteme & BOS-IT"
39,https://www.arbeitnow.com/jobs/companies/cfc-corporate-finance-contor-gmbh/analystin-hamburg-246649,Analyst:in
39,https://www.arbeitnow.com/jobs/companies/modern-drive-technology-gmbh/werkstudent-app-entwicklung-neumarkt-in-der-oberpfalz-261885,Werkstudent App-Entwicklung (m/w/d)
39,https://www.arbeitnow.com/jobs/companies/qado-gmbh/founders-associate-intern-ai-product-consultant-munich-488371,Founders Associate Intern: AI Product Consultant (m/w/d)
39,https://www.arbeitnow.com/jobs/companies/vizzlo/head-of-development-data-viz-startup-b2b-saas-leipzig-410643,Head of Development - Data-Viz Startup - B2B SaaS
39,https://www.arbeitnow.com/jobs/companies/polarstern-experts/senior-testautomation-engineer-robot-framework-munster-272699,Senior Testautomation Engineer - Robot Framework
39,https://www.arbeitnow.com/jobs/companies/tt-line-gmbh-co-kg/head-of-human-resources-crewing-lubeck-387359,Head of Human Resources / Crewing (m/f/d)
39,https://www.arbeitnow.com/jobs/companies/verisana-gmbh/produkt-test-koordinator-remote-auf-freier-mitarbeit-hamburg-122313,Produkt-Test Koordinator (remote) auf freier Mitarbeit
39,https://www.arbeitnow.com/jobs/companies/archtexx-consulting-gmbh/sap-consultant-fi-co-sd-sap-ai-and-joule-bad-soden-357178,SAP Consultant FI / CO / SD (m/f/d) - SAP AI and Joule
39,https://www.arbeitnow.com/jobs/companies/strategiep-personalberatung/it-administrator-bremen-152525,IT-Administrator (w/m/d)
39,https://www.arbeitnow.com/jobs/companies/evident-europe-gmbh/senior-manager-mdm-technology-governance-hamburg-25933,Senior Manager - MDM Technology & Governance (m/f/d)
39,https://www.arbeitnow.com/jobs/companies/geschichtsburo-reder-koln/studentische-hilfskraft-backoffice-recherche-in-der-history-communication-cologne-189255,Studentische Hilfskraft Backoffice & Recherche in der History Communication
39,https://www.arbeitnow.com/jobs/companies/deep-automation/senior-freelance-eazybi-jira-reporting-specialist-contract-berlin-409745,Senior Freelance eazyBI & JIRA Reporting Specialist (Contract)
39,https://www.arbeitnow.com/jobs/companies/qado-gmbh/founders-associate-intern-growth-strategy-munich-409537,Founders Associate Intern: Growth & Strategy (m/w/d)
39,https://www.arbeitnow.com/jobs/companies/articus-gmbh-co-kg/werkstudent-mediendesign-marketing-in-isernhagen-74393,Werkstudent Mediendesign & Marketing (m/w/d) in Isernhagen
39,https://www.arbeitnow.com/jobs/companies/andris-consulting-gmbh/country-manager-generika-deutschland-remote-berlin-77841,"Country Manager Generika Deutschland (m/w/d), Remote"
39,https://www.arbeitnow.com/jobs/companies/skalar/senior-product-manager-munich-140279,Senior Product Manager (m/w/d)
39,https://www.arbeitnow.com/jobs/companies/knowyourchat/werkstudentin-praktikantin-software-development-rodental-23771,Werkstudent:in / Praktikant:in Software Development
39,https://www.arbeitnow.com/jobs/companies/knowyourchat/werkstudentin-praktikantin-social-media-content-creation-rodental-437012,Werkstudent:in / Praktikant:in Social Media & Content Creation
39,https://www.arbeitnow.com/jobs/companies/sappi-ehingen-gmbh/manager-operation-mechanik-ehingen-5046,Manager Operation Mechanik (m/w/d)
39,https://www.arbeitnow.com/jobs/companies/kloepfel-group/manager-einkaufstransformation-dusseldorf-215032,Manager Einkaufstransformation (w/m/d)
39,https://www.arbeitnow.com/jobs/companies/burkhardtweber-fertigungssysteme-gmbh/inbetriebnehmer-reutlingen-209424,Inbetriebnehmer (m/w/d)
39,https://www.arbeitnow.com/jobs/companies/msg-gruppe/mitarbeiter-kundenkommunikation-terminplanung-technischer-aussendienst-vollzeit-kornwestheim-42331,Mitarbeiter Kundenkommunikation / Terminplanung technischer Außendienst (m/w/d) Vollzeit
39,https://www.arbeitnow.com/jobs/companies/salesplaybook-ag/content-strategist-german-english-speaking-berlin-34059,Content Strategist (German & English-Speaking)
39,https://www.arbeitnow.com/jobs/companies/ivyclip/marketing-managerin-fur-schnell-wachsende-fashion-marke-remote-berlin-127980,Marketing Managerin für schnell wachsende Fashion Marke | remote m/w/d
39,https://www.arbeitnow.com/jobs/companies/specific-group-germany-gmbh/network-it-security-engineer-munich-248440,Network & IT Security Engineer (m/w/d)
39,https://www.arbeitnow.com/jobs/companies/complori/senior-marketing-manager-berlin-387466,Senior Marketing Manager (m/w/d)
39,https://www.arbeitnow.com/jobs/companies/icape-group/key-account-manager-suddeutschland-munich-80847,Key Account Manager Süddeutschland F/M/D
39,https://www.arbeitnow.com/jobs/companies/femlives/pflichtpraktikum-unbezahlt-femtec-startup-berlin-326671,Pflichtpraktikum (unbezahlt) Femtec Startup
39,https://www.arbeitnow.com/jobs/companies/techplanen/projektleiter-elektrotechnik-stuttgart-460098,Projektleiter Elektrotechnik
39,https://www.arbeitnow.com/jobs/companies/selected-heads-gmbh/kaufmannische-leitung-all-berlin-455568,Kaufmännische Leitung (all)
39,https://www.arbeitnow.com/jobs/companies/joe-nimble-gmbh/senior-marketing-manager-brand-lifecycle-ludwigsburg-137262,Senior Marketing Manager (m/w/d) - Brand & Lifecycle
40,https://www.arbeitnow.com/jobs/companies/dihag-holding-gmbh/entgeltabrechner-payroll-specialist-dusseldorf-49118,Entgeltabrechner / Payroll Specialist (m/w/d)
40,https://www.arbeitnow.com/jobs/companies/ituma/ausbildung-zum-fachinformatiker-in-hilden-117026,Ausbildung zum Fachinformatiker/in (w/m/d)
40,https://www.arbeitnow.com/jobs/companies/tecracer-germany-gmbh/product-manager-contact-center-conversational-ai-hanover-69113,Product Manager - Contact Center & Conversational AI (w/m/d)
40,https://www.arbeitnow.com/jobs/companies/nulegal-gmbh/senior-software-engineer-berlin-484223,Senior Software Engineer
40,https://www.arbeitnow.com/jobs/companies/partscloud-gmbh/product-manager-all-genders-berlin-62958,Product Manager (all genders)
40,https://www.arbeitnow.com/jobs/companies/natalie-radetzki-finanzberatung/nebenberuflicher-vertriebsmitarbeiter-bis-zu-25-eur-stunde-bayreuth-352545,Nebenberuflicher Vertriebsmitarbeiter bis zu 25 EUR/Stunde (m/w/d)
40,https://www.arbeitnow.com/jobs/companies/getrankeland-heidebrecht-gmbh-co-kg/marktleiterin-vollzeit-brieskow-finkenheerd-156579,Marktleiter:in (w/m/d) - Vollzeit
40,https://www.arbeitnow.com/jobs/companies/alex-cosmetic-gmbh/head-of-sales-deutschland-professional-skincare-essen-460668,Head of Sales Deutschland [Professional Skincare]
40,https://www.arbeitnow.com/jobs/companies/recruitment-circle-gmbh/werkstudentin-im-headhunting-berlin-87944,Werkstudent:in im Headhunting
40,https://www.arbeitnow.com/jobs/companies/ctk-gesellschaft-fur-computertechnologie-mbh/fachinformatiker-fur-systemintegration-quereinsteiger-willkommen-greding-440049,Ausbildung zum Fachinformatiker für Systemintegration (m/w/d)
40,https://www.arbeitnow.com/jobs/companies/pow-korean-concept/kosmetikerin-beauty-expertin-facials-lashlift-manikure-pedikure-frankfurt-am-main-372400,"Kosmetikerin / Beauty Expertin (Facials, Lashlift, Maniküre & Pediküre)"
40,https://www.arbeitnow.com/jobs/companies/growintherole/praktikantin-psychologie-in-einem-ki-start-up-fur-fuhrungskrafteentwicklung-koln-168767,Praktikant:in Psychologie (m/w/d) in einem KI Start-up für Führungskräfteentwicklung
40,https://www.arbeitnow.com/jobs/companies/schuhmann-partner/leiter-it-lubeck-434064,Leiter IT (w/m/d)
40,https://www.arbeitnow.com/jobs/companies/optano-gmbh/analytics-software-engineer-paderborn-471524,Analytics Software Engineer (m/w/d)
40,https://www.arbeitnow.com/jobs/companies/itb-gmbh/business-consultant-kamp-lintfort-387720,Business Consultant (m/w/d)
40,https://www.arbeitnow.com/jobs/companies/borbacker-siebers/hr-mitarbeiter-recruiting-personalplanung-essen-324227,HR-Mitarbeiter Recruiting & Personalplanung (m/w/d)
40,https://www.arbeitnow.com/jobs/companies/argus-interception-gmbh/senior-projektkoordinator-pmo-rotenburg-wumme-409818,Senior Projektkoordinator / PMO (m/w/d) - Rotenburg Wümme
40,https://www.arbeitnow.com/jobs/companies/hey-contact-heroes-gmbh/kundenservice-mobilfunk-inbound-freelancer-eu-ausserhalb-deutschland-100-remote-berlin-271195,"Kundenservice Mobilfunk Inbound - Freelancer - EU, außerhalb Deutschland - 100% Remote"
40,https://www.arbeitnow.com/jobs/companies/leannova-gmbh/projektleiter-operational-excellence-lingen-438984,Projektleiter Operational Excellence (m/w/d)
40,https://www.arbeitnow.com/jobs/companies/dostani-it-gmbh/lead-consultant-modern-workplace-microsoft-365-dortmund-333197,Lead Consultant - Modern Workplace & Microsoft 365 (m/w/d)
40,https://www.arbeitnow.com/jobs/companies/huchtemeier-papier/mitarbeiter-buchhaltung-controlling-fur-modernes-papierunternehmen-mit-internationalem-wachstum-dortmund-132749,Mitarbeiter Buchhaltung & Controlling (m/w/d) für modernes Papierunternehmen mit internationalem Wachstum
40,https://www.arbeitnow.com/jobs/companies/medialine-eurotrade-ag/senior-erp-consultant-erlenbach-am-main-120743,Senior ERP Consultant (m/w/d)
40,https://www.arbeitnow.com/jobs/companies/medialine-eurotrade-ag/senior-erp-consultant-strategic-lead-erlenbach-am-main-171952,Senior ERP Consultant - Strategic Lead (m/w/d)
40,https://www.arbeitnow.com/jobs/companies/enshift-ag/werkstudent-projektmanagement-dusseldorf-155954,Werkstudent Projektmanagement
40,https://www.arbeitnow.com/jobs/companies/riverstate-premium-recruiting/land-und-baumaschinenmechatroniker-45000-eur-je-nach-qualifikation-und-erfahrung-jade-80664,Land- und Baumaschinenmechatroniker (m/w/d) | 45.000 €+ (je nach Qualifikation und Erfahrung)
40,https://www.arbeitnow.com/jobs/companies/riverstate-premium-recruiting/land-und-baumaschinenmechatroniker-45000-eur-je-nach-qualifikation-und-erfahrung-schwarmstedt-107899,Land- und Baumaschinenmechatroniker (m/w/d) | 45.000 €+ (je nach Qualifikation und Erfahrung)
40,https://www.arbeitnow.com/jobs/companies/riverstate-premium-recruiting/land-und-baumaschinenmechatroniker-45000-eur-je-nach-qualifikation-und-erfahrung-twistringen-444761,Land- und Baumaschinenmechatroniker (m/w/d) | 45.000 €+ (je nach Qualifikation und Erfahrung)
40,https://www.arbeitnow.com/jobs/companies/dieprofiberater/nebenjob-mit-perspektive-bamberg-334239,Nebenjob mit Perspektive (m/w/d)
40,https://www.arbeitnow.com/jobs/companies/path-to-zero/lead-consultant-industrial-energy-decarbonisation-karlsruhe-192940,Lead Consultant - Industrial Energy & Decarbonisation
40,https://www.arbeitnow.com/jobs/companies/secupay-ag/mitarbeiter-auslagerungsmanagement-pulsnitz-311324,Mitarbeiter Auslagerungsmanagement (W/M/D)
40,https://www.arbeitnow.com/jobs/companies/enecon-consulting-gmbh/sap-consultant-in-der-energiewirtschaft-dusseldorf-339685,SAP Consultant in der Energiewirtschaft (m/w/d)
40,https://www.arbeitnow.com/jobs/companies/hiserv-gmbh/kfz-mechatroniker-fur-luftfahrtbodengerate-schonefeld-44777,Kfz-Mechatroniker für Luftfahrtbodengeräte (m/w/d)
40,https://www.arbeitnow.com/jobs/companies/ruther-gmbh/anlagenmonteur-fur-grosskuchen-und-speiseausgabeanlagen-eslohe-363780,Anlagenmonteur für Großküchen- und Speiseausgabeanlagen (m/w/d)
40,https://www.arbeitnow.com/jobs/companies/management-mobil-personalberatung/teamleitung-versorgungstechnik-technische-gebaudeausrustung-tga-gelsenkirchen-123864,Teamleitung (w/m/d) Versorgungstechnik / Technische Gebäudeausrüstung (TGA)
40,https://www.arbeitnow.com/jobs/companies/paltron-gmbh/application-owner-data-warehouse-frankfurt-am-main-489226,Application Owner (m/w/d) Data Warehouse
40,https://www.arbeitnow.com/jobs/companies/monika-moser-executive-search/energiemanager-manager-energy-sustainability-herford-93117,Energiemanager / Manager Energy & Sustainability (m/w/d)
40,https://www.arbeitnow.com/jobs/companies/fine-dine-verlags-gmbh/sr-recruiter-hr-manager-top-1-a-player-recruiting-employer-branding-people-ops-60-70k-eur-ulm-192904,"Sr. Recruiter / HR Manager (Top 1%) | A-Player-Recruiting, Employer Branding & People Ops | 60-70k € (m/w/d)"
40,https://www.arbeitnow.com/jobs/companies/empowerland-gug/kuchenleitung-augsburg-4017,Küchenleitung
40,https://www.arbeitnow.com/jobs/companies/workist-gmbh/product-marketing-manager-berlin-39547,Product Marketing Manager (f/m/x)
40,https://www.arbeitnow.com/jobs/companies/m2p-consulting-gmbh/senior-consultant-fokus-bau-und-infrastuktur-frankfurt-am-main-131524,(Senior) Consultant - Fokus Bau und Infrastuktur (w/m/d)
40,https://www.arbeitnow.com/jobs/companies/bahmann-coaching-gmbh/diatassistent-fur-abnehmcoaching-hanover-94000,Diätassistent (m/w/d) für Abnehmcoaching
40,https://www.arbeitnow.com/jobs/companies/immobilienberatung-bremen-gmbh/immobiliengutachter-senior-junior-trainee-in-vollzeit-immobilienberatung-bremen-gmbh-93252,Immobiliengutachter Senior/ Junior/ Trainee (m/w/d) in Vollzeit - Immobilienberatung Bremen GmbH
40,https://www.arbeitnow.com/jobs/companies/immobilienberatung-bremen-gmbh/head-of-staff-in-vollzeit-immobilienberatung-bremen-gmbh-205042,Head of Staff (m/w/d) in Vollzeit - Immobilienberatung Bremen GmbH
40,https://www.arbeitnow.com/jobs/companies/staking-facilities-gmbh/senior-systems-engineer-solana-remote-munich-430605,(Senior) Systems Engineer (Solana) - Remote (m/f/d)
40,https://www.arbeitnow.com/jobs/companies/investmentbuilder-group-gmbh/account-manager-fulfillment-manager-mainz-475868,Account Manager / Fulfillment Manager (m/w/d)
40,https://www.arbeitnow.com/jobs/companies/beutler-saghari-partner-gmbh/praktikum-social-media-content-manager-remote-iserlohn-67390,"Praktikum ""Social Media/ Content Manager"" (m/w/d), Remote"
40,https://www.arbeitnow.com/jobs/companies/partspace-gmbh/senior-finance-manager-munich-455197,Senior Finance Manager (m/w/d)
40,https://www.arbeitnow.com/jobs/companies/investmentbuilder-group-gmbh/head-of-sales-vertriebsleiter-mainz-78888,Head of Sales / Vertriebsleiter (m/w/d)
40,https://www.arbeitnow.com/jobs/companies/riverstate-premium-recruiting/projektingenieur-projektleiter-tga-hkls-flexibles-arbeiten-48000-72000eur-landsberg-448472,Projektingenieur / Projektleiter TGA / HKLS (m/w/d) | flexibles Arbeiten | 48.000-72.000€
40,https://www.arbeitnow.com/jobs/companies/gocomo-gmbh/senior-operations-controller-berlin-49545,(Senior) Operations Controller (m/w/d)
41,https://www.arbeitnow.com/jobs/companies/hubside-die-recruitingwerkstatt/it-security-coordinator-munich-403290,IT Security Coordinator (m/w/d)
41,https://www.arbeitnow.com/jobs/companies/westwind-stories/werkstudentin-social-media-content-marketing-bochum-376851,"Werkstudent:in Social Media, Content & Marketing (m/w/d)"
41,https://www.arbeitnow.com/jobs/companies/frequentum/werkstudent-elektromobilitat-ladeinfrastruktur-munich-83540,Werkstudent (m/w/q) Elektromobilität Ladeinfrastruktur
41,https://www.arbeitnow.com/jobs/companies/noah-labs/senior-ai-product-engineer-berlin-16198,Senior AI Product Engineer
41,https://www.arbeitnow.com/jobs/companies/hubside-die-recruitingwerkstatt/leiter-software-entwicklung-produktmanagement-und-plattform-services-munich-56254,"Leiter Software Entwicklung, Produktmanagement und Plattform Services (m/w/d)"
41,https://www.arbeitnow.com/jobs/companies/homify-gmbh-co-kg/guest-experience-specialist-in-vollzeit-montabaur-44730,Guest Experience Specialist (m/w/d) in Vollzeit
41,https://www.arbeitnow.com/jobs/companies/joh-sieben-gmbh/hr-assistant-werkstudent-heinsberg-40268,HR Assistant - Werkstudent (m/w/d)
41,https://www.arbeitnow.com/jobs/companies/agex-it-gmbh/schrankdesigner-gesucht-refnr-4200-stuttgart-233451,Schrankdesigner (w/m/d) gesucht! Ref.Nr. 4200!
41,https://www.arbeitnow.com/jobs/companies/d4l-data4life-ggmbh/senior-full-stack-developer-berlin-219764,Senior Full-Stack Developer (f/m/x)
41,https://www.arbeitnow.com/jobs/companies/scaletech-gmbh/e-commerce-retention-marketing-manager-bruchkobel-28806,E-Commerce & Retention Marketing Manager
41,https://www.arbeitnow.com/jobs/companies/scaletech-gmbh/web-developer-frontend-developer-bruchkobel-423555,Web Developer / Frontend Developer
41,https://www.arbeitnow.com/jobs/companies/pollnick-create-thorben-kapscheck-felix-pollnick-ohg/werkstudent-buchhaltung-dusseldorf-281385,Werkstudent Buchhaltung (m/w/d)
41,https://www.arbeitnow.com/jobs/companies/ratepay-gmbh/head-of-sales-berlin-76679,Head of Sales (m/w/d)
41,https://www.arbeitnow.com/jobs/companies/magazino-gmbh/it-system-administrator-munich-218775,IT System Administrator (f/m/d)
41,https://www.arbeitnow.com/jobs/companies/magazino-gmbh/it-system-administrator-munich-41629,IT System Administrator (w/m/d)
41,https://www.arbeitnow.com/jobs/companies/pow-korean-concept/kosmetikerin-und-oder-nageldesignerin-frankfurt-am-main-71421,Kosmetikerin und/oder Nageldesignerin
41,https://www.arbeitnow.com/jobs/companies/hubside-die-recruitingwerkstatt/it-systemadministrator-schwerpunkt-webex-collaboration-munich-453465,IT-Systemadministrator (m/w/d) Schwerpunkt WebEx Collaboration
41,https://www.arbeitnow.com/jobs/companies/daniel-jankowski-telis-finanz/vertriebsmitarbeiterin-amberg-76931,Vertriebsmitarbeiter:in (m/w/d)
41,https://www.arbeitnow.com/jobs/companies/horbach-finanzplanung-fur-akademiker/praktikum-financial-consulting-berlin-428567,Praktikum Financial Consulting (m/w/d) - Berlin
41,https://www.arbeitnow.com/jobs/companies/erhard-seeger-personalberatung/top-karrierechance-im-private-banking-schwabisch-hall-473101,Top-Karrierechance im Private Banking
41,https://www.arbeitnow.com/jobs/companies/wesortai-gmbh/software-engineer-ki-basiertes-recycling-wurzburg-15208,Software Engineer (m/w/d) - KI-basiertes Recycling
41,https://www.arbeitnow.com/jobs/companies/tippingpoints-gmbh/praktikantin-in-nachhaltiger-kommunikationsagentur-bonn-200097,Praktikant:in (w/m/d) in nachhaltiger Kommunikationsagentur
41,https://www.arbeitnow.com/jobs/companies/avendis-gmbh/systems-engineer-network-security-mannheim-194127,Systems Engineer (w/m/d) Network & Security
41,https://www.arbeitnow.com/jobs/companies/all4golf-golfversand-hannover-gmbh/senior-ux-ui-designer-product-designer-e-commerce-in-hannover-hybrid-hanover-235181,Senior UX/UI Designer / Product Designer (m/w/d) E-Commerce in Hannover (Hybrid)
41,https://www.arbeitnow.com/jobs/companies/wesortai-gmbh/machine-learning-engineer-foundation-models-wurzburg-368954,Machine Learning Engineer (m/w/d) - Foundation Models
41,https://www.arbeitnow.com/jobs/companies/erhard-seeger-personalberatung/teamleitung-problemkreditbearbeitung-at-starke-regionalbank-in-main-franken-lohr-a-main-44406,Teamleitung Problemkreditbearbeitung (m/w/d) @ starke Regionalbank in Main-Franken
41,https://www.arbeitnow.com/jobs/companies/fleeky-gmbh/werkstudent-marketing-brand-building-hamburg-145338,Werkstudent Marketing & Brand Building (m/w/d)
41,https://www.arbeitnow.com/jobs/companies/highcoordination-gmbh/junior-bi-consultant-analytics-qlik-100-deutschland-hybrid-singen-198054,"Junior BI Consultant Analytics, Qlik (100%) (w/m/d), Deutschland, hybrid"
41,https://www.arbeitnow.com/jobs/companies/intermate-media-gmbh/creative-lead-gn-berlin-8338,Creative Lead (gn)
41,https://www.arbeitnow.com/jobs/companies/spotixx-gmbh/technical-lead-frankfurt-am-main-197907,Technical Lead (f/x/m)
41,https://www.arbeitnow.com/jobs/companies/the-siss-bliss-gmbh/werkstudent-content-creation-social-media-management-berlin-389893,Werkstudent Content Creation & Social Media Management (m/w/d)
41,https://www.arbeitnow.com/jobs/companies/yz-media/werkstudent-content-creation-frankfurt-frankfurt-am-main-330270,Werkstudent Content Creation (m/w/d) | FRANKFURT
41,https://www.arbeitnow.com/jobs/companies/yz-media/werkstudent-content-creation-frankfurt-am-main-412337,Werkstudent Content Creation (m/w/d)
41,https://www.arbeitnow.com/jobs/companies/falk-defence-gmbh/senior-navigation-engineer-leipzig-35912,Senior Navigation Engineer (m/w/d)
41,https://www.arbeitnow.com/jobs/companies/falk-defence-gmbh/senior-flight-test-engineer-leipzig-99804,Senior Flight Test Engineer (m/w/d)
41,https://www.arbeitnow.com/jobs/companies/medi-manage-innovation-gmbh/assistenz-der-geschaftsfuhrung-mainz-320486,Assistenz der Geschäftsführung (m/w/d)
41,https://www.arbeitnow.com/jobs/companies/certa/praktikant-im-office-der-geschaftsfuhrung-cologne-440629,Praktikant (m/w/d) im Office der Geschäftsführung
41,https://www.arbeitnow.com/jobs/companies/dexter-health/technical-support-specialist-software-100-remote-cologne-24705,"Technical Support Specialist Software, 100% Remote (m/w/d)"
41,https://www.arbeitnow.com/jobs/companies/dexter-health/junior-application-support-specialist-software-100-homeoffice-cologne-280199,"Junior Application Support Specialist Software, 100% Homeoffice (m/w/d)"
41,https://www.arbeitnow.com/jobs/companies/plutos-vermogensverwaltung-ag/junior-client-service-associate-frankfurt-am-main-470648,Junior Client Service Associate (m/w/d)
41,https://www.arbeitnow.com/jobs/companies/qualityminds-gmbh/software-architektin-nuremberg-202763,Software Architekt:in (m/w/d)
41,https://www.arbeitnow.com/jobs/companies/das-progressive-zentrum/initiativbewerbung-berlin-298800,Initiativbewerbung
41,https://www.arbeitnow.com/jobs/companies/estateanfrage/werkstudent-ai-engineer-munich-192967,Werkstudent AI Engineer (m/w/d)
41,https://www.arbeitnow.com/jobs/companies/paltron-gmbh/business-central-entwickler-marsberg-197129,Business Central Entwickler (m/w/d)
41,https://www.arbeitnow.com/jobs/companies/vegesack-marketing-ev/projektmanagerin-stadtmarketing-in-teilzeit-60-bremen-38613,Projektmanager:in Stadtmarketing in Teilzeit (60%)
41,https://www.arbeitnow.com/jobs/companies/bradzel-gmbh/technical-marketing-managerin-websites-tracking-automation-munich-162210,"Technical Marketing Manager:in - Websites, Tracking & Automation (m/w/d)"
41,https://www.arbeitnow.com/jobs/companies/jetztjob/elektriker-mechatroniker-schmolln-372300,Elektriker/Mechatroniker (m/w/d)
41,https://www.arbeitnow.com/jobs/companies/interface-projects-gmbh/kubernetes-platform-engineer-dresden-495673,Kubernetes Platform Engineer (m/w/d)
41,https://www.arbeitnow.com/jobs/companies/maintea-gmbh/video-editorin-all-genders-pflichtpraktikum-frankfurt-am-main-163380,Video Editor:in (all genders) // Pflichtpraktikum // Frankfurt am Main
41,https://www.arbeitnow.com/jobs/companies/maintea-gmbh/video-editorin-all-genders-werkstudentin-frankfurt-am-main-162270,Video Editor:in (all genders) // Werkstudent:in // Frankfurt am Main
42,https://www.arbeitnow.com/jobs/companies/volksbank-westmunsterland-eg/immobiliengutachter-in-voll-und-teilzeit-haltern-am-see-116053,Immobiliengutachter (m/w/d) in Voll- und Teilzeit
42,https://www.arbeitnow.com/jobs/companies/promantis-gmbh/sap-is-u-s-4-utilities-consultant-remlingen-234070,SAP IS-U / S/4 Utilities Consultant (m/w/d)
42,https://www.arbeitnow.com/jobs/companies/kloepfel-group/leiter-direkter-einkauf-numbrecht-277202,Leiter Direkter Einkauf (m/w/d)
42,https://www.arbeitnow.com/jobs/companies/ug-gwc/technical-writer-im-ingenieurwesen-remote-berlin-120984,Technical Writer im Ingenieurwesen (Remote)
42,https://www.arbeitnow.com/jobs/companies/rm-executive-search-personalberatung-house-of-recruiting/leiterin-umweltplanung-landschaftsplanung-stade-319076,Leiter:in Umweltplanung / Landschaftsplanung
42,https://www.arbeitnow.com/jobs/companies/lovebetter-gesellschaft-fur-mannliche-sexualitat-mbh/growth-intelligence-ai-analyst-berlin-219401,Growth Intelligence & AI Analyst
42,https://www.arbeitnow.com/jobs/companies/mara-personalservice-gmbh/fachkraft-fur-lagerlogistik-bielefeld-220618,Fachkraft für Lagerlogistik (m/w/d)
42,https://www.arbeitnow.com/jobs/companies/ecent-gmbh/werkstudentin-technical-operations-support-fur-eradiant-saas-munich-27432,Werkstudent*in Technical Operations & Support für ERADIANT SaaS (m/w/d)
42,https://www.arbeitnow.com/jobs/companies/dellner-bubenzer/sachbearbeiter-lohn-gehaltsabrechnung-kirchen-135982,Sachbearbeiter Lohn- & Gehaltsabrechnung (m/w/d)
42,https://www.arbeitnow.com/jobs/companies/ingenieurburo-verena-berndt/ausbildung-zum-technischen-systemplaner-fachrichtung-versorgungs-und-ausrustungstechnik-weilheim-an-der-teck-455398,Ausbildung zum Technischen Systemplaner - Fachrichtung Versorgungs- und Ausrüstungstechnik (m/w/d)
42,https://www.arbeitnow.com/jobs/companies/everydays/video-editor-ai-creative-cutter-video-ads-fur-meta-co-berlin-475039,Video Editor / AI Creative Cutter (m/w/d) - Video Ads für Meta & Co
42,https://www.arbeitnow.com/jobs/companies/team-passerelle/data-ai-engineer-berlin-321833,Data & AI Engineer (m/w/d)
42,https://www.arbeitnow.com/jobs/companies/teqwerk-gmbh/digital-workplace-architect-brannenburg-478716,Digital Workplace Architect (m/w/d)
42,https://www.arbeitnow.com/jobs/companies/kordel-antriebstechnik-gmbh/senior-systemadministrator-dulmen-180743,Senior Systemadministrator (m/w/d)
42,https://www.arbeitnow.com/jobs/companies/rfm-mediamix-ag/online-marketing-content-creator-munich-164432,Online Marketing & Content Creator (m/w/d)
42,https://www.arbeitnow.com/jobs/companies/assecor-gmbh/systemadministrator-it-infrastruktur-berlin-6492,Systemadministrator IT-Infrastruktur (m/w/d)
42,https://www.arbeitnow.com/jobs/companies/nfon/software-engineer-all-genders-munich-233705,Software Engineer (all genders)
42,https://www.arbeitnow.com/jobs/companies/capcellence-management-gmbh/vertriebsleiter-mit-wachstumsmentalitat-bei-private-equity-finanziertem-industrieunternehmen-stuttgart-140145,Vertriebsleiter (m/w/d) mit Wachstumsmentalität bei Private Equity-finanziertem Industrieunternehmen
42,https://www.arbeitnow.com/jobs/companies/lietmeyer-unternehmensgruppe/leitung-finance-accounting-fur-unsere-unternehmensgruppe-hildesheim-434475,Leitung Finance & Accounting (m/w/d) für unsere Unternehmensgruppe
42,https://www.arbeitnow.com/jobs/companies/gunnar-kuhne-executive-search-gmbh/director-capital-markets-frankfurt-am-main-493615,Director Capital Markets (m/w/d)
42,https://www.arbeitnow.com/jobs/companies/maass-it/it-systemadministratorin-fachinformatiker-systemintegration-infrastruktur-wesel-63272,IT-Systemadministrator:in / Fachinformatiker Systemintegration Infrastruktur (m/w/d)
42,https://www.arbeitnow.com/jobs/companies/1komma50/junior-go-to-market-project-manager-berlin-433654,Junior Go to Market Project Manager (m/f/d)
42,https://www.arbeitnow.com/jobs/companies/vr360-gmbh/callcenter-schuler-und-studenten-fur-die-terminierung-in-koln-gesucht-cologne-246362,Callcenter - Schüler und Studenten (m/w/d) für die Terminierung in Köln gesucht!
42,https://www.arbeitnow.com/jobs/companies/konzepthaus-gmbh/call-agent-schuler-und-studenten-fur-die-terminierung-in-worms-gesucht-58042,Call Agent Schüler und Studenten (m/w/d) für die Terminierung in Worms gesucht!
42,https://www.arbeitnow.com/jobs/companies/indie-solutions-gmbh/lead-backend-developer-dresden-61147,Lead Backend Developer (m/w/d)
42,https://www.arbeitnow.com/jobs/companies/bpw-aftermarket-group-deutschland-gmbh/e-commerce-integration-specialist-automotive-data-integration-specialist-wuppertal-69615,Junior Data Integration Engineer (m/w/d)
42,https://www.arbeitnow.com/jobs/companies/tauber-unternehmensgruppe/fachplanung-in-der-kampfmittelraumung-mit-trainee-programm-auch-fur-quereinsteiger-greven-474469,Fachplanung (m/w/d) in der Kampfmittelräumung - mit Trainee-Programm auch für Quereinsteiger
42,https://www.arbeitnow.com/jobs/companies/syte-gmbh/country-manager-uk-munster-327601,Country Manager UK (m/w/d)
42,https://www.arbeitnow.com/jobs/companies/acton-capital/visiting-analyst-munich-88514,Visiting Analyst
42,https://www.arbeitnow.com/jobs/companies/implify/praktikum-data-governance-security-im-start-up-frankfurt-am-main-176264,Praktikum Data Governance & Security im Start-up (m/w/d)
42,https://www.arbeitnow.com/jobs/companies/momento-living-gmbh/werkstudent-it-systemadministrator-it-operations-standort-harrislee-handewitt-20-h-woche-218144,Werkstudent IT-Systemadministrator / IT Operations (m/w/d) Standort: Harrislee & Handewitt · 20 h/ Woche
42,https://www.arbeitnow.com/jobs/companies/therapium-group-gmbh/finance-specialist-fur-buchhaltung-controlling-berlin-79318,Finance Specialist (m/w/d) für Buchhaltung & Controlling
42,https://www.arbeitnow.com/jobs/companies/parte-verwaltung-gmbh/weg-verwalter-immobilienverwalter-essen-479345,WEG-Verwalter / Immobilienverwalter (m/w/d)
42,https://www.arbeitnow.com/jobs/companies/idkom-networks-gmbh/it-consultant-citrix-kempten-173812,IT-Consultant Citrix (m/w/d)
42,https://www.arbeitnow.com/jobs/companies/coolback-gmbh/it-systemadministrator-hoppegarten-197863,IT Systemadministrator (m/w/d)
42,https://www.arbeitnow.com/jobs/companies/caspar-health/commercial-segment-lead-b2b-saas-growth-pl-alle-identitaten-berlin-150049,Commercial Segment Lead B2B SaaS – Growth / P&L (alle Identitäten)
42,https://www.arbeitnow.com/jobs/companies/nextaudit/werkstudent-projektmanagement-customer-success-management-aachen-409170,Werkstudent (w/m/d) Projektmanagement/Customer Success Management
42,https://www.arbeitnow.com/jobs/companies/idkom-networks-gmbh/network-security-engineer-kempten-446156,Network Security Engineer (m/w/d)
42,https://www.arbeitnow.com/jobs/companies/softr/head-of-demand-generation-remote-berlin-360567,Head of Demand Generation (Remote)
42,https://www.arbeitnow.com/jobs/companies/angelgym-gmbh/grafikdesignerin-fur-e-mail-ads-werkstudent-freelance-hanover-481796,Grafikdesigner:in für E-Mail & Ads (Werkstudent/Freelance)
42,https://www.arbeitnow.com/jobs/companies/bremer-gewurzhandel-gmbh/multichannel-e-commerce-manager-ai-first-bremen-39566,Multichannel E-Commerce Manager (AI-First) (m/w/d)
42,https://www.arbeitnow.com/jobs/companies/koller-lode/junior-sales-manager-trainee-im-vertrieb-bis-6000-eur-wurzburg-398607,Junior Sales Manager / Trainee im Vertrieb (m/w/d) | bis 6.000 € | Würzburg
42,https://www.arbeitnow.com/jobs/companies/dexter-health/ai-developer-llm-products-remote-cologne-401393,AI Developer (LLM Products) - Remote
42,https://www.arbeitnow.com/jobs/companies/dexter-health/applied-ai-developer-remote-cologne-318093,Applied AI Developer - Remote
42,https://www.arbeitnow.com/jobs/companies/dexter-health/ai-engineer-llm-remote-cologne-251903,AI Engineer (LLM) - Remote
42,https://www.arbeitnow.com/jobs/companies/miles-mobility/sales-manager-d-berlin-333417,Sales Manager (w/m/x/d)
42,https://www.arbeitnow.com/jobs/companies/lk-recruiting-gmbh/telefonist-fur-bewerberhotline-braunschweig-394705,Telefonist (m/w/d) für Bewerberhotline
42,https://www.arbeitnow.com/jobs/companies/akm-wundmanagement-gmbh/werkstudent-business-automation-digital-transformation-duisburg-4987,Werkstudent Business Automation & Digital Transformation (m/w/d)
42,https://www.arbeitnow.com/jobs/companies/syte-gmbh/country-manager-spain-munster-491756,Country Manager Spain (m/w/d)
42,https://www.arbeitnow.com/jobs/companies/eventinc-gmbh/kunden-vertragsmanager-mensch-hamburg-151074,Kunden- & Vertragsmanager (Mensch)
43,https://www.arbeitnow.com/jobs/companies/edl/maintenance-contract-billing-specialist-edl-gmbh-bochum-253367,Maintenance Contract & Billing Specialist EDL GmbH
43,https://www.arbeitnow.com/jobs/companies/print-more-gmbh/sachbearbeiter-im-finance-backoffice-bochum-5608,Sachbearbeiter im Finance-Backoffice (m/w/d)
43,https://www.arbeitnow.com/jobs/companies/kluuu/praktikum-marketing-growth-cologne-302410,Praktikum Marketing & Growth (m/w/d)
43,https://www.arbeitnow.com/jobs/companies/cleo-you-gmbh/werkstudentin-customer-experience-online-marketing-hamburg-55626,Werkstudent:in Customer Experience & Online-Marketing (m/w/d)
43,https://www.arbeitnow.com/jobs/companies/accenture/manager-deal-structuting-pricing-all-genders-kronberg-250338,Manager Deal Structuting & Pricing (all genders)
43,https://www.arbeitnow.com/jobs/companies/adloca-gmbh/senior-crm-consultant-hubspot-munich-63773,Senior CRM Consultant HubSpot (m/w/d)
43,https://www.arbeitnow.com/jobs/companies/docleads/online-marketing-manager-website-seo-munich-7829,Online Marketing Manager - Website & SEO
43,https://www.arbeitnow.com/jobs/companies/fade-agency/werkstudentin-cutter-visual-content-aachen-199340,Werkstudent:in Cutter & Visual Content (m/w/d)
43,https://www.arbeitnow.com/jobs/companies/adloca-gmbh/senior-performance-marketing-manager-munich-213408,Senior Performance Marketing Manager (m/w/d)
43,https://www.arbeitnow.com/jobs/companies/qualityminds-gmbh/senior-frontend-developer-nuremberg-360357,Senior Frontend Developer (m/w/d)
43,https://www.arbeitnow.com/jobs/companies/hebu-gmbh/social-media-manager-teilzeit-leipzig-remote-427856,Social Media Manager (m/w/d) - Teilzeit - Leipzig & Remote
43,https://www.arbeitnow.com/jobs/companies/ward-howell-international-prasuhn-gmbh/projektleiter-automation-elektrotechnik-hamburg-oder-osnabruck-489305,Projektleiter (m/w/d) Automation Elektrotechnik - Hamburg oder Osnabrück
43,https://www.arbeitnow.com/jobs/companies/ewerk-group/senior-it-solution-architect-consulting-leipzig-99889,(Senior) IT- / Solution Architect (m/w/d) - Consulting
43,https://www.arbeitnow.com/jobs/companies/wandwerk-ek/studentische-hilfskraft-marketing-social-media-neuss-200303,Studentische Hilfskraft (m/w/d) Marketing & Social Media
43,https://www.arbeitnow.com/jobs/companies/machtfit-gmbh/interim-fractional-teamlead-sales-b2b-enterprise-all-genders-berlin-71241,Interim/Fractional Teamlead Sales B2B Enterprise (all genders)
43,https://www.arbeitnow.com/jobs/companies/intermate-media-gmbh/senior-creative-concept-copy-social-gn-berlin-206113,Senior Creative Concept/Copy (Social) (gn)
43,https://www.arbeitnow.com/jobs/companies/riege-software/it-systemadministrator-meerbusch-297899,IT-Systemadministrator (m/w/d)
43,https://www.arbeitnow.com/jobs/companies/hubside-die-recruitingwerkstatt/microsoft-security-consultant-munich-396106,Microsoft Security Consultant (m/w/d)
43,https://www.arbeitnow.com/jobs/companies/getaway/tech-lead-mobility-startup-berlin-262820,Tech Lead (m/w/d) Mobility Startup Berlin
43,https://www.arbeitnow.com/jobs/companies/upyu-by-freemom-gmbh/business-central-spezialistin-100-remote-flexibel-gerstungen-452353,Business Central Spezialist:in (m/w/d) - 100% remote & flexibel
43,https://www.arbeitnow.com/jobs/companies/foerster-thelen-marktforschung/freie-mitarbeiter-fur-mobile-datenerfassung-bad-neustadt-an-der-saale-276397,Freie Mitarbeiter (m/w/d) für Mobile Datenerfassung
43,https://www.arbeitnow.com/jobs/companies/praxisconzept-angelika-melson/wir-suchen-zum-nachstmoglichen-zeitpunkt-unterstutzung-im-bereich-online-marketing-social-media-auf-minijob-basis-hamburg-262284,Wir suchen zum nächstmöglichen Zeitpunkt Unterstützung im Bereich Online Marketing / Social Media - m/w/d - auf Minijob - Basis
43,https://www.arbeitnow.com/jobs/companies/foerster-thelen-marktforschung/freie-mitarbeiter-fur-mobile-datenerfassung-eisfeld-63708,Freie Mitarbeiter (m/w/d) für Mobile Datenerfassung
43,https://www.arbeitnow.com/jobs/companies/simunich-gmbh/junior-programm-manager-automotive-frankfurt-am-main-413653,(Junior) Programm Manager Automotive (m/w/d)
43,https://www.arbeitnow.com/jobs/companies/nooxit-gmbh/customer-success-manager-german-speaking-berlin-122753,Customer Success Manager - German Speaking
43,https://www.arbeitnow.com/jobs/companies/pro-mobil-verein-fur-menschen-mit-behinderung-ev/betriebswirtin-heiligenhaus-370156,Betriebswirt*in (m/w/d)
43,https://www.arbeitnow.com/jobs/companies/1komma50/technische-planung-warmepumpen-heiztechnik-1komma5-braunschweig-157901,Technische Planung (m/w/d) Wärmepumpen & Heiztechnik - 1KOMMA5° Braunschweig
43,https://www.arbeitnow.com/jobs/companies/media-recruiting/studentisches-praktikum-mediendesign-marketing-braunschweig-319613,"Studentisches Praktikum - Mediendesign, Marketing (m/w/d)"
43,https://www.arbeitnow.com/jobs/companies/fluitronics-gmbh/prufer-hydraulischer-komponenten-qualitatsprufer-produktion-krefeld-275191,Prüfer hydraulischer Komponenten / Qualitätsprüfer Produktion (m/w/d)
43,https://www.arbeitnow.com/jobs/companies/rmd-rhein-main-deponie-gmbh/projektsachbearbeiter-energieerzeugung-und-gasverwertung-florsheim-am-main-3263,Projektsachbearbeiter Energieerzeugung und Gasverwertung (m/w/d)
43,https://www.arbeitnow.com/jobs/companies/right-search/experte-kreditrisikobetreuung-credit-workout-gutersloh-75879,Experte Kreditrisikobetreuung / Credit Workout (w/m/d)
43,https://www.arbeitnow.com/jobs/companies/voltvera/founders-associate-cologne-444353,Founders Associate
43,https://www.arbeitnow.com/jobs/companies/skalar/senior-data-engineer-munich-460710,Senior Data Engineer (w/m/d)
43,https://www.arbeitnow.com/jobs/companies/skalar/senior-ai-engineer-munich-49780,Senior AI Engineer (w/m/d)
43,https://www.arbeitnow.com/jobs/companies/diamclean-gmbh/pflichtpraktikum-produktmarketing-software-launch-cologne-60851,Pflichtpraktikum Produktmarketing & Software Launch (m/w/d)
43,https://www.arbeitnow.com/jobs/companies/brandung-gmbh/senior-project-manager-digital-cologne-71474,Senior Project Manager Digital (w/m/d)
43,https://www.arbeitnow.com/jobs/companies/aquadraulic-wassertechnik-gmbh/projektleiter-im-bereich-anlagenbau-badewassertechnischer-anlagen-raesfeld-251297,Projektleiter (m/w/d) im Bereich Anlagenbau Badewassertechnischer Anlagen
43,https://www.arbeitnow.com/jobs/companies/hello-people-gmbh/werkstudentin-talent-managerin-hamburg-336148,Werkstudent*In Talent Manager*In (M/W/D)
43,https://www.arbeitnow.com/jobs/companies/hanischklein/callcenter-mitarbeiterin-wuppertal-198033,Callcenter - Mitarbeiter:in
43,https://www.arbeitnow.com/jobs/companies/gsg-berlin-gmbh/werkstudent-marketing-berlin-253554,Werkstudent Marketing (m/w/d)
43,https://www.arbeitnow.com/jobs/companies/adspace/influencer-marketing-manager-youtube-hamburg-474273,Influencer Marketing Manager (m/w/d) - YouTube
43,https://www.arbeitnow.com/jobs/companies/recruit-121-group/sap-ams-presales-consultant-remote-deutschlandweit-dusseldorf-394977,SAP AMS Presales Consultant (m/w/d) | Remote deutschlandweit
43,https://www.arbeitnow.com/jobs/companies/plantura-gmbh/marketplace-manager-schwerpunkt-amazon-munich-343317,Marketplace Manager (f/m/d) – Schwerpunkt Amazon
43,https://www.arbeitnow.com/jobs/companies/recruit-121-group/sap-materials-management-consultant-munich-77624,Sap Materials Management Consultant
43,https://www.arbeitnow.com/jobs/companies/recruit-121-group/sap-finance-control-consultant-dusseldorf-449989,Sap Finance Control Consultant
43,https://www.arbeitnow.com/jobs/companies/recruit-121-group/sap-retail-consultany-dusseldorf-77300,SAP Retail Consultany
43,https://www.arbeitnow.com/jobs/companies/meet5-gmbh/internship-brand-partnerships-campaign-management-bei-meet5-frankfurt-am-main-172349,Internship Brand Partnerships & Campaign Management bei Meet5 (m/f/d)
43,https://www.arbeitnow.com/jobs/companies/biga-software-gmbh/senior-software-developer-berlin-54661,Senior Software Developer
43,https://www.arbeitnow.com/jobs/companies/gunter-arlt-unternehmensberatung/wir-suchen-im-auftrag-einer-wirtschaftlich-kerngesunden-traditionsreichen-genossenschaftsbank-im-raum-mainfranken-eine-teamleitung-problemkreditbearb-23040,"Wir suchen im Auftrag einer wirtschaftlich kerngesunden, traditionsreichen Genossenschaftsbank im Raum Mainfranken eine Teamleitung Problemkreditbearbeitung (m/w/d)"
43,https://www.arbeitnow.com/jobs/companies/taglichtechnik/minijob-video-editor-cutter-fur-youtube-gesucht-munich-304045,Minijob: Video Editor/Cutter (m/w/d) für YouTube gesucht!
44,https://www.arbeitnow.com/jobs/companies/die-sea-experten-gmbh-co-kg/tracking-spezialist-google-ads-gesucht-berlin-408903,Tracking Spezialist Google Ads (w/m/x) gesucht!
44,https://www.arbeitnow.com/jobs/companies/dhg-deutsche-horakustik-gmbh/sachbearbeiter-im-gesundheitswesen-backoffice-administration-berlin-278626,Sachbearbeiter (m/w/d) im Gesundheitswesen | Backoffice & Administration
44,https://www.arbeitnow.com/jobs/companies/deandavid-franchise-gmbh/pflichtpraktikum-in-der-produktentwicklung-in-vollzeit-grafelfing-417949,Pflichtpraktikum in der Produktentwicklung (m/w/d) in Vollzeit
44,https://www.arbeitnow.com/jobs/companies/bremer-tresor-gmbh/e-commerce-category-manager-bremen-112196,E-Commerce Category Manager (m/w/d)
44,https://www.arbeitnow.com/jobs/companies/valiantys/dellivery-director-germany-switzerland-berlin-23773,Dellivery Director Germany & Switzerland
44,https://www.arbeitnow.com/jobs/companies/scanmetrixfm-gmbh/teilzeit-werkstudent-social-media-manager-in-ratingen-59504,Teilzeit / Werkstudent Social Media Manager/-in (m/w/d)
44,https://www.arbeitnow.com/jobs/companies/recruit-121-group/sap-project-manager-munich-459116,SAP Project Manager
44,https://www.arbeitnow.com/jobs/companies/recruit-121-group/sap-hcm-successfactors-consultant-dusseldorf-281199,SAP HCM/SuccessFactors Consultant
44,https://www.arbeitnow.com/jobs/companies/tomorrow-education-group-gmbh/senior-sea-tracking-manager-andechs-365326,Senior SEA & Tracking Manager (m/w/d)
44,https://www.arbeitnow.com/jobs/companies/atlas-titan-ost-gmbh/teilprojektleiter-automatisierung-und-telekommunikation-offshore-lehrte-54252,Teilprojektleiter Automatisierung und Telekommunikation Offshore (m/w/d)
44,https://www.arbeitnow.com/jobs/companies/supra-foto-elektronik-vertriebs-gmbh/fullstack-developer-kaiserslautern-20630,Fullstack Developer
44,https://www.arbeitnow.com/jobs/companies/playground-agency/praktikum-content-creator-ab-sofort-frankfurt-am-main-148221,Praktikum Content Creator (m/w/d) - ab sofort
44,https://www.arbeitnow.com/jobs/companies/loumaxx-gmbh/content-marketing-manager-e-commerce-mayen-163046,Content & Marketing Manager E-Commerce (m/w/d)
44,https://www.arbeitnow.com/jobs/companies/labeless-bytes-pixels-gmbh/junior-software-engineer-ai-native-munich-125766,Junior Software Engineer (AI-Native) (m/f/d)
44,https://www.arbeitnow.com/jobs/companies/noris-network-ag/senior-servicenow-presales-consultant-nuremberg-429053,(Senior) ServiceNow Presales Consultant (m/w/d)
44,https://www.arbeitnow.com/jobs/companies/subject-well-inc/freelance-study-coordinator-oncology-clinical-trials-munchen-flughafen-376916,Freelance Study Coordinator (Oncology / Clinical Trials)
44,https://www.arbeitnow.com/jobs/companies/g-in-gmbh/social-media-content-producer-olakala-stuttgart-361533,Social-Media-Content-Producer OLAKALA (m/w/d)
44,https://www.arbeitnow.com/jobs/companies/picture-puzzle-medien-gmbh-co-kg/praktikum-mediengestalter-bild-und-ton-ab-sofort-mit-moglicher-ubernahme-zur-ausbildung-cologne-306340,Praktikum Mediengestalter Bild und Ton ab sofort mit möglicher Übernahme zur Ausbildung
44,https://www.arbeitnow.com/jobs/companies/workabroad/cofounder-head-of-risk-actuarial-dusseldorf-263032,Cofounder - Head of Risk & Actuarial
44,https://www.arbeitnow.com/jobs/companies/interlead-gmbh/devsecops-engineer-berlin-219784,DevOps Engineer (m/w/d)
44,https://www.arbeitnow.com/jobs/companies/bobcat/financial-controlling-analyst-bensheim-173274,Financial Controlling Analyst (m/w/d)
44,https://www.arbeitnow.com/jobs/companies/volksbank-westmunsterland-eg/berater-businesscenter-in-voll-und-teilzeit-haltern-am-see-345522,Berater BusinessCenter (m/w/d) in Voll- und Teilzeit
44,https://www.arbeitnow.com/jobs/companies/1komma50/senior-product-manager-smart-metering-steering-hamburg-314998,(Senior) Product Manager Smart Metering & Steering (m/f/d)
44,https://www.arbeitnow.com/jobs/companies/valuedesk-gmbh/senior-customer-success-manager-bielefeld-470796,(Senior) Customer Success Manager (W/M/D)
44,https://www.arbeitnow.com/jobs/companies/reel-gmbh/bachelorarbeit-bereich-hr-arbeitsrecht-compensation-benefits-veitshochheim-491649,Bachelorarbeit (M/W/D) Bereich Hr / Arbeitsrecht / Compensation & Benefits
44,https://www.arbeitnow.com/jobs/companies/kanzlei-oum-kollegen/mitarbeiterin-fur-datenerfassung-furth-485787,Mitarbeiter:in (m/w/d) für Datenerfassung
44,https://www.arbeitnow.com/jobs/companies/finding-heads-international/ceo-vorsitzender-der-geschaftsfuhrung-braunschweig-111556,CEO - Vorsitzender der Geschäftsführung (m/w/d)
44,https://www.arbeitnow.com/jobs/companies/projecter-gmbh/sea-senior-specialist-online-marketing-leipzig-323327,SEA (Senior) Specialist (m/w/d) - Online Marketing
44,https://www.arbeitnow.com/jobs/companies/cygrid-gmbh/founding-engineering-team-lead-handson-berlin-9752,Founding Engineering Team Lead (HandsOn)
44,https://www.arbeitnow.com/jobs/companies/mci-deutschland-gmbh/project-director-live-communication-dusseldorf-262033,Project Director Live Communication (m/w/d)
44,https://www.arbeitnow.com/jobs/companies/wilhelm-gobel-gmbh/mitarbeiter-fur-obst-und-gemusegrosshandel-gesucht-teilzeit-dortmund-234618,Mitarbeiter (m/w/d) für Obst- und Gemüsegroßhandel gesucht- Teilzeit
44,https://www.arbeitnow.com/jobs/companies/rahantech-gmbh/frontend-developer-hamburg-189233,Frontend Developer (m/f/d)
44,https://www.arbeitnow.com/jobs/companies/rahantech-gmbh/software-developer-berlin-409210,Software Developer (m/f/d)
44,https://www.arbeitnow.com/jobs/companies/burner-marketing-gmbh/werkstudent-recruiting-hr-erlangen-290827,Werkstudent (m/w/d) Recruiting & HR
44,https://www.arbeitnow.com/jobs/companies/priesmeier-bartsch-gbr/mitarbeiterin-kundenservice-social-media-teilzeit-berlin-337672,Mitarbeiter:in Kundenservice & Social Media (Teilzeit: m/w/d)
44,https://www.arbeitnow.com/jobs/companies/hubside-die-recruitingwerkstatt/it-m365-spezialist-munich-438323,IT M365 Spezialist (m/w/d)
44,https://www.arbeitnow.com/jobs/companies/recuvia/werkstudent-social-media-berlin-292283,Werkstudent (m/w/d) Social Media
44,https://www.arbeitnow.com/jobs/companies/wasteside-gmbh/werkstudentin-expansion-operations-hanover-184501,Werkstudent:in Expansion & Operations (m/w/d)
44,https://www.arbeitnow.com/jobs/companies/riverstate-premium-recruiting/obermonteur-shk-bis-zu-58000-eur-landshut-435049,Obermonteur SHK (m/w/d) | bis zu 58.000 €
44,https://www.arbeitnow.com/jobs/companies/bc-deutschland-gmbh/personalreferent-hr-officer-ennepetal-22292,Personalreferent / HR Officer (m/w/d)
44,https://www.arbeitnow.com/jobs/companies/voiio-gmbh/praktikum-im-bereich-content-creation-schwerpunkt-gesundheit-familie-und-arbeit-gn-berlin-443922,"Praktikum im Bereich Content Creation - Schwerpunkt Gesundheit, Familie und Arbeit (gn)"
44,https://www.arbeitnow.com/jobs/companies/towa-the-digital-growth-company/initiativbewerbung-fur-unseren-standort-dortmund-dusseldorf-322135,Initiativbewerbung für unseren Standort Dortmund
44,https://www.arbeitnow.com/jobs/companies/motor-ai/robotics-software-integration-engineer-berlin-188562,Robotics Software Integration Engineer (m/f/d)
44,https://www.arbeitnow.com/jobs/companies/global-market-solutions-gmbh/devops-engineer-bremen-300559,DevOps Engineer
44,https://www.arbeitnow.com/jobs/companies/mirantus-health/senior-full-stack-developer-berlin-283860,Senior Full Stack Developer (m/f/d)
44,https://www.arbeitnow.com/jobs/companies/ilert-gmbh/working-student-intern-software-engineer-frontend-backend-cologne-386374,Working Student / Intern: Software Engineer (Frontend & Backend) (f/m/x)
44,https://www.arbeitnow.com/jobs/companies/esh-stb-examensvorbereitung-gmbh/kundenberater-in-vollzeit-hamburg-314883,Kundenberater/in - Vollzeit (m/w/d)
44,https://www.arbeitnow.com/jobs/companies/migrando-gmbh/webdesigner-cottbus-153899,Webdesigner (w/m/d)
44,https://www.arbeitnow.com/jobs/companies/auto-service-am-stadtwald-gmbh/kfz-teiledienst-mitarbeiter-werne-166051,Kfz Teiledienst - Mitarbeiter (M/W/D)
44,https://www.arbeitnow.com/jobs/companies/partscloud-gmbh/founders-associate-all-genders-stuttgart-349146,Founders Associate (all genders)
45,https://www.arbeitnow.com/jobs/companies/mobaix/werksstudent-technische-unterstutzung-datenaufbereitung-aachen-91948,Werksstudent - Technische Unterstützung & Datenaufbereitung
45,https://www.arbeitnow.com/jobs/companies/prospeum-gmbh/sales-engineer-technical-consultant-all-genders-hallbergmoos-36249,Sales Engineer / Technical Consultant (all genders)
45,https://www.arbeitnow.com/jobs/companies/prospeum-gmbh/implementation-success-consultant-all-genders-hallbergmoos-122342,Implementation & Success Consultant (all genders)
45,https://www.arbeitnow.com/jobs/companies/we7-digital-gmbh/werkstudent-in-linkedin-marketing-podcast-stuttgart-273667,Werkstudent/in - LinkedIn-Marketing & Podcast (m/w/d)
45,https://www.arbeitnow.com/jobs/companies/catella-engineering-gmbh/senior-projektmanager-einkauf-prozessoptimierung-weinstadt-43200,Senior Projektmanager Einkauf & Prozessoptimierung (m/w/d)
45,https://www.arbeitnow.com/jobs/companies/ingenieurburo-hubert-beyer/projektleiter-hoch-und-industriebau-leipzig-111861,Projektleiter (m/w/d) Hoch- und Industriebau
45,https://www.arbeitnow.com/jobs/companies/finn-design/freelance-bekleidungstechniker-pattern-maker-fur-funktionsunterwasche-offenbach-274613,Freelance Bekleidungstechniker / Pattern Maker für Funktionsunterwäsche (m/w/d)
45,https://www.arbeitnow.com/jobs/companies/nextexai/founding-textile-engineer-equity-exist-funding-berlin-345909,Founding Textile Engineer (Equity + EXIST Funding)
45,https://www.arbeitnow.com/jobs/companies/elektro-enzinger-gmbh/nachwuchs-fuhrungskraft-im-verkauf-neuotting-278744,Nachwuchs Führungskraft im Verkauf
45,https://www.arbeitnow.com/jobs/companies/first-mountain-hotel-gmbh/praktikum-personal-buromanagement-ab-mitte-september-2026-berlin-269998,Praktikum Personal/Büromanagement (m/w/d) - ab Mitte September 2026
45,https://www.arbeitnow.com/jobs/companies/migrando-gmbh/ui-ux-designer-cottbus-208731,UI/UX Designer (w/m/d)
45,https://www.arbeitnow.com/jobs/companies/sahm-communications/pflichtpraktikum-social-media-content-creation-dortmund-404440,Pflichtpraktikum Social Media & Content Creation (m/w/d)
45,https://www.arbeitnow.com/jobs/companies/migrando-gmbh/it-systemadministrator-cottbus-192011,IT-Systemadministrator (w/m/d)
45,https://www.arbeitnow.com/jobs/companies/migrando-gmbh/e-mail-marketing-manager-cottbus-303851,E-Mail Marketing Manager (w/m/d)
45,https://www.arbeitnow.com/jobs/companies/migrando-gmbh/content-marketing-manager-cottbus-245620,Content Marketing Manager (w/m/d)
45,https://www.arbeitnow.com/jobs/companies/migrando-gmbh/mediengestalter-web-digital-cottbus-115201,Mediengestalter Web & Digital (w/m/d)
45,https://www.arbeitnow.com/jobs/companies/migrando-gmbh/content-creator-cottbus-483057,Content Creator (w/m/d)
45,https://www.arbeitnow.com/jobs/companies/migrando-gmbh/frontend-entwickler-cottbus-230285,Frontend-Entwickler (w/m/d)
45,https://www.arbeitnow.com/jobs/companies/scaliro-gmbh/frontend-entwickler-angular-rosenheim-491955,Frontend-Entwickler Angular (m/w/d)
45,https://www.arbeitnow.com/jobs/companies/hackstack-gmbh/hands-on-engineering-manager-remote-munich-297753,Hands-on Engineering Manager (m/w/d) | Remote
45,https://www.arbeitnow.com/jobs/companies/sancovia-gruppe/associate-transaction-services-dusseldorf-435097,Associate - Transaction Services (m/w/d)
45,https://www.arbeitnow.com/jobs/companies/sancovia-gruppe/assistant-manager-transaction-services-frankfurt-am-main-466825,Assistant Manager - Transaction Services (m/w/d)
45,https://www.arbeitnow.com/jobs/companies/legalcheck-365-gmbh/werkstudent-junior-business-development-products-teilzeit-berlin-190938,"Werkstudent/Junior Business Development & Products (Teilzeit, w/m/d)"
45,https://www.arbeitnow.com/jobs/companies/vispiron-gmbh/trainee-operations-process-excellence-energiewirtschaft-setrade-munich-471459,Trainee Operations & Process Excellence Energiewirtschaft (m/w/d) - SETrade
45,https://www.arbeitnow.com/jobs/companies/otc-group/social-media-intern-sports-marketing-berlin-287854,Social Media Intern - Sports Marketing
45,https://www.arbeitnow.com/jobs/companies/otc-group/praktikantin-social-media-sportvermarktung-berlin-167932,Praktikant:in Social Media - Sportvermarktung
45,https://www.arbeitnow.com/jobs/companies/elvent/lead-growth-marketing-performance-marketing-manager-d2c-e-com-spaichingen-31802,Lead Growth Marketing / Performance Marketing Manager (m/w/d) - D2C E-Com
45,https://www.arbeitnow.com/jobs/companies/humanitize-gmbh/it-support-werl-462704,IT Support
45,https://www.arbeitnow.com/jobs/companies/talents2germany-gmbh/senior-genai-engineer-llms-rag-python-remote-in-de-frankfurt-am-main-181406,Senior GenAI Engineer LLMs/ RAG/ Python (w/m/d) remote in DE
45,https://www.arbeitnow.com/jobs/companies/edubini-gmbh/junior-product-manager-hamburg-457092,Junior Product Manager (m/w/d)
45,https://www.arbeitnow.com/jobs/companies/project-10/freelance-recruiter-bis-zu-1250-eur-pramie-pro-vermittlung-hanover-33834,Freelance Recruiter - bis zu 1.250 € Prämie pro Vermittlung
45,https://www.arbeitnow.com/jobs/companies/team-passerelle/projektmanagerin-pmo-berlin-30008,Projektmanager:in & PMO (m/w/d)
45,https://www.arbeitnow.com/jobs/companies/anio/founders-associate-finance-bremen-9208,"Founders' Associate, Finance"
45,https://www.arbeitnow.com/jobs/companies/fugro-germany-gmbh/senior-bauingenieur-geotechniker-langenhagen-71990,Senior Bauingenieur / Geotechniker (m/w/d)
45,https://www.arbeitnow.com/jobs/companies/21strategies-gmbh/tech-recruiter-and-people-manager-defense-ai-hallbergmoos-467299,Tech Recruiter and People Manager (m/w/d) - Defense AI
45,https://www.arbeitnow.com/jobs/companies/fugro-germany-gmbh/projektmanager-geoconsulting-berlin-384175,Projektmanager Geoconsulting (m/w/d)
45,https://www.arbeitnow.com/jobs/companies/fugro-germany-gmbh/senior-modellierer-modflow-feflow-berlin-242284,Senior Modellierer MODFLOW / FEFLOW (m/w/d)
45,https://www.arbeitnow.com/jobs/companies/fugro-germany-gmbh/groundiq-vertriebsleiter-berlin-199634,GroundIQ Vertriebsleiter (m/w/d)
45,https://www.arbeitnow.com/jobs/companies/21strategies-gmbh/senior-data-analyst-defense-metaverse-and-sensor-analytics-hallbergmoos-310162,Senior Data Analyst - Defense Metaverse and Sensor Analytics (m/w/d)
45,https://www.arbeitnow.com/jobs/companies/louco-event-media-gmbh/content-creator-social-media-events-minijob-offenbach-312527,Content Creator (m/w/d) Social Media (Events) Minijob
45,https://www.arbeitnow.com/jobs/companies/fugro-germany-gmbh/geotechnical-engineer-langenhagen-357948,Geotechnical Engineer (m/w/d)
45,https://www.arbeitnow.com/jobs/companies/likeyaa-gmbh/werkstudentin-im-influencer-marketing-dortmund-135014,Werkstudent:in im Influencer Marketing (w/m/d)
45,https://www.arbeitnow.com/jobs/companies/custom-careers-factory-gmbh/junior-controller-weissenburg-in-bayern-251371,Junior Controller (m/w/d)
45,https://www.arbeitnow.com/jobs/companies/klapp-cosmetics-gmbh/werkstudent-praktikant-social-media-content-creation-hessisch-lichtenau-344078,Werkstudent / Praktikant Social Media & Content Creation (m/w/d)
45,https://www.arbeitnow.com/jobs/companies/likeyaa-gmbh/content-creator-werkstudentin-minijob-oder-freelance-basis-dortmund-381873,"Content Creator (w/m/d) | Werkstudent:in, Minijob oder Freelance-Basis"
45,https://www.arbeitnow.com/jobs/companies/louco-event-media-gmbh/social-media-remote-praktikum-offenbach-106180,Social Media (m/w/d) remote Praktikum
45,https://www.arbeitnow.com/jobs/companies/6pm-gmbh/corporate-graphic-designer-frankfurt-am-main-210578,Corporate Graphic Designer (m/w/d)
45,https://www.arbeitnow.com/jobs/companies/bahmann-coaching-gmbh/ki-automatisierungsingenieur-hanover-298030,KI-Automatisierungsingenieur (m/w/d)
45,https://www.arbeitnow.com/jobs/companies/bahmann-coaching-gmbh/ernahrungs-fitnesscoach-vollzeit-hanover-71028,Ernährungs- & Fitnesscoach - Vollzeit (m/w/d)
45,https://www.arbeitnow.com/jobs/companies/bahmann-coaching-gmbh/wirtschaftsinformatiker-in-vollzeit-hanover-248759,Wirtschaftsinformatiker/-in - Vollzeit (m/w/d)
46,https://www.arbeitnow.com/jobs/companies/bahmann-coaching-gmbh/ernahrungsberater-fur-weightloss-coaching-hanover-132473,Ernährungsberater (m/w/d) für Weightloss-Coaching
46,https://www.arbeitnow.com/jobs/companies/hubside-die-recruitingwerkstatt/systemadministrator-im-erp-bereich-augsburg-153498,Systemadministrator im ERP Bereich (m/w/d)
46,https://www.arbeitnow.com/jobs/companies/startup-wise-guys/b2b-startup-founder-berlin-42025,B2B Startup Founder
46,https://www.arbeitnow.com/jobs/companies/migrando-gmbh/backend-entwickler-cottbus-168329,Backend-Entwickler (w/m/d)
46,https://www.arbeitnow.com/jobs/companies/right-search/teamlead-it-erp-verantwortlicher-dynamics-365-bc-nav-landau-an-der-isar-54281,Teamlead IT | ERP-Verantwortlicher | Dynamics 365 BC / NAV (w/m/d)
46,https://www.arbeitnow.com/jobs/companies/players-for-good-ggmbh/werkstudentin-community-management-cologne-316465,Werkstudentin Community Management (m/w/d)
46,https://www.arbeitnow.com/jobs/companies/lokalhelden-marketing-gmbh/minijob-content-creator-fur-at-karlsruhermemes-174024,Minijob Content Creator (m/w/d) für @karlsruher.memes
46,https://www.arbeitnow.com/jobs/companies/extra-bold-design-gmbh/retoucher-photographer-wiesbaden-476791,Retoucher & Photographer (m/w/d)
46,https://www.arbeitnow.com/jobs/companies/codewerk-gmbh/team-lead-software-engineering-karlsruhe-89522,Team Lead Software Engineering (m/d/w)
46,https://www.arbeitnow.com/jobs/companies/tee-maass-theodor-maass-gmbh/vetrieb-unternehmensentwicklung-rellingen-488186,Vetrieb & Unternehmensentwicklung (m/w/d)
46,https://www.arbeitnow.com/jobs/companies/wesortai-gmbh/entwicklungsingenieur-mechanik-elektrik-mechatronik-wurzburg-323138,Entwicklungsingenieur (m/w/d) - Mechanik & Elektrik (Mechatronik)
46,https://www.arbeitnow.com/jobs/companies/deerstreet-experience-gmbh/pflichtpraktikum-prozessautomatisierung-ki-digitale-tools-munich-179613,"Pflichtpraktikum: Prozessautomatisierung, KI & Digitale Tools (m/w/d)"
46,https://www.arbeitnow.com/jobs/companies/wkm-medizintechnik-gmbh/hr-generalist-mit-schwerpunkt-payroll-emmering-444184,HR-Generalist (m/w/d) mit Schwerpunkt Payroll
46,https://www.arbeitnow.com/jobs/companies/tomoro-gmbh/ki-business-analyst-financial-services-frankfurt-am-main-129249,KI Business Analyst Financial Services (m/w/d)
46,https://www.arbeitnow.com/jobs/companies/care-marketing/traineeprogramm-zum-filialleiter-vertrieb-fuhrung-dresden-55941,Traineeprogramm zum Filialleiter (m/w/d) Vertrieb & Führung
46,https://www.arbeitnow.com/jobs/companies/lyn-the-agency-gmbh/social-media-managerin-dusseldorf-23499,Social Media Manager*in
46,https://www.arbeitnow.com/jobs/companies/telura-gmbh/senior-drilling-systems-engineer-head-of-drilling-systems-munich-32924,Senior Drilling Systems Engineer / Head of Drilling Systems
46,https://www.arbeitnow.com/jobs/companies/vicoland/business-development-manager-fur-ein-tech-startup-berlin-87854,Business Development Manager (m/w/d) für ein Tech-Startup
46,https://www.arbeitnow.com/jobs/companies/reverion-gmbh/senior-people-manager-hrbp-production-eresing-497891,Senior People Manager / HRBP - Production (d/w/m)
46,https://www.arbeitnow.com/jobs/companies/custom-careers-factory-gmbh/bilanzbuchhalter-accounting-sonthofen-145832,Bilanzbuchhalter & Accounting (m/w/d)
46,https://www.arbeitnow.com/jobs/companies/landesfachverband-medienbildung-brandenburg-lmb-ev/betreuung-digitaler-anlagen-und-lerninfrastruktur-cottbus-450609,Betreuung digitaler Anlagen und Lerninfrastruktur (m/w/d)
46,https://www.arbeitnow.com/jobs/companies/bitsbirds-gmbh/it-leiter-tubingen-409760,IT Leiter
46,https://www.arbeitnow.com/jobs/companies/einklang/ai-marketingmanagerin-cologne-58005,(AI) Marketingmanager:in
46,https://www.arbeitnow.com/jobs/companies/cpu-consulting-software-gmbh/frontend-entwickler-munich-408603,Frontend Entwickler (m/w/d)
46,https://www.arbeitnow.com/jobs/companies/momenth/rezeption-empfang-administration-physiotherapie-praxis-vollzeit-teilzeit-sindelfingen-398587,"Rezeption, Empfang, Administration Physiotherapie-Praxis - Vollzeit, Teilzeit"
46,https://www.arbeitnow.com/jobs/companies/omnora-gmbh/business-analyst-agentisierung-ai-automation-frankfurt-am-main-70941,Business Analyst (m/w/d) – Agentisierung & AI Automation
46,https://www.arbeitnow.com/jobs/companies/omnora-gmbh/founding-ai-engineer-frankfurt-am-main-4768,Founding AI Engineer (m/w/d)
46,https://www.arbeitnow.com/jobs/companies/prochel-gmbh/it-administration-schwanstetten-361675,IT-Administration (m/w/d)
46,https://www.arbeitnow.com/jobs/companies/solactive-ag/head-of-data-platform-frankfurt-am-main-127407,Head of Data Platform (m/f/d)
46,https://www.arbeitnow.com/jobs/companies/1komma50/senior-product-engineer-heartbeat-hamburg-20109,(Senior) Product Engineer - Heartbeat (m/f/d)
46,https://www.arbeitnow.com/jobs/companies/pronux-gmbh/senior-customer-success-manager-rosenheim-233830,Senior Customer Success Manager (m/w/d)
46,https://www.arbeitnow.com/jobs/companies/peterli-peterli-gmbh-mizutani-europe/burokauffrau-mann-mit-affinitat-fur-hochwertiges-werkzeug-in-teilzeit-baden-baden-249829,Bürokauffrau/-mann (m/w/d) mit Affinität für hochwertiges Werkzeug (in Teilzeit)
46,https://www.arbeitnow.com/jobs/companies/pronux-gmbh/junior-customer-success-manager-rosenheim-415554,Junior Customer Success Manager (m/w/d)
46,https://www.arbeitnow.com/jobs/companies/benuta-gmbh/ai-strategy-automation-lead-bonn-77142,AI Strategy & Automation Lead (m/w/d)
46,https://www.arbeitnow.com/jobs/companies/benuta-gmbh/brand-strategy-lead-bonn-302632,Brand Strategy Lead (m/w/d)
46,https://www.arbeitnow.com/jobs/companies/myscribe-gmbh/strategy-operations-intern-mannheim-190692,Strategy & Operations Intern (m/w/d)
46,https://www.arbeitnow.com/jobs/companies/wiemer-automobile-gmbh/service-berater-fur-bmw-mini-hyundai-cologne-122926,"Service Berater (m/w/d) für BMW, MINI & Hyundai"
46,https://www.arbeitnow.com/jobs/companies/sirius-music-communications-gmbh/customer-success-manager-im-b2c-berlin-460013,Customer Success Manager im B2C (m/w/d)
46,https://www.arbeitnow.com/jobs/companies/grunvest-energie/energieberaterin-gebaudeberechnung-lennestadt-96268,Energieberater:in / Gebäudeberechnung
46,https://www.arbeitnow.com/jobs/companies/sybille-heinemann-ek-personal-und-managementberatung/controller-rn-4566-magdeburg-445055,Controller (m/w/d); RN 4566
46,https://www.arbeitnow.com/jobs/companies/msa-fleet-consulting-msa-software-solutions-ug/senior-sap-abap-entwickler-bruckmuhl-459992,Senior SAP ABAP Entwickler (m/w/d)
46,https://www.arbeitnow.com/jobs/companies/inventura/testkaufer-gesucht-mystery-shopping-deutschlandweit-aachen-465113,Testkäufer gesucht - Mystery Shopping Deutschlandweit
46,https://www.arbeitnow.com/jobs/companies/siera/teamleiter-deponieplanung-und-abfallwirtschaft-karlsruhe-410252,Teamleiter Deponieplanung und Abfallwirtschaft (m/w/d)
46,https://www.arbeitnow.com/jobs/companies/femvestory/finanzberatung-fur-frauen-und-familien-nebenberuflich-100-home-office-moglich-2-standbein-hamburg-183409,"Finanzberatung für Frauen und Familien, Nebenberuflich, 100% Home Office möglich, 2. Standbein"
46,https://www.arbeitnow.com/jobs/companies/ad-publica-public-relations-gmbh/trainee-hamburg-14042,Trainee (m/w/d)
46,https://www.arbeitnow.com/jobs/companies/complori/senior-marketing-manager-berlin-70246,Senior Marketing Manager (m/w/d)
46,https://www.arbeitnow.com/jobs/companies/moyn-media-gmbh/werkstudentin-social-media-cologne-110040,Werkstudent:in Social Media (w/m/d)
46,https://www.arbeitnow.com/jobs/companies/noris-network-ag/teamleiter-team-lead-datacenter-operations-frankfurt-schwalbach-am-taunus-84056,Teamleiter / Team Lead Datacenter Operations Frankfurt (m/w/d)
46,https://www.arbeitnow.com/jobs/companies/ada-commerce-gmbh/teamleitung-online-marketing-performance-juchen-389669,Teamleitung Online Marketing & Performance (m/w/d)
46,https://www.arbeitnow.com/jobs/companies/1komma50/werkstudentin-growth-marketing-berlin-486387,Werkstudent:in Growth Marketing (m/w/d)
47,https://www.arbeitnow.com/jobs/companies/safe-hub-berlin/director-gn-infrastructure-operations-berlin-110498,Director (gn) Infrastructure & Operations
47,https://www.arbeitnow.com/jobs/companies/6pm-gmbh/senior-print-designer-streetwear-all-genders-frankfurt-am-main-8276,"Senior Print Designer, Streetwear (all genders)"
47,https://www.arbeitnow.com/jobs/companies/ethno-health-group-bv/key-account-manager-gesundheit-partnerentwicklung-riede-444817,Key Account Manager (m/w/d) Gesundheit & Partnerentwicklung
47,https://www.arbeitnow.com/jobs/companies/impecto-consulting-gmbh/it-consultant-enterprise-architecture-ki-dusseldorf-259157,IT-Consultant (m/w/d) | Enterprise Architecture & KI
47,https://www.arbeitnow.com/jobs/companies/rizm/forward-deployed-engineer-in-munster-or-munich-168460,Forward Deployed Engineer - in Münster or Munich (m/w/d)
47,https://www.arbeitnow.com/jobs/companies/verwaltungssprung-gmbh/ai-test-engineer-f-md-berlin-168576,AI Test Engineer (f/md)
47,https://www.arbeitnow.com/jobs/companies/verwaltungssprung-gmbh/head-of-engineering-berlin-69062,Head of Engineering (f/m/d)
47,https://www.arbeitnow.com/jobs/companies/verwaltungssprung-gmbh/ai-data-governance-specialist-berlin-426090,AI & Data Governance Specialist (f/m/d)
47,https://www.arbeitnow.com/jobs/companies/verwaltungssprung-gmbh/governance-application-expert-public-administration-verwaltungsinformatik-berlin-259950,Governance / Application Expert (f/m/d) | Public Administration & Verwaltungsinformatik
47,https://www.arbeitnow.com/jobs/companies/verwaltungssprung-gmbh/requirements-engineer-berlin-220078,Requirements Engineer (f/m/d)
47,https://www.arbeitnow.com/jobs/companies/verwaltungssprung-gmbh/associate-product-owner-business-analyst-berlin-216798,Associate Product Owner / Business Analyst (f/m/d)
47,https://www.arbeitnow.com/jobs/companies/verwaltungssprung-gmbh/ui-ux-designer-berlin-444160,UI/UX Designer (f/m/d)
47,https://www.arbeitnow.com/jobs/companies/verwaltungssprung-gmbh/product-analyst-berlin-259012,Product Analyst (f/m/d)
47,https://www.arbeitnow.com/jobs/companies/verwaltungssprung-gmbh/devops-engineer-berlin-450049,DevOps Engineer (f/m/d)
47,https://www.arbeitnow.com/jobs/companies/verwaltungssprung-gmbh/senior-full-stack-engineer-berlin-285581,Senior Full Stack Engineer (f/m/d)
47,https://www.arbeitnow.com/jobs/companies/verwaltungssprung-gmbh/form-engineer-builder-berlin-393903,Form Engineer / Builder (f/m/d)
47,https://www.arbeitnow.com/jobs/companies/verwaltungssprung-gmbh/midtier-frontend-engineer-berlin-302042,Midtier Frontend Engineer (f/m/d)
47,https://www.arbeitnow.com/jobs/companies/innovative-energie-fur-pullach-gmbh/leitung-finanzen-controlling-cfo-pullach-435268,Leitung Finanzen & Controlling CFO (m/w/d)
47,https://www.arbeitnow.com/jobs/companies/riverstate-premium-recruiting/servicetechniker-heizung-sanitar-51000-54000-inkl-urlaubs-weihnachtsgeld-und-pramie-altdorf-bei-nurnberg-261983,Servicetechniker Heizung/Sanitär (m/w/d) | 51.000-54.000 inkl. Urlaubs-/Weihnachtsgeld und Prämie
47,https://www.arbeitnow.com/jobs/companies/thinkred-gmbh/it-system-engineer-learning-management-systems-infrastructure-mainz-279690,IT-System Engineer Learning Management Systems & Infrastructure (m/w/d)
47,https://www.arbeitnow.com/jobs/companies/konfetti-gmbh/content-marketing-manager-seo-in-koln-cologne-85395,Content Marketing Manager (SEO) (m/f/x) in Köln
47,https://www.arbeitnow.com/jobs/companies/gainback-gmbh/pflichtpraktikum-mit-option-auf-founders-associate-bei-gainback-gmbh-munich-131525,Pflichtpraktikum mit Option auf Founders Associate bei Gainback GmbH
47,https://www.arbeitnow.com/jobs/companies/mts-systemtechnik-gmbh/mitarbeiterin-im-personalwesen-mertingen-182130,Mitarbeiter:in im Personalwesen (m/w/d)
47,https://www.arbeitnow.com/jobs/companies/karl-schnell-gmbh-co-kg/ausbildung-2027-elektroniker-automatisierungstechnik-winterbach-257980,Ausbildung 2027 Elektroniker Automatisierungstechnik m/w/d
47,https://www.arbeitnow.com/jobs/companies/qualityminds-gmbh/lead-software-engineer-nuremberg-230564,Lead Software Engineer (m/w/d)
47,https://www.arbeitnow.com/jobs/companies/schlotter-hr/vertriebsleiter-head-of-sales-shk-bauwirtschaft-schorndorf-259500,Vertriebsleiter / Head of Sales (m/w/d) | SHK & Bauwirtschaft
47,https://www.arbeitnow.com/jobs/companies/js-soft-ag/senior-sap-consultant-schwerpunkt-successfactors-hcm-heidelberg-111279,(Senior) SAP Consultant (m/w/d) - Schwerpunkt SuccessFactors / HCM
47,https://www.arbeitnow.com/jobs/companies/aimera-group-gmbh/lead-ai-consultant-scharbeutz-485524,Lead AI Consultant
47,https://www.arbeitnow.com/jobs/companies/glaser-lemke-managementberatung-gmbh/competence-center-leiter-databricks-solutions-all-genders-munich-31876,Competence Center Leiter Databricks Solutions (All Genders)
47,https://www.arbeitnow.com/jobs/companies/joinmytrip/ugc-creator-short-form-video-tiktok-reels-shorts-cologne-106167,"UGC Creator, Short-Form Video (TikTok / Reels / Shorts)"
47,https://www.arbeitnow.com/jobs/companies/right-search/senior-ma-manager-healthcare-munich-399250,(Senior) M&A Manager Healthcare (w/m/d)
47,https://www.arbeitnow.com/jobs/companies/amperecloud-gmbh/founders-associate-intern-berlin-156340,Founder’s Associate Intern (m/w/d)
47,https://www.arbeitnow.com/jobs/companies/right-search/senior-consultant-it-operations-management-vaterstetten-98291,Senior Consultant IT Operations Management (w/m/d)
47,https://www.arbeitnow.com/jobs/companies/buena/chief-of-staff-to-head-of-people-internship-berlin-213096,Chief of Staff to Head of People Internship (m/f/d)
47,https://www.arbeitnow.com/jobs/companies/bahmann-coaching-gmbh/fitnesstrainer-fur-gesundheits-beratung-hanover-111943,Fitnesstrainer (m/w/d) für Gesundheits-Beratung
47,https://www.arbeitnow.com/jobs/companies/banking-talent/privatkundenberater-im-regionalmarkt-baar-bei-der-volksbank-eg-in-loffingen-311040,Privatkundenberater (m/w/d) im Regionalmarkt Baar bei der Volksbank eG in Löffingen
47,https://www.arbeitnow.com/jobs/companies/merkl-it-gmbh/senior-system-engineer-munich-85648,(Senior) System Engineer (m/w/d)
47,https://www.arbeitnow.com/jobs/companies/schwape-shared-service-gmbh/senior-fullstack-engineer-ai-native-dri-native-german-berlin-323199,"Senior Fullstack Engineer (AI-Native, DRI) - Native German (m/w/d)"
47,https://www.arbeitnow.com/jobs/companies/aicorn-gmbh/praktikantin-ki-gestutzte-produktentwicklung-bahnbranche-karlsruhe-335038,Praktikant:in KI-gestützte Produktentwicklung Bahnbranche (m/w/d)
47,https://www.arbeitnow.com/jobs/companies/automadeit-gmbh/remote-performance-marketing-manager-cologne-306062,Remote Performance Marketing Manager (m/w/d)
47,https://www.arbeitnow.com/jobs/companies/birch-cove-digital-gmbh/junior-social-media-performance-manager-cologne-376021,Junior Social Media Performance Manager (w/m/d)
47,https://www.arbeitnow.com/jobs/companies/ingenieurburo-quarti-gmbh/energieberater-mit-erfahrung-gesucht-komm-in-ein-starkes-team-offenburg-56629,"Energieberater (m/w/d) mit Erfahrung gesucht, komm in ein starkes Team"
47,https://www.arbeitnow.com/jobs/companies/timesec-zeitmanagement-gmbh/praktikum-im-produktmanagement-berlin-473086,Praktikum im Produktmanagement (m/w/d)
47,https://www.arbeitnow.com/jobs/companies/buro-happold/werkstudent-nachhaltiges-bauen-hamburg-25347,Werkstudent nachhaltiges Bauen (m/w/d)
47,https://www.arbeitnow.com/jobs/companies/paltron-gmbh/platform-engineering-team-lead-frankfurt-am-main-98818,Platform Engineering Team Lead (m/w/d)
47,https://www.arbeitnow.com/jobs/companies/dicos/it-operations-consultant-monitoring-infrastruktur-darmstadt-165047,IT Operations Consultant Monitoring & Infrastruktur (m/w/d)
47,https://www.arbeitnow.com/jobs/companies/we-site-gmbh-shopify-agentur/projektmanagerin-e-commerce-agentur-in-vollzeit-hamburg-213981,Projektmanager:in E-Commerce Agentur (m/w/d) in Vollzeit
47,https://www.arbeitnow.com/jobs/companies/parcel-perform/sales-strategy-intern-cco-office-dach-berlin-400138,"Sales & Strategy Intern - CCO Office, DACH"
47,https://www.arbeitnow.com/jobs/companies/k-tronik-gmbh/satcom-ground-segment-system-engineer-munich-340795,SATCOM Ground Segment System Engineer (m/w/x)
47,https://www.arbeitnow.com/jobs/companies/coup/senior-account-executive-berlin-17959,(Senior) Account Executive
48,https://www.arbeitnow.com/jobs/companies/remmert-gmbh/sps-programmierer-automatisierungstechniker-gn-osnabruck-141971,SPS - Programmierer / Automatisierungstechniker (gn)
48,https://www.arbeitnow.com/jobs/companies/remmert-gmbh/sps-programmierer-automatisierungstechniker-gn-lohne-129019,SPS - Programmierer / Automatisierungstechniker (gn)
48,https://www.arbeitnow.com/jobs/companies/remmert-gmbh/sps-programmierer-automatisierungstechniker-gn-bad-oeynhausen-499416,SPS - Programmierer / Automatisierungstechniker (gn)
48,https://www.arbeitnow.com/jobs/companies/vicoland/business-development-director-excel-as-entrepreneur-through-strategy-sales-and-ai-frankfurt-am-main-7122,"Business Development Director (m/w/d) - excel as entrepreneur through strategy, sales, and AI"
48,https://www.arbeitnow.com/jobs/companies/viereinhalb-gmbh/full-stack-developer-schmallenberg-400851,Full Stack Developer*
48,https://www.arbeitnow.com/jobs/companies/buildlinx/projektleiter-tga-hamburg-417023,Projektleiter TGA (m/w/d)
48,https://www.arbeitnow.com/jobs/companies/fair-consulting-24/bezirksleiterin-vertrieb-aspach-280886,Bezirksleiter:in Vertrieb
48,https://www.arbeitnow.com/jobs/companies/remmert-gmbh/sps-programmierer-automatisierungstechniker-gn-herford-105511,SPS - Programmierer / Automatisierungstechniker (gn)
48,https://www.arbeitnow.com/jobs/companies/remmert-gmbh/sps-programmierer-automatisierungstechniker-gn-bunde-70699,SPS - Programmierer / Automatisierungstechniker (gn)
48,https://www.arbeitnow.com/jobs/companies/remmert-gmbh/sps-programmierer-automatisierungstechniker-gn-bielefeld-477820,SPS - Programmierer / Automatisierungstechniker (gn)
48,https://www.arbeitnow.com/jobs/companies/cenit-cce-gmbh/cad-plm-consultant-bissendorf-140956,CAD / PLM Consultant (m/w/d)
48,https://www.arbeitnow.com/jobs/companies/securevibe-it-solutions-gmbh/ausbildung-fachinformatiker-systemintegration-hamburg-459173,Ausbildung Fachinformatiker Systemintegration (m/w/d)
48,https://www.arbeitnow.com/jobs/companies/ma-media-gmbh/mediaplaner-in-in-teilzeit-ca-15h-oder-freiberuflich-munich-262868,Mediaplaner/in (m/w/d) in Teilzeit (ca 15h) oder freiberuflich
48,https://www.arbeitnow.com/jobs/companies/ykone-gmbh/influencer-marketing-manager-fur-tiktok-youtube-instagram-munich-195191,"Influencer Marketing Manager (m/w/d) für TikTok, YouTube, Instagram"
48,https://www.arbeitnow.com/jobs/companies/ykone-gmbh/account-manager-influencer-marketing-tiktok-youtube-instagram-munich-260183,"Account Manager Influencer Marketing (m/w/d) TikTok, YouTube & Instagram"
48,https://www.arbeitnow.com/jobs/companies/docleads/performance-digital-marketing-manager-healthcare-munich-188336,Performance & Digital Marketing Manager - Healthcare
48,https://www.arbeitnow.com/jobs/companies/calefacto-gmbh/tga-planer-hlsk-am-standort-berlin-76669,TGA-Planer HLSK (m/w/d) am Standort Berlin
48,https://www.arbeitnow.com/jobs/companies/confabs/volunteer-recruiter-career-consulting-firm-germany-remote-position-frankfurt-am-main-239856,Volunteer Recruiter (Career Consulting Firm - Germany) / remote position
48,https://www.arbeitnow.com/jobs/companies/intervideo-filmproduktion-gmbh/art-director-mainz-219209,Art Director (m/w/d)
48,https://www.arbeitnow.com/jobs/companies/atlas-titan-ost-gmbh/ingenieur-automatisierungs-und-leittechnik-offshore-hanover-171061,Ingenieur Automatisierungs- und Leittechnik Offshore (m/w/d)
48,https://www.arbeitnow.com/jobs/companies/georg-kobele-gmbh-co-kg/it-systemadministrator-infrastruktur-service-nagold-256466,IT-Systemadministrator (m/w/d) - Infrastruktur & Service
48,https://www.arbeitnow.com/jobs/companies/exaris-solutions/werkstudentin-marketing-social-media-linkedin-essen-497821,Werkstudent:in Marketing Social Media & LinkedIn (m/w/d)
48,https://www.arbeitnow.com/jobs/companies/digital-impacts-gmbh/consultant-it-governance-risk-compliance-technology-friedberg-156666,"Consultant IT - Governance, Risk & Compliance Technology"
48,https://www.arbeitnow.com/jobs/companies/beglaubigtde/founder-associate-praktikum-fokus-growth-3-6-monate-munich-326175,Founder Associate Praktikum (m/w/d) - Fokus Growth (3-6 Monate)
48,https://www.arbeitnow.com/jobs/companies/tomorrow-biostasis-gmbh/growth-marketer-data-experimentation-berlin-210109,Growth Marketer - Data & Experimentation | Berlin
48,https://www.arbeitnow.com/jobs/companies/leisure-one-gmbh/werkstudent-hospitality-research-data-hamburg-114931,Werkstudent (m/w/d) Hospitality Research & Data
48,https://www.arbeitnow.com/jobs/companies/voicari-gmbh/marketingpraktikantin-berlin-166736,Marketingpraktikant:in
48,https://www.arbeitnow.com/jobs/companies/ai-coustics/head-of-marketing-marketing-lead-berlin-271588,Head of Marketing / Marketing Lead
48,https://www.arbeitnow.com/jobs/companies/software4professionals-gmbh-co-kg/sap-fi-berater-mit-erfahrung-als-sap-key-user-oder-buchhalter-stuttgart-217781,SAP® FI Berater (m/w/d) mit Erfahrung als SAP®-Key-User oder Buchhalter
48,https://www.arbeitnow.com/jobs/companies/1komma50/senior-product-engineer-hamburg-427311,(Senior) Product Engineer (m/f/d)
48,https://www.arbeitnow.com/jobs/companies/alteos-gmbh/senior-produktmanager-versicherungsprodukte-partnerschaften-berlin-42895,Senior Produktmanager Versicherungsprodukte & Partnerschaften (m/w/d)
48,https://www.arbeitnow.com/jobs/companies/der-kuchentreff-vertriebs-gmbh/steuerfachangestellte-rechnungswesen-controlling-3-4-tage-woche-moglich-flexible-arbeitsmodelle-teilzeit-oder-gfb-minijob-westhausen-121217,Steuerfachangestellte (m/w/d) - Rechnungswesen & Controlling 3-4-Tage-Woche möglich | Flexible Arbeitsmodelle | Teilzeit oder GfB / Minijob
48,https://www.arbeitnow.com/jobs/companies/same/beta-tester-ai-sales-tool-free-access-for-job-seekers-in-sales-berlin-110768,Beta Tester: AI Sales Tool (Free Access for Job Seekers in Sales)
48,https://www.arbeitnow.com/jobs/companies/thiru-gmbh/e-commerce-customer-support-manager-amazon-shop-minijob-basis-olpe-106962,E-Commerce Customer Support Manager Amazon/Shop Minijob Basis (m/w/d)
48,https://www.arbeitnow.com/jobs/companies/progyny-global/software-engineering-manager-berlin-138036,Software Engineering Manager (m/f/x)
48,https://www.arbeitnow.com/jobs/companies/xylem/automatisierungstechniker-sps-programmierer-in-langenhagen-bremen-51538,Automatisierungstechniker / SPS Programmierer (m/w/d) in Langenhagen / Bremen
48,https://www.arbeitnow.com/jobs/companies/e-velopment-gmbh/auszubildender-2027-zum-fachinformatiker-fur-anwendungsentwicklung-gn-hamburg-198205,Auszubildender 2027 zum Fachinformatiker für Anwendungsentwicklung (gn*)
48,https://www.arbeitnow.com/jobs/companies/brillant-holding-gmbh/energieberaterin-berlin-157299,Energieberater:in
48,https://www.arbeitnow.com/jobs/companies/aroundhome/senior-paid-social-online-marketing-manager-all-genders-berlin-451298,Senior Paid Social Online Marketing Manager (all genders)
48,https://www.arbeitnow.com/jobs/companies/hotel-spa-wasserschloss-westerburg/betriebsassistent-buchhaltung-controlling-finanzen-huy-101259,Betriebsassistent Buchhaltung / Controlling / Finanzen (m/w/d)
48,https://www.arbeitnow.com/jobs/companies/yoursquares-gmbh/finance-controlling-manager-in-teil-oder-vollzeit-berlin-438082,Finance & Controlling Manager in Teil- oder Vollzeit (m/w/d)
48,https://www.arbeitnow.com/jobs/companies/yoursquares-gmbh/customer-success-manager-berlin-243150,Customer Success Manager (m/w/d)
48,https://www.arbeitnow.com/jobs/companies/stenum-ortho-gmbh/fachinformatiker-systemintegration-in-vollzeit-ganderkesee-20390,Fachinformatiker Systemintegration (w/m/d) in Vollzeit
48,https://www.arbeitnow.com/jobs/companies/let-it-click-gmbh/pflichtpraktikum-social-media-managerin-osnabruck-336547,Pflichtpraktikum Social Media ManagerIn (m/w/d)
48,https://www.arbeitnow.com/jobs/companies/backtrace/ai-research-tech-lead-venture-capital-munich-109421,AI Research & Tech Lead (m/w/x) Venture Capital
48,https://www.arbeitnow.com/jobs/companies/schwarte-group-gmbh/servicemonteur-servicetechniker-all-genders-region-sud-emsdetten-442027,Servicemonteur/ Servicetechniker (all genders) - Region Süd
48,https://www.arbeitnow.com/jobs/companies/wte-charkos-gmbh/chief-of-staff-future-founder-wte-group-hamburg-230430,Chief of Staff / Future Founder (m/w/d) - WTE Group
48,https://www.arbeitnow.com/jobs/companies/smartmicro/senior-software-architect-braunschweig-333649,Senior Software Architect (m/f/d)
48,https://www.arbeitnow.com/jobs/companies/archiaktion-gmbh/projektleiterin-bauleiterin-mit-schwerpunkt-betoninstandsetzung-bauen-in-bestand-berlin-429437,Projektleiter:in / Bauleiter:in mit Schwerpunkt Betoninstandsetzung & Bauen in Bestand
48,https://www.arbeitnow.com/jobs/companies/hiqs-gmbh/werkstudent-social-media-design-heilbronn-237061,Werkstudent Social Media & Design (m/w/d)
49,https://www.arbeitnow.com/jobs/companies/schneider-hausverwaltung-gmbh/buchhalter-in-immobilienverwaltung-heidelberg-336107,Buchhalter/-in Immobilienverwaltung (m/w/d)
49,https://www.arbeitnow.com/jobs/companies/ideenkind-gmbh/praktikum-social-media-creator-research-100-remote-ludwigshafen-299115,Praktikum Social Media & Creator Research (100 % remote)
49,https://www.arbeitnow.com/jobs/companies/acteno-energy-gmbh/it-entwicklung-fur-zukunft-der-erneuerbaren-energie-speicher-wasserstoff-heidelberg-76668,IT-Entwicklung für Zukunft der Erneuerbaren Energie - Speicher & Wasserstoff
49,https://www.arbeitnow.com/jobs/companies/ehg-elb-handwerk-gmbh/hr-manager-recruiting-disposition-hamburg-382471,HR-Manager Recruiting & Disposition (m/w/d)
49,https://www.arbeitnow.com/jobs/companies/theater-im-marienbad/veranstaltungstechniker-in-in-voll-oder-teilzeit-freiburg-im-breisgau-399243,Veranstaltungstechniker * in (m/w/d) in Voll- oder Teilzeit
49,https://www.arbeitnow.com/jobs/companies/aoe-solutions-gmbh/senior-cloud-solutions-architect-wiesbaden-382896,Senior Cloud Solutions Architect (m/w/d)
49,https://www.arbeitnow.com/jobs/companies/agex-it-gmbh/hse-manager-im-raum-stuttgart-gesucht-86999,HSE Manager (w/m/d) im Raum Stuttgart gesucht!
49,https://www.arbeitnow.com/jobs/companies/cubus-medien-verlag-gmbh/buchhaltungsmanagerin-hamburg-374903,Buchhaltungsmanager:in
49,https://www.arbeitnow.com/jobs/companies/priesmeier-bartsch-gbr/performance-video-editor-cutter-direct-response-meta-ads-freelance-berlin-120705,Performance Video Editor / Cutter (m/w/d) Direct Response & Meta Ads | Freelance
49,https://www.arbeitnow.com/jobs/companies/adeal-systems-gmbh/senior-software-engineer-data-cloud-senior-data-engineer-neu-isenburg-108445,Senior Software Engineer Data & Cloud / Senior Data Engineer (m/w/d)
49,https://www.arbeitnow.com/jobs/companies/eccenca-gmbh/senior-cloud-infrastructure-engineer-leipzig-preferred-or-remote-20981,Senior Cloud Infrastructure Engineer (f/m/d) - Leipzig (preferred) or Remote
49,https://www.arbeitnow.com/jobs/companies/strategiep-personalberatung/projektkoordinator-im-facility-management-oldenburg-384665,Projektkoordinator (w/m/d) im Facility Management
49,https://www.arbeitnow.com/jobs/companies/neurawork-gmbh-co-kg/senior-plattform-architekt-plattform-engineer-ampfing-435166,Senior Plattform-Architekt / Plattform-Engineer (m/w/d)
49,https://www.arbeitnow.com/jobs/companies/24industries/production-engineer-uav-platform-munich-178080,Production Engineer – UAV Platform
49,https://www.arbeitnow.com/jobs/companies/innovative-energie-fur-pullach-gmbh/finanzbuchhaltung-controlling-pullach-492546,Finanzbuchhaltung & Controlling (m/w/d)
49,https://www.arbeitnow.com/jobs/companies/doopic-gmbh/machine-learning-engineer-berlin-477664,Machine Learning Engineer (m/w/d)
49,https://www.arbeitnow.com/jobs/companies/kv-gmbh/kaufmann-kauffrau-fur-buromanagement-im-digitalen-umfeld-osnabruck-13703,"Kaufmann / Kauffrau für Büromanagement im digitalen Umfeld (m/w/d), Osnabrück"
49,https://www.arbeitnow.com/jobs/companies/qemetica-deutschland-gmbh/gebaudemanager-fur-innen-und-aussendienst-stassfurt-440442,Gebäudemanager für Innen- und Außendienst
49,https://www.arbeitnow.com/jobs/companies/dtd-dental-team-deutschland-gmbh/regionalmanagerin-gebietsleiterin-fur-bayern-und-baden-wurttemberg-munich-190892,Regionalmanager:in / Gebietsleiter:in (m/w/d) für Bayern und Baden Württemberg
49,https://www.arbeitnow.com/jobs/companies/personalberatung-pillong/personalsachbearbeiter-hr-administration-saarbrucken-223076,Personalsachbearbeiter / HR-Administration (m/w/d)
49,https://www.arbeitnow.com/jobs/companies/bimraum-gmbh/co-founder-cro-revenue-boblingen-250204,Co-Founder CRO / Revenue (m/w/d)
49,https://www.arbeitnow.com/jobs/companies/nms-prime-gmbh/assistenz-mit-schwerpunkt-finance-dresden-396773,Assistenz mit Schwerpunkt Finance (m/w/d)
49,https://www.arbeitnow.com/jobs/companies/1komma50/senior-analytics-engineer-growth-berlin-179195,Senior Analytics Engineer - Growth (m/f/d)
49,https://www.arbeitnow.com/jobs/companies/solution-4-2-ug/ingenieur-verfahrenstechnik-wasser-abwasser-solingen-295311,Ingenieur Verfahrenstechnik Wasser / Abwasser (m/w/d)
49,https://www.arbeitnow.com/jobs/companies/pm-partner-marketing-consulting-gmbh/junior-consultant-unternehmensberatung-wirtschaftsforderung-standortmarketing-frankfurt-am-main-268166,Junior Consultant Unternehmensberatung Wirtschaftsförderung Standortmarketing
49,https://www.arbeitnow.com/jobs/companies/dieprofiberater/nebenjob-datenerfassung-bamberg-22257,Nebenjob Datenerfassung (m/w/d)
49,https://www.arbeitnow.com/jobs/companies/deutsche-unternehmensinitiative-energieeffizienz-e-v-deneff/praktikum-seo-kommunikation-in-der-nachhaltigkeit-all-genders-berlin-76070,Praktikum SEO & Kommunikation in der Nachhaltigkeit (all genders)
49,https://www.arbeitnow.com/jobs/companies/heisab-gmbh/sap-logistik-senior-consultant-schwerpunkt-sd-furth-93702,SAP Logistik Senior Consultant Schwerpunkt SD
49,https://www.arbeitnow.com/jobs/companies/strategiep-personalberatung/devops-engineer-bremen-35828,DevOps Engineer (w/m/d)
49,https://www.arbeitnow.com/jobs/companies/interlink/finance-manager-berlin-452305,Finance Manager (f/m/d)
49,https://www.arbeitnow.com/jobs/companies/bridger/senior-cloud-engineer-cologne-403688,Senior Cloud Engineer (m/f/d)
49,https://www.arbeitnow.com/jobs/companies/abenteuergeist/ugc-content-creator-fur-ios-apps-auf-social-media-munich-322489,UGC Content Creator (m/w/d) für iOS Apps auf Social Media
49,https://www.arbeitnow.com/jobs/companies/banking-talent/spezialist-marktfolge-kreditservice-irba-bei-der-volksbank-eg-in-offenburg-oder-villingen-schwenningen-112941,Spezialist (m/w/d) Marktfolge KreditService (IRBA) bei der Volksbank eG in Offenburg oder Villingen-Schwenningen
49,https://www.arbeitnow.com/jobs/companies/atlas-media-gmbh-mehrb2bkundende/client-success-operations-manager-b2b-leadgenerierung-cologne-36134,Client Success & Operations Manager (B2B Leadgenerierung)
49,https://www.arbeitnow.com/jobs/companies/klt-klima-und-luftungstechnik-gmbh/projektleiter-fur-klima-und-luftungstechnik-hamburg-150221,Projektleiter für Klima- und Lüftungstechnik (m/w/d)
49,https://www.arbeitnow.com/jobs/companies/lox-solutions-gmbh/software-engineer-t-shaped-cologne-208027,⭐ Software Engineer - T-Shaped (f/m/x)
49,https://www.arbeitnow.com/jobs/companies/bd-operations-gmbh/quality-assurance-qa-software-testing-augsburg-121842,Quality Assurance / QA Software Testing (m/w/d)
49,https://www.arbeitnow.com/jobs/companies/webworks/senior-sea-manager-berlin-139214,Senior SEA Manager (m/w/d)
49,https://www.arbeitnow.com/jobs/companies/hurracom/senior-google-shooping-product-feed-manager-amazon-marketplaces-mwd-100-remote-stuttgart-371574,"Senior Google Shooping & Product Feed Manager - Amazon, Marketplaces (m,w,d) - 100% remote"
49,https://www.arbeitnow.com/jobs/companies/wow-mice-people/elektronikerin-mainz-45381,Elektroniker:in
49,https://www.arbeitnow.com/jobs/companies/medsolve/jahrespraktikum-pflichtpraktikum-it-technik-systemintegration-eschborn-196056,Jahrespraktikum (Pflichtpraktikum) IT-Technik / Systemintegration (m/w/d)
49,https://www.arbeitnow.com/jobs/companies/let-it-click-gmbh/pflichtpraktikum-it-webentwicklung-osnabruck-56430,Pflichtpraktikum IT / Webentwicklung (m/w/d)
49,https://www.arbeitnow.com/jobs/companies/julery/werkstudentin-produktfotografie-content-creation-dusseldorf-199287,Werkstudent:in Produktfotografie & Content Creation (m/w/d)
49,https://www.arbeitnow.com/jobs/companies/join/engineering-manager-berlin-275182,Engineering Manager (m/f/d)
49,https://www.arbeitnow.com/jobs/companies/azureagency-gmbh/working-student-social-media-content-cologne-234391,Working Student | Social Media & Content (m/w/d)
49,https://www.arbeitnow.com/jobs/companies/nuchtern/werkstudentin-praktikantin-mwd-content-creation-social-media-ii-marketing-berlin-5954,"Werkstudent:in / Praktikant:in (m,w,d) - Content Creation & Social Media II Marketing"
49,https://www.arbeitnow.com/jobs/companies/trade-marketeers-branding-packaging-gmbh-co-kg/junior-art-director-oldenburg-275365,Junior Art Director (m/w/d)
49,https://www.arbeitnow.com/jobs/companies/adspace/youtube-influencer-marketing-manager-werkstudent-hamburg-56471,Youtube Influencer Marketing Manager (m/w/d) (Werkstudent)
49,https://www.arbeitnow.com/jobs/companies/cleo-public-relations/pr-beraterin-in-vollzeit-40h-woche-hamburg-236526,PR Berater:in (m/w/d) in Vollzeit (40h/Woche)
49,https://www.arbeitnow.com/jobs/companies/38capital/co-founder-energy-climate-space-munich-49892,Co-Founder Energy/Climate Space
50,https://www.arbeitnow.com/jobs/companies/happy-immo-club/werkstudentin-marketing-content-berlin-304756,Werkstudentin Marketing & Content
50,https://www.arbeitnow.com/jobs/companies/happy-immo-club/growth-marketing-managerin-berlin-175762,Growth Marketing Managerin
50,https://www.arbeitnow.com/jobs/companies/thiru-gmbh/e-commerce-customer-support-manager-amazon-shop-minijob-basis-olpe-435795,E-Commerce Customer Support Manager Amazon/Shop Minijob Basis (m/w/d)
50,https://www.arbeitnow.com/jobs/companies/ruperti-hotels-gmbh-co-kg/masseurin-ainring-496578,Masseur:in
50,https://www.arbeitnow.com/jobs/companies/shapemate/praktikum-influencer-marketing-partnerships-cologne-433272,Praktikum Influencer Marketing & Partnerships (m/w/d)
50,https://www.arbeitnow.com/jobs/companies/shapemate/praktikum-content-marketing-creation-cologne-315311,Praktikum Content Marketing & Creation (m/w/d)
50,https://www.arbeitnow.com/jobs/companies/evay-cosmetics/kosmetikerin-hagen-229827,Kosmetikerin
50,https://www.arbeitnow.com/jobs/companies/marks-uhren/performance-marketing-manager-hamburg-420325,Performance Marketing Manager (m/w/d)
50,https://www.arbeitnow.com/jobs/companies/matproof/grc-consultant-berlin-436467,GRC Consultant
50,https://www.arbeitnow.com/jobs/companies/theater-am-torbogen/buchhaltungsmanagerin-rottenburg-330236,Buchhaltungsmanager:in
50,https://www.arbeitnow.com/jobs/companies/lehmann-isolier-und-brandschutztechnik-gmbh/burokauffrauburokaufmann-wendelstein-430772,Bürokauffrau:Bürokaufmann
50,https://www.arbeitnow.com/jobs/companies/qualityminds-gmbh/senior-product-owner-nuremberg-51829,Senior Product Owner (m/w/d)
50,https://www.arbeitnow.com/jobs/companies/predium-technology-gmbh/senior-customer-success-manager-munich-392352,(Senior) Customer Success Manager (f/m/d)
50,https://www.arbeitnow.com/jobs/companies/mgrp/werkstudent-it-consulting-ki-frankfurt-am-main-78603,Werkstudent (m/w/d) - IT Consulting & KI
50,https://www.arbeitnow.com/jobs/companies/smartpro-nrw-gmbh/standortleiter-mit-schwerpunkt-smart-repair-kempen-80525,Standortleiter (m/w/d) mit Schwerpunkt Smart Repair
50,https://www.arbeitnow.com/jobs/companies/rochus-mummert-digital-gmbh/it-application-manager-erp-product-owner-osnabruck-198474,IT Application Manager ERP & Product Owner (m/w/d)
50,https://www.arbeitnow.com/jobs/companies/k-tronik-gmbh/systems-engineer-comint-und-c-esm-nuremberg-97458,Systems Engineer (m/w/x) ComInt und C-ESM
50,https://www.arbeitnow.com/jobs/companies/swan-gmbh/teamleiterin-walldorf-16613,Teamleiter:in
50,https://www.arbeitnow.com/jobs/companies/westhafen-leipzig/technische-leitung-schwerpunkt-event-planung-leipzig-444179,Technische Leitung (m/w/d) & Schwerpunkt Event Planung
50,https://www.arbeitnow.com/jobs/companies/hackstack-gmbh/senior-rust-consultant-engineer-munich-276237,Senior Rust Consultant / Engineer (m/w/d)
50,https://www.arbeitnow.com/jobs/companies/sl-connect-gmbh/bc-spezialist-schonefeld-204579,BC Spezialist (m/w/d)
50,https://www.arbeitnow.com/jobs/companies/artschwager-kohl-software-gmbh/fullstack-softwareentwickler-herzogenaurach-86536,Fullstack - Softwareentwickler (m/w/d)
50,https://www.arbeitnow.com/jobs/companies/artschwager-kohl-software-gmbh/projektleiter-fur-it-softwareprojekte-herzogenaurach-235682,Projektleiter (m/w/d) für IT / Softwareprojekte
50,https://www.arbeitnow.com/jobs/companies/path-digital/senior-web-ui-designer-bad-kreuznach-435123,Senior Web & UI Designer (m/f/d)
50,https://www.arbeitnow.com/jobs/companies/bedford-consulting/anaplan-model-builder-dusseldorf-271955,Anaplan Model Builder (m/f/d)
50,https://www.arbeitnow.com/jobs/companies/cirrus-real-estate-gmbh/trainee-immobilienentwicklung-18-24-monate-berlin-286010,Trainee Immobilienentwicklung (m/w/d) (18-24 Monate)
50,https://www.arbeitnow.com/jobs/companies/gonder-group/werkstudentin-telesales-frankfurt-am-main-410042,Werkstudent:in (m/w/d) Telesales
50,https://www.arbeitnow.com/jobs/companies/yourmail-gmbh/senior-full-stack-entwicklerin-react-typescript-net-100-remote-ki-first-berlin-331045,"Senior Full-Stack-Entwickler:in React / TypeScript / .NET 100 % Remote, KI-First"
50,https://www.arbeitnow.com/jobs/companies/yourmail-gmbh/senior-frontend-entwicklerin-react-typescript-100-remote-ki-first-berlin-204390,"Senior Frontend-Entwickler:in React / TypeScript, 100 % Remote, KI-First"
50,https://www.arbeitnow.com/jobs/companies/ambrosia-fine-food-drinks-coffee-gmbh-co-kg/leitung-in-der-dorphee-kulturgastronomie-in-der-deutschen-oper-am-rhein-dusseldorf-439527,"Leitung m/w/d in der D´Orphée Kulturgastronomie in der deutschen Oper am Rhein, Düsseldorf"
50,https://www.arbeitnow.com/jobs/companies/digifom-gmbh/werkstudent-webdesign-marketing-dortmund-400753,Werkstudent Webdesign / Marketing (m/w/d)
50,https://www.arbeitnow.com/jobs/companies/ec-consulting/ausbildung-fachinformatiker-in-fur-anwendungsentwicklung-2026-meerbusch-269059,Ausbildung Fachinformatiker/in für Anwendungsentwicklung 2026 (m/w/d)
50,https://www.arbeitnow.com/jobs/companies/flexus-ag/abap-entwickler-warehouse-management-und-mobile-apps-wurzburg-402797,ABAP Entwickler - Warehouse Management und Mobile Apps (m/w/d)
50,https://www.arbeitnow.com/jobs/companies/norsan-gmbh/it-systemadministrator-cloud-und-anwendersupport-berlin-ostkreuz-242728,IT-Systemadministrator (m/w/d) Cloud- und Anwendersupport / Berlin-Ostkreuz
50,https://www.arbeitnow.com/jobs/companies/avento-immobilien-services/senior-software-engineer-munich-297316,Senior Software Engineer (m/f/d)
50,https://www.arbeitnow.com/jobs/companies/bavaria-wirtschafts-und-informationsdienst-gmbh/nachwuchsfuhrungskraft-junior-manager-im-versicherungswesen-buxheim-280825,Nachwuchsführungskraft / Junior Manager (m/w/d) im Versicherungswesen
50,https://www.arbeitnow.com/jobs/companies/adbaker/performance-marketing-manager-paid-social-all-genders-cologne-185658,Performance Marketing Manager (Paid Social) - all genders
50,https://www.arbeitnow.com/jobs/companies/knowtion-gmbh/software-entwickler-karlsruhe-402371,Software Entwickler (m/w/d)
50,https://www.arbeitnow.com/jobs/companies/knowtion-gmbh/werkstudent-software-entwicklung-fur-komplexe-systeme-karlsruhe-116676,Werkstudent Software Entwicklung für komplexe Systeme (m/w/d)
50,https://www.arbeitnow.com/jobs/companies/verlagshaus-schlosser/marketplace-manager-amazon-shopify-pliening-253634,Marketplace Manager Amazon & Shopify (m/w/d)
50,https://www.arbeitnow.com/jobs/companies/remo-reifen-motoren/service-assistent-mitarbeiter-im-werkstattburo-bad-sackingen-300794,Service-Assistent / Mitarbeiter im Werkstattbüro (m/w/d)
50,https://www.arbeitnow.com/jobs/companies/piggyback/werkstudentin-social-media-content-berlin-245094,Werkstudent:in Social Media & Content (m/w/d)
50,https://www.arbeitnow.com/jobs/companies/machineware-gmbh/tlm-simulation-architect-aachen-192774,TLM Simulation Architect
50,https://www.arbeitnow.com/jobs/companies/medialine-eurotrade-ag/microsoft-365-consultant-modern-workplace-cloud-security-cologne-166178,Microsoft 365 Consultant / Modern Workplace & Cloud Security (m/w/d)
50,https://www.arbeitnow.com/jobs/companies/prognum-automotive-gmbh/personalrecruiter-hr-in-stuttgart-222623,Personalrecruiter HR (m/w/d) in Stuttgart
50,https://www.arbeitnow.com/jobs/companies/prognum-automotive-gmbh/werkstudent-hr-recruiting-in-stuttgart-39758,Werkstudent (m/w/d) HR Recruiting in Stuttgart
50,https://www.arbeitnow.com/jobs/companies/luna-park-gmbh-digital-marketing-agentur/werkstudentin-digital-marketing-performance-advertising-cologne-52423,Werkstudent:in (m/w/d) Digital Marketing & Performance Advertising
50,https://www.arbeitnow.com/jobs/companies/adbaker/senior-performance-marketing-manager-remote-in-de-all-genders-cologne-146088,Senior Performance Marketing Manager (Remote in DE) - all genders
50,https://www.arbeitnow.com/jobs/companies/jetztjob/sap-berater-hamburg-170878,SAP Berater (m/w/d)
50,https://www.arbeitnow.com/jobs/companies/wolfarth-willems-kollegen-steuerberatungs-gmbh/mitarbeiter-lohnbuchhaltung-moers-382855,Mitarbeiter (w/m/d) Lohnbuchhaltung
51,https://www.arbeitnow.com/jobs/companies/layer7-gmbh/remote-it-support-engineer-eimeldingen-23877,Remote IT-Support-Engineer (m/w/d)
51,https://www.arbeitnow.com/jobs/companies/adbaker/senior-videograf-all-genders-cologne-201412,Senior Videograf - all genders
51,https://www.arbeitnow.com/jobs/companies/adbaker/senior-creative-designer-motion-video-editing-all-genders-cologne-284373,Senior Creative Designer - Motion & Video Editing (all genders)
51,https://www.arbeitnow.com/jobs/companies/adbaker/creative-designer-motion-video-editing-all-genders-cologne-328062,Creative Designer - Motion & Video Editing (all genders)
51,https://www.arbeitnow.com/jobs/companies/buchele-garten-wohnkultur-gmbh/grafik-und-marketing-traunstein-388735,Grafik und Marketing
51,https://www.arbeitnow.com/jobs/companies/ret10/werkstudent-in-sales-remote-berlin-34750,Werkstudent/in Sales | Remote / Berlin
51,https://www.arbeitnow.com/jobs/companies/ret10/praktikant-in-operations-analyse-remote-berlin-206222,Praktikant/in Operations & Analyse | Remote / Berlin
51,https://www.arbeitnow.com/jobs/companies/ret10/werkstudent-in-business-development-prozessoptimierung-remote-berlin-286059,Werkstudent/in Business Development & Prozessoptimierung | Remote / Berlin
51,https://www.arbeitnow.com/jobs/companies/robominds-gmbh/business-developer-robobrain-munich-171977,Business Developer robobrain (m/w/d)
51,https://www.arbeitnow.com/jobs/companies/robominds-gmbh/head-of-sales-robobrain-munich-190962,Head of Sales - robobrain (m/w/d)
51,https://www.arbeitnow.com/jobs/companies/fitnesshotline-gmbh/chancen-auf-weiterentwicklungsmoglichkeiten-im-bereich-controlling-auerbach-124827,Chancen auf Weiterentwicklungsmöglichkeiten im Bereich Controlling m/w/d
51,https://www.arbeitnow.com/jobs/companies/ocu-pro-augenarzte-mvz-gmbh/medizinische-fachangestellte-optiker-bad-kreuznach-314345,Medizinische Fachangestellte / Optiker (m/w/d)
51,https://www.arbeitnow.com/jobs/companies/canicu/praktikant-social-media-marketing-content-creation-100-prozent-im-home-office-herford-316541,Praktikant Social Media Marketing & Content Creation (m/w/d) 100 Prozent im Home-Office
51,https://www.arbeitnow.com/jobs/companies/trurnit-gmbh/werkstudentin-web-cms-migration-wmd-munich-323862,"Werkstudent:in Web / CMS Migration (w,m,d)"
51,https://www.arbeitnow.com/jobs/companies/passion4business-gmbh/senior-performance-marketing-manager-lead-generation-berlin-130288,(Senior) Performance Marketing Manager – Lead Generation (m/w/d)
51,https://www.arbeitnow.com/jobs/companies/ariscon-gmbh/opener-terminsetter-dusseldorf-334488,Opener/Terminsetter
51,https://www.arbeitnow.com/jobs/companies/implify/praktikum-im-start-up-operations-management-frankfurt-am-main-93592,Praktikum im Start-up Operations Management
51,https://www.arbeitnow.com/jobs/companies/pooglewoogle/remote-chatter-bad-durrheim-346941,Remote Chatter
51,https://www.arbeitnow.com/jobs/companies/implify/praktikum-im-start-up-management-frankfurt-am-main-480631,Praktikum im Start-up Management
51,https://www.arbeitnow.com/jobs/companies/manss-partner-gmbh/sap-fi-consultant-dusseldorf-198953,SAP FI Consultant (m/w/d)
51,https://www.arbeitnow.com/jobs/companies/spine-gmbh/werkstudent-softwareentwicklung-munich-199964,Werkstudent Softwareentwicklung (m/w/d)
51,https://www.arbeitnow.com/jobs/companies/heilbronnlebtde/social-media-marketing-manager-heilbronn-395100,Social-Media Marketing Manager (m/w/d)
51,https://www.arbeitnow.com/jobs/companies/dexter-health/applied-ai-engineer-remote-cologne-460022,Applied AI Engineer - Remote
51,https://www.arbeitnow.com/jobs/companies/dexter-health/ai-engineer-llm-products-remote-cologne-81674,AI Engineer (LLM Products) - Remote
51,https://www.arbeitnow.com/jobs/companies/niologic/vertriebsassistenz-vollzeit-hurth-255509,Vertriebsassistenz - Vollzeit (m/w/d)
51,https://www.arbeitnow.com/jobs/companies/btw-gmbh/bauleiter-tiefbau-eberswalde-75778,Bauleiter Tiefbau
51,https://www.arbeitnow.com/jobs/companies/pwk-gmbh/regional-sales-manager-duisburg-98542,Regional Sales Manager (m/w/d)
51,https://www.arbeitnow.com/jobs/companies/custom-careers-factory-gmbh/finanzbuchhalter-nuremberg-221317,Finanzbuchhalter (m/w/d)
51,https://www.arbeitnow.com/jobs/companies/start-to-finish-consulting-gmbh/head-of-marketing-hamburg-347107,Head of Marketing (m/w/d)
51,https://www.arbeitnow.com/jobs/companies/spreewerk-lubben-delaborierung-gmbh/praktikum-bachelorarbeit-im-bereich-maschinenbau-anlagenbau-lubben-483599,Praktikum / Bachelorarbeit im Bereich Maschinenbau / Anlagenbau (m/w/d)
51,https://www.arbeitnow.com/jobs/companies/gfl-makler-und-beratungsgesesllschaft-mbh/marketing-aufgaben-im-bereich-content-marketing-und-social-media-teilzeit-kirchzarten-432289,Marketing-Aufgaben im Bereich Content Marketing und Social Media (Teilzeit)
51,https://www.arbeitnow.com/jobs/companies/adbaker/senior-performance-marketing-manager-all-genders-cologne-445759,Senior Performance Marketing Manager - all genders
51,https://www.arbeitnow.com/jobs/companies/laudo-designagentur-gmbh/senior-account-manager-fur-brand-digital-berlin-316519,(Senior) Account Manager für Brand & Digital (w/m/d)
51,https://www.arbeitnow.com/jobs/companies/sheko-gmbh/ugc-communication-manager-100-hamburg-363952,UGC Communication Manager 100% (m/w/d)
51,https://www.arbeitnow.com/jobs/companies/plus-placement-gmbh/werkstudentin-praktikantin-marketing-growth-kassel-347124,Werkstudentin / Praktikantin Marketing & Growth (m/w/d)
51,https://www.arbeitnow.com/jobs/companies/right-search/talent-acquisition-manager-grafelfing-66943,Talent Acquisition Manager (w/m/d)
51,https://www.arbeitnow.com/jobs/companies/roemer-capital-gmbh/senior-ma-manager-dusseldorf-400317,Senior M&A Manager (m/w/d)
51,https://www.arbeitnow.com/jobs/companies/magazino-gmbh/robot-deployment-engineer-munich-148530,Robot Deployment Engineer (f/m/x)
51,https://www.arbeitnow.com/jobs/companies/magazino-gmbh/robot-deployment-engineer-munich-236223,Robot Deployment Engineer (w/m/x)
51,https://www.arbeitnow.com/jobs/companies/packwise-gmbh/praktikum-im-bereich-performance-marketing-dresden-40640,Praktikum im Bereich Performance Marketing (m/w/d)
51,https://www.arbeitnow.com/jobs/companies/linguidoor-translation-services/social-media-executive-mandatory-6-months-unpaid-internship-berlin-340522,Social Media Executive (f/m/d) - Mandatory 6 Months Unpaid Internship
51,https://www.arbeitnow.com/jobs/companies/irpd-gmbh/senior-software-systems-engineer-schweinfurt-267157,Senior Software- & Systems-Engineer (m/w/d)
51,https://www.arbeitnow.com/jobs/companies/grannel/praktikum-founders-associate-ai-automation-growth-performance-marketing-munich-416202,"Praktikum - Founder's Associate (AI Automation, Growth & Performance Marketing)"
51,https://www.arbeitnow.com/jobs/companies/adbaker/video-editor-all-genders-cologne-84100,Video Editor - all genders
51,https://www.arbeitnow.com/jobs/companies/vicoland/business-development-manager-in-hyper-scale-startup-berlin-220677,Business Development Manager in hyper-scale startup (m/w/d)
51,https://www.arbeitnow.com/jobs/companies/noris-network-ag/senior-it-security-analyst-nuremberg-376121,Senior IT Security Analyst (m/w/d)
51,https://www.arbeitnow.com/jobs/companies/evolve/content-marketing-creative-storytelling-berlin-122148,Content Marketing & Creative Storytelling (m/w/d)
51,https://www.arbeitnow.com/jobs/companies/volksbank-lubeck-eg/kreditbearbeitung-entwicklung-lubeck-16523,Kreditbearbeitung Entwicklung (m/w/d)
51,https://www.arbeitnow.com/jobs/companies/salesplaybook-ag/werkstudent-marketing-sales-admin-support-hubspot-unit-berlin-471852,"Werkstudent (m/w/d) Marketing, Sales & Admin Support - HubSpot Unit"
51,https://www.arbeitnow.com/jobs/companies/storymachine-gmbh/apple-it-systemadministrator-32h-berlin-462808,Apple IT Systemadministrator (m/w/d) - 32h
52,https://www.arbeitnow.com/jobs/companies/nova-capital-gmbh/brand-content-social-media-manager-borna-358864,Brand Content & Social Media Manager (m/w/d)
52,https://www.arbeitnow.com/jobs/companies/skalierenai-llc/customer-success-manager-projektleiter-crm-fulda-249576,Customer Success Manager / Projektleiter CRM (m/w/d)
52,https://www.arbeitnow.com/jobs/companies/viviania-gmbh/energieberater-im-vertrieb-ulm-116492,Energieberater im Vertrieb (m/w/d)
52,https://www.arbeitnow.com/jobs/companies/seedalive-gmbh/gesucht-coo-bauleiterin-fur-eine-revolution-in-der-saatgutbranche-osnabruck-237261,Gesucht: COO; Bauleiter:in (m/w/d) für eine Revolution in der Saatgutbranche
52,https://www.arbeitnow.com/jobs/companies/layer-performance-gmbh/software-engineer-for-3d-printing-slicing-algorithms-aachen-136381,Software Engineer (m/f/d) for 3D Printing & Slicing Algorithms
52,https://www.arbeitnow.com/jobs/companies/layer-performance-gmbh/software-engineer-fur-3d-druck-slicing-algorithmen-aachen-130778,Software Engineer (m/w/d) für 3D-Druck & Slicing-Algorithmen
52,https://www.arbeitnow.com/jobs/companies/zentrum-fur-soziale-psychiatrie-zsp-salzwedel/einrichtungsleitung-geschaftsfuhrung-salzwedel-151170,Einrichtungsleitung / Geschäftsführung (m/w/d)
52,https://www.arbeitnow.com/jobs/companies/deutsches-feingoldhaus-gmbh/geschaftsstellenleiter-berlin-492820,Geschäftsstellenleiter (m/w/d)
52,https://www.arbeitnow.com/jobs/companies/overfly-gmbh/senior-forward-deployed-engineer-berlin-206950,Senior Forward Deployed Engineer (m/w/d)
52,https://www.arbeitnow.com/jobs/companies/yunicorn/creative-strategist-hamburg-41130,Creative Strategist
52,https://www.arbeitnow.com/jobs/companies/starface-gmbh/it-support-engineer-2nd-level-all-genders-fur-unified-communications-karlsruhe-47581,IT-Support Engineer 2nd Level (all genders) für Unified Communications
52,https://www.arbeitnow.com/jobs/companies/prokuras-beteiligungs-gmbh/fuhrungskraft-kaufmannischer-bereich-vertrieb-energieberatung-hamburg-428267,Führungskraft Kaufmännischer Bereich & Vertrieb (m/w/d) – Energieberatung
52,https://www.arbeitnow.com/jobs/companies/mivodo/werkstudent-praktikum-social-media-content-creator-short-videos-hamburg-299467,Werkstudent / Praktikum Social Media Content Creator (Short Videos) (m/w/d)
52,https://www.arbeitnow.com/jobs/companies/etops-gmbh/software-development-team-lead-burbach-251437,Software Development Team Lead
52,https://www.arbeitnow.com/jobs/companies/campoint-ag/senior-qa-engineer-seligenstadt-280954,Senior QA Engineer (m/w/d)
52,https://www.arbeitnow.com/jobs/companies/active-nutrition-international-gmbh/controller-munich-265897,Controller (m/w/d)
52,https://www.arbeitnow.com/jobs/companies/hubside-die-recruitingwerkstatt/erp-solution-architekt-munich-339669,ERP Solution Architekt (m/w/d)
52,https://www.arbeitnow.com/jobs/companies/ccure-geschaftsbereich-der-megamaris-gmbh/it-security-engineer-berlin-326196,IT Security Engineer (m/w/d)
52,https://www.arbeitnow.com/jobs/companies/kanzlei-oum-kollegen/mitarbeiterin-fur-datenerfassung-und-kundenbetreuung-furth-335608,Mitarbeiter:in (m/w/d) für Datenerfassung und Kundenbetreuung
52,https://www.arbeitnow.com/jobs/companies/arades-gmbh/werkstudent-product-management-growth-web-app-saas-marketing-ui-ux-offenbach-451508,Werkstudent (m/w/d) Product Management & Growth - Web App (Saas/Marketing/UI/UX)
52,https://www.arbeitnow.com/jobs/companies/interact-tele-service-ag/trainee-junior-projektmanager-qualitat-und-kommunikation-stralsund-326386,Trainee/ Junior-Projektmanager Qualität und Kommunikation (m/w/d)
52,https://www.arbeitnow.com/jobs/companies/prematch/senior-software-engineer-mobile-all-genders-cologne-244885,Senior Software Engineer - mobile (All Genders)
52,https://www.arbeitnow.com/jobs/companies/evoila-frankfurt-gmbh/devsecops-it-engineer-consultant-frankfurt-am-main-284976,DevSecOps IT Engineer/Consultant (m/w/d)
52,https://www.arbeitnow.com/jobs/companies/weddyplace/werkstudentin-social-media-kooperationen-berlin-208293,Werkstudent:in Social Media & Kooperationen
52,https://www.arbeitnow.com/jobs/companies/metzner-maschinenbau/senior-sps-programmierer-neu-ulm-275038,Senior SPS-Programmierer (m/w/d)
52,https://www.arbeitnow.com/jobs/companies/vielfalter-gmbh-co-kg/ausbildung-zum-mediengestalter-digitalmedien-bottrop-301938,Ausbildung zum Mediengestalter Digitalmedien (m/w/d)
52,https://www.arbeitnow.com/jobs/companies/indie-solutions-gmbh/senior-frontend-developer-react-dresden-134663,(Senior) Frontend Developer (m/w/d) React
52,https://www.arbeitnow.com/jobs/companies/zentrum-fur-verfolgte-kunste/verwaltungsleitung-iv-solingen-444978,Verwaltungsleitung (w/m/div)
52,https://www.arbeitnow.com/jobs/companies/simon-gerwert-sophie/freelancer-gtm-engineer-ai-automation-specialist-n8n-clay-dulmen-64710,Freelancer GTM Engineer / AI Automation Specialist (n8n & Clay)
52,https://www.arbeitnow.com/jobs/companies/talent-partner-gmbh/marketing-specialist-pflichtpraktikum-100-remote-munich-34875,Marketing Specialist - Pflichtpraktikum 100% remote
52,https://www.arbeitnow.com/jobs/companies/go-for-climate-ev/ehrenamtliche-r-mitarbeiterinnen-partnerships-eventlocations-fur-live-peace-homburg-119083,"Ehrenamtliche/r Mitarbeiter:innen Partnerships Eventlocations (m/w/d) für ""Live Peace"""
52,https://www.arbeitnow.com/jobs/companies/kluuu/minijob-freelance-100-remote-tiktok-creator-fur-lern-app-gesucht-cologne-471756,Minijob/Freelance 100% remote: TikTok Creator für Lern App gesucht (m/w/d)
52,https://www.arbeitnow.com/jobs/companies/bag-dres-quist-partg/kosmetikerin-medizinisch-asthetische-high-end-praxis-mainz-213385,Kosmetikerin (m/w/d) – Medizinisch-ästhetische High-End Praxis
52,https://www.arbeitnow.com/jobs/companies/praxisconcierge/digital-marketing-manager-deutschland-remote-stuttgart-112749,"Digital Marketing-Manager (m/w/d, Deutschland, Remote)"
52,https://www.arbeitnow.com/jobs/companies/adbaker/art-director-statics-video-editing-all-genders-cologne-3394,Art Director - Statics & Video Editing (all genders)
52,https://www.arbeitnow.com/jobs/companies/hirsch-vermogensverwaltung-gmbh/sap-berechtigungs-und-rollenexperte-hcm-successfactors-gelsenkirchen-175863,SAP Berechtigungs- und Rollenexperte HCM / SuccessFactors (m/w/d)
52,https://www.arbeitnow.com/jobs/companies/mhlr-advisory/consultant-senior-consultant-remote-und-vor-ort-beim-kunden-braunschweig-139536,Consultant / Senior Consultant (m/w/d) - Remote und vor Ort beim Kunden
52,https://www.arbeitnow.com/jobs/companies/novel/sensorfertigungsspezialist-in-produktion-dokumentation-und-koordination-munich-383956,"Sensorfertigungsspezialist/in (Produktion, Dokumentation und Koordination)"
52,https://www.arbeitnow.com/jobs/companies/projekt-team-personalberatung/finance-director-insight-to-impact-lead-deutschland-dusseldorf-253710,Finance Director - Insight to Impact Lead Deutschland (m/w/d)
52,https://www.arbeitnow.com/jobs/companies/drachen-propangas-gmbh/finanzcontroller-wetzlar-426873,Finanzcontroller (m/w/d)
52,https://www.arbeitnow.com/jobs/companies/medialine-eurotrade-ag/system-engineer-raum-bayern-coburg-175597,System Engineer (m/w/d) Raum Bayern
52,https://www.arbeitnow.com/jobs/companies/bundesweitdigital-gmbh/praktikum-hr-management-in-hannover-hanover-450436,Praktikum HR-Management (m/w/d) in Hannover
52,https://www.arbeitnow.com/jobs/companies/hubside-die-recruitingwerkstatt/senior-systemadministrator-server-virtualisierung-munich-492072,Senior Systemadministrator (m/w/d) Server & Virtualisierung
52,https://www.arbeitnow.com/jobs/companies/inboundfriends/hubspot-consultant-vollzeit-teilzeit-dusseldorf-127920,HubSpot Consultant (m/w/d) - Vollzeit/Teilzeit
52,https://www.arbeitnow.com/jobs/companies/minutes-90/software-engineering-internship-3-months-buchloe-36221,Software Engineering Internship (3 Months)
52,https://www.arbeitnow.com/jobs/companies/biosyn-arzneimittel-gmbh/hr-assistant-fellbach-326445,HR Assistant (m/w/d)
52,https://www.arbeitnow.com/jobs/companies/immopaka-gmbh/growth-operations-manager-vollzeit-stuttgart-474395,"Growth & Operations Manager (Vollzeit, m/w/d)"
52,https://www.arbeitnow.com/jobs/companies/cmdscale-gmbh/senior-go-consultant-engineer-munich-475610,Senior Go Consultant / Engineer (m/w/d)
52,https://www.arbeitnow.com/jobs/companies/cmdscale-gmbh/senior-rust-consultant-engineer-munich-397808,Senior Rust Consultant / Engineer (m/w/d)
52,https://www.arbeitnow.com/jobs/companies/oros-energy-europe-gmbh/erfahrener-backend-entwickler-konstanz-127146,Erfahrener Backend Entwickler (m/w/d)
53,https://www.arbeitnow.com/jobs/companies/kakoschke-burodienstleistung/projektmanager-remote-oder-im-buro-neuried-168489,Projektmanager (m/w/d) - Remote oder im Büro
53,https://www.arbeitnow.com/jobs/companies/heisab-gmbh/sap-senior-consultant-ewm-furth-352267,SAP Senior Consultant EWM
53,https://www.arbeitnow.com/jobs/companies/adrock-marketing/werkstudent-im-bereich-mediengestaltung-und-kommunikationsdesign-100-remote-moglich-magdeburg-317056,Werkstudent (m/w/d) im Bereich Mediengestaltung und Kommunikationsdesign (100 % Remote möglich)
53,https://www.arbeitnow.com/jobs/companies/die-griechen/personliche-assistenz-cologne-178676,Persönliche Assistenz (m/w/d)
53,https://www.arbeitnow.com/jobs/companies/lovedis-startmiup-factory-gmbh/werkstudierender-praktikantin-technical-scouting-innovation-marburg-64863,Werkstudierende:r / Praktikant:in - Technical Scouting & Innovation (m/w/d)
53,https://www.arbeitnow.com/jobs/companies/netzpulsen-gmbh/user-interface-design-werkstudentin-berlin-25675,User Interface Design WerkstudentIn (m/w/d)
53,https://www.arbeitnow.com/jobs/companies/motor-ai/senior-devops-engineer-hybrid-infrastructure-berlin-128882,Senior DevOps Engineer (m/f/d) Hybrid Infrastructure
53,https://www.arbeitnow.com/jobs/companies/u-glow-gmbh/business-development-managerin-ki-bei-der-u-glow-gmbh-mulheim-227348,Business Development Manager:in KI (m/w/d) bei der U-Glow GmbH
53,https://www.arbeitnow.com/jobs/companies/lunary/internship-online-marketing-hamburg-484719,Internship Online Marketing (m/w/d)
53,https://www.arbeitnow.com/jobs/companies/insivio-it-gmbh/sales-manager-setter-freelancer-frankfurt-am-main-320839,Sales Manager - Setter (m/w/d) Freelancer
53,https://www.arbeitnow.com/jobs/companies/veeva-systems/associate-technical-consultant-germany-berlin-131594,Associate Technical Consultant (Germany)
53,https://www.arbeitnow.com/jobs/companies/veeva-systems/associate-consultant-germany-berlin-311838,Associate Consultant (Germany)
53,https://www.arbeitnow.com/jobs/companies/hirsch-vermogensverwaltung-gmbh/sap-hcm-full-stack-entwickler-schwerpunkt-frontend-gelsenkirchen-223580,SAP HCM Full-Stack Entwickler (Schwerpunkt Frontend)
53,https://www.arbeitnow.com/jobs/companies/algol-gmbh/partner-einer-etablierten-unternehmensberatung-cologne-2947,Partner (m/w/d) einer etablierten Unternehmensberatung
53,https://www.arbeitnow.com/jobs/companies/nexus-deutschland/oracle-datenbankadministratorin-berlin-495278,Oracle - Datenbankadministrator:in
53,https://www.arbeitnow.com/jobs/companies/plus10/praktikum-im-bereich-kunststofftechnik-ki-basierte-prozessoptimierung-stuttgart-385920,Praktikum im Bereich Kunststofftechnik & KI-basierte Prozessoptimierung (m/w/d)
53,https://www.arbeitnow.com/jobs/companies/plus10/praktikum-im-bereich-kunststofftechnik-ki-basierte-prozessoptimierung-augsburg-339639,Praktikum im Bereich Kunststofftechnik & KI-basierte Prozessoptimierung (m/w/d)
53,https://www.arbeitnow.com/jobs/companies/q-media-world/grafiker-munich-175757,Grafiker w/m/d
53,https://www.arbeitnow.com/jobs/companies/fifteen-love-gbr/social-media-management-vollzeit-frankfurt-am-main-419723,Social Media Management Vollzeit (m/w/d)
53,https://www.arbeitnow.com/jobs/companies/fifteen-love-gbr/pflichtpraktikum-social-media-creator-frankfurt-am-main-479415,Pflichtpraktikum Social Media Creator (m/w/d)
53,https://www.arbeitnow.com/jobs/companies/bullguard-deutschland/quereinsteiger-finanzberatung-hemmoor-223989,Quereinsteiger Finanzberatung
53,https://www.arbeitnow.com/jobs/companies/much-gmbh/praktikant-erp-consultant-munich-363654,Praktikant ERP Consultant (m/w/d)
53,https://www.arbeitnow.com/jobs/companies/contentcut-gmbh/junior-recruiter-hamburg-209994,Junior Recruiter (m/w/d)
53,https://www.arbeitnow.com/jobs/companies/leuchter-media/social-media-marketing-managerin-munster-380169,Social Media Marketing Manager:in (m/w/d)
53,https://www.arbeitnow.com/jobs/companies/prepmymeal-gmbh/praktikum-marketing-kommunikation-tschechisch-frankfurt-am-main-354396,Praktikum Marketing & Kommunikation (Tschechisch) (m/w/d)
53,https://www.arbeitnow.com/jobs/companies/leuchter-media/designerin-mediengestalterin-munster-315191,Designer:in / Mediengestalter:in (m/w/d)
53,https://www.arbeitnow.com/jobs/companies/dyve-gmbh/senior-fullstack-engineer-100-remote-purpose-unternehmen-hamburg-493797,Senior Fullstack Engineer (m/w/d) · 100% Remote · Purpose-Unternehmen
53,https://www.arbeitnow.com/jobs/companies/solactive-ag/site-reliability-engineer-berlin-297728,Site Reliability Engineer (m/f/d)
53,https://www.arbeitnow.com/jobs/companies/co-reactive/bachelors-masters-thesis-on-process-model-validation-erkrath-217653,Bachelor's/Master's Thesis on Process Model Validation
53,https://www.arbeitnow.com/jobs/companies/dark-matter-ggmbh/technical-director-berlin-343278,Technical Director (m/w/d)
53,https://www.arbeitnow.com/jobs/companies/gohler-gmbh-co-kg-anlagentechnik/technischer-systemplaner-hosbach-320890,Technischer Systemplaner (m/w/d)
53,https://www.arbeitnow.com/jobs/companies/orion-pharma-gmbh/ausbildung-kaufleute-fur-buromanagement-hamburg-39239,Ausbildung Kaufleute für Büromanagement
53,https://www.arbeitnow.com/jobs/companies/ctl-gmbh/ausbildung-zum-zur-fachinformatiker-in-systemintegration-ausbildungsstart-2027-bohmenkirch-465509,Ausbildung zum/zur Fachinformatiker/in - Systemintegration (m/w/d) | Ausbildungsstart 2027
53,https://www.arbeitnow.com/jobs/companies/alpurial-gmbh/social-media-manager-neuss-201204,Social Media Manager (m/w/d)
53,https://www.arbeitnow.com/jobs/companies/finance-coffee/finanzberaterin-mannheim-80304,Finanzberater:in
53,https://www.arbeitnow.com/jobs/companies/pinkmic-studios/video-editor-fur-kampagnen-freelance-keine-festanstellung-berlin-184501,Video Editor für Kampagnen (Freelance) Keine Festanstellung!
53,https://www.arbeitnow.com/jobs/companies/finance-coffee/finanzberaterin-trainee-mannheim-11056,Finanzberater:in - Trainee
53,https://www.arbeitnow.com/jobs/companies/yami-studios-ug/short-form-video-editor-italy-berlin-99446,Short Form Video Editor (Italy)
53,https://www.arbeitnow.com/jobs/companies/argus-interception-gmbh/kaufmannischer-leiter-100-remote-rotenburg-387321,Kaufmännischer Leiter (m/w/d) - 100% remote
53,https://www.arbeitnow.com/jobs/companies/webmentix-technologies/sap-technical-consultant-sap-basis-hana-hyperscalers-tittmoning-11911,"SAP Technical Consultant SAP Basis, HANA & Hyperscalers"
53,https://www.arbeitnow.com/jobs/companies/valaeon/strategy-consultant-all-genders-cologne-171069,Strategy Consultant (all genders)
53,https://www.arbeitnow.com/jobs/companies/gauder-gmbh/video-content-creator-brand-personality-praktikum-internship-performance-bonus-berlin-404412,Video Content Creator & Brand Personality (m/w/d) - Praktikum/Internship + Performance Bonus
53,https://www.arbeitnow.com/jobs/companies/bluebead-gmbh-heidelberg/senior-sap-logistik-berater-fur-berlin-koln-ffm-walldorf-remote-382922,Senior SAP Logistik Berater (m/w/d) für Berlin/Köln/FFM/Walldorf/remote
53,https://www.arbeitnow.com/jobs/companies/perinova-it-management-gmbh/modern-workplace-supporter-in-heilbronn-stuttgart-227202,Modern Workplace Supporter (m/w/d) in Heilbronn
53,https://www.arbeitnow.com/jobs/companies/1komma50/working-student-ai-product-designer-berlin-58805,Working Student - AI Product Designer (m/f/d)
53,https://www.arbeitnow.com/jobs/companies/capitalflow-gmbh/full-stack-engineer-typescript-nodejs-fintech-start-up-stuttgart-404953,Full Stack Engineer (m/w/d) TypeScript/Node.js | Fintech Start-up Stuttgart
53,https://www.arbeitnow.com/jobs/companies/perfect-jobs/vertriebsleiter-vertrieb-im-industriellen-umfeld-m-w-d-berlin-218669,Vertriebsleiter - Vertrieb im industriellen Umfeld m-w-d
53,https://www.arbeitnow.com/jobs/companies/immocloud-gmbh/product-manager-saas-fur-immobilienverwaltung-dusseldorf-474443,Product Manager (m/w/d) - SaaS für Immobilienverwaltung
53,https://www.arbeitnow.com/jobs/companies/projekt-team-personalberatung/vertriebsmanager-bereich-marine-schiffbau-und-offshore-bremen-321131,"Vertriebsmanager (m/w/d) Bereich Marine, Schiffbau und Offshore"
53,https://www.arbeitnow.com/jobs/companies/polytalent-gmbh/personalberater-lohne-3057,Personalberater (m/w/d)
54,https://www.arbeitnow.com/jobs/companies/p-call-gmbh-co-kg/pannenhelfer-am-telefon-stuttgart-267120,Pannenhelfer (m/w/d) am Telefon
54,https://www.arbeitnow.com/jobs/companies/novel/sales-operations-coordinator-agent-manager-munich-437875,Sales Operations Coordinator & Agent Manager
54,https://www.arbeitnow.com/jobs/companies/bpg-berliner-personaldienstleistungsgesellschaft-med-bereich/personaldisponent-i-med-bereich-i-p-berg-berlin-176088,Personaldisponent (m/w/d) I Med. Bereich I P-Berg
54,https://www.arbeitnow.com/jobs/companies/overfly-gmbh/senior-full-stack-ai-engineer-berlin-24004,Senior Full Stack & AI Engineer (m/w/d)
54,https://www.arbeitnow.com/jobs/companies/accenture/manufacturing-systems-specialist-pas-x-all-genders-frankfurt-am-main-117882,Manufacturing Systems Specialist PAS-X (all genders)
54,https://www.arbeitnow.com/jobs/companies/co-reactive/senior-engineer-anlagenbau-prozessskalierung-erkrath-131617,Senior Engineer Anlagenbau & Prozessskalierung (m/w/d)
54,https://www.arbeitnow.com/jobs/companies/mes-menschen-entwicklung-systeme-gmbh/praktikantin-personalentwicklung-und-potenzialdiagnostik-in-vollzeit-all-genders-cologne-31335,Praktikant:in Personalentwicklung und Potenzialdiagnostik in Vollzeit (all genders)
54,https://www.arbeitnow.com/jobs/companies/celestec-e-k/senior-network-engineer-in-bonn-157422,Senior Network Engineer (m/w/d) in Bonn
54,https://www.arbeitnow.com/jobs/companies/mibalu/minijob-als-wellnessmasseur-cologne-383811,Minijob als Wellnessmasseur (m/w/d)
54,https://www.arbeitnow.com/jobs/companies/mibalu/minijob-als-wellnessmasseur-monchengladbach-452867,Minijob als Wellnessmasseur (m/w/d)
54,https://www.arbeitnow.com/jobs/companies/adbaker/freelancer-video-editing-all-genders-cologne-254475,Freelancer Video Editing - all genders
54,https://www.arbeitnow.com/jobs/companies/irubis-gmbh/software-engineer-full-stack-devops-all-genders-full-time-munich-296514,Senior Software Engineer (m/w/d) Biotech Start-up
54,https://www.arbeitnow.com/jobs/companies/securenication-gmbh/senior-management-consultant-financial-services-vollzeit-hamburg-munchen-oder-frankfurt-122031,"(Senior) Management Consultant - Financial Services (m/w/d) Vollzeit - Hamburg, München oder Frankfurt"
54,https://www.arbeitnow.com/jobs/companies/flexopus/ausbildung-fachinformatiker-systemintegration-all-genders-stuttgart-410055,Ausbildung Fachinformatiker Systemintegration (All Genders)
54,https://www.arbeitnow.com/jobs/companies/hans-brainfood-gmbh/lets-grow-together-pflicht-praktikantin-qualitatsmanagement-produktentwicklung-fur-ws-26-27-regensburg-478660,LET'S GROW TOGETHER! Pflicht-Praktikant:in (m/w/d) - Qualitätsmanagement & Produktentwicklung für WS 26/27
54,https://www.arbeitnow.com/jobs/companies/noris-network-ag/senior-network-engineer-nuremberg-449210,(Senior) Network Engineer (m/w/d)
54,https://www.arbeitnow.com/jobs/companies/noris-network-ag/teamleiter-team-lead-infrastructure-as-a-service-nuremberg-470854,Teamleiter/Team Lead Infrastructure as a Service (m/w/d)
54,https://www.arbeitnow.com/jobs/companies/teaching-socials/sales-mitarbeiter-hockenheim-202119,Sales Mitarbeiter(m/w/d)
54,https://www.arbeitnow.com/jobs/companies/hallo-welt-gmbh/customer-success-manager-fokus-support-kundenbetreuung-regensburg-124101,Customer Success Manager (m/w/d) - Fokus Support & Kundenbetreuung
54,https://www.arbeitnow.com/jobs/companies/machineseeker-group-gmbh/customer-service-agent-frankreich-essen-223233,Customer Service Agent Frankreich (m/w/d)
54,https://www.arbeitnow.com/jobs/companies/linkster-gmbh/technical-solutions-engineer-junior-oder-werkstudentin-essen-366061,Technical Solutions Engineer (Junior oder Werkstudent*in) (m/w/d)
54,https://www.arbeitnow.com/jobs/companies/w-wolf-gmbh/it-mitarbeiter-first-level-support-in-teilzeit-damit-unsere-it-im-alltag-zuverlassig-funktioniert-kalchreuth-194124,IT-Mitarbeiter / First-Level-Support in Teilzeit (m/w/d) - Damit unsere IT im Alltag zuverlässig funktioniert
54,https://www.arbeitnow.com/jobs/companies/medconomy-gmbh/remote-softwareentwicklung-modernes-tech-stack-freelancing-cologne-158477,Remote Softwareentwicklung | Modernes Tech-Stack | Freelancing
54,https://www.arbeitnow.com/jobs/companies/visioncheckout/werkstudentin-dataset-creator-karlsruhe-39164,Werkstudent:in Dataset Creator
54,https://www.arbeitnow.com/jobs/companies/charlies-crew/venture-development-intern-munich-431135,Venture Development Intern (m/w/d)
54,https://www.arbeitnow.com/jobs/companies/zirkel8-tiecorp-ug-haftungsbeschrankt/automation-specialist-veitsbronn-379618,Automation Specialist (m/w/d)
54,https://www.arbeitnow.com/jobs/companies/jeff-technologies-gmbh/teilzeit-mobile-fusspflegerin-kosmetikerin-dusseldorf-und-umgebung-bis-18h-woche-285330,[Teilzeit] Mobile Fußpfleger:in / Kosmetiker:in - Düsseldorf und Umgebung bis 18h/Woche
54,https://www.arbeitnow.com/jobs/companies/swoofle-gmbh/praktikum-fachinformatiker-systemintegration-berlin-19756,Praktikum Fachinformatiker Systemintegration (w/m/d)
54,https://www.arbeitnow.com/jobs/companies/lokalrakete-gmbh/freiwilliges-praktikum-im-bereich-content-online-marketing-mit-echtem-mehrwert-dusseldorf-84770,Freiwilliges Praktikum im Bereich Content & Online-Marketing mit echtem Mehrwert!
54,https://www.arbeitnow.com/jobs/companies/we-love-x-gmbh/head-of-seo-berlin-47582,Head of SEO (f/m/d)
54,https://www.arbeitnow.com/jobs/companies/jeff-technologies-gmbh/minijob-mobile-fusspflegerin-kosmetikerin-dusseldorf-und-umgebung-sofort-starten-210607,[Minijob] Mobile Fußpfleger:in / Kosmetiker:in - Düsseldorf und Umgebung - Sofort starten
54,https://www.arbeitnow.com/jobs/companies/sociallab-markets-gmbh/social-media-manager-cologne-333722,Social Media Manager
54,https://www.arbeitnow.com/jobs/companies/ec-consulting/trainee-softwareentwicklung-meerbusch-438162,Trainee Softwareentwicklung (m/w/d)
54,https://www.arbeitnow.com/jobs/companies/red6-enterprise-software-gmbh/softwareentwicklerin-mit-ki-fokus-hamburg-116276,Softwareentwickler:in mit KI-Fokus (m/w/d)
54,https://www.arbeitnow.com/jobs/companies/inno2grid-gmbh/werkstudentin-ui-ux-design-berlin-273014,Werkstudent*in (m/w/d) UI/UX Design
54,https://www.arbeitnow.com/jobs/companies/sokra/founding-engineer-full-stack-ai-ml-berlin-330875,Founding Engineer (Full-Stack · AI/ML)
54,https://www.arbeitnow.com/jobs/companies/digitale-offensive-gmbh/typo3-entwicklerin-bielefeld-vollzeit-hybrid-49900,TYPO3 Entwickler:in (m/w/d) · Bielefeld · Vollzeit · Hybrid
54,https://www.arbeitnow.com/jobs/companies/wholix/customer-success-manager-frankfurt-am-main-466715,Customer Success Manager
54,https://www.arbeitnow.com/jobs/companies/boost-media-gmbh/werkstudent-kamera-schnitt-darmstadt-48816,Werkstudent Kamera & Schnitt (m/w/d)
54,https://www.arbeitnow.com/jobs/companies/digitale-offensive-gmbh/frontend-entwicklerin-bielefeld-vollzeit-hybrid-12757,Frontend Entwickler:in (m/w/d) · Bielefeld · Vollzeit · Hybrid
54,https://www.arbeitnow.com/jobs/companies/apt-one-gmbh/senior-consultant-audit-compliance-berlin-158843,Senior Consultant Audit & Compliance (m/w/d)
54,https://www.arbeitnow.com/jobs/companies/horbach-dresden/financial-consultant-dresden-335343,Financial Consultant
54,https://www.arbeitnow.com/jobs/companies/comnet-naval-communication-gmbh/systemspezialistin-software-und-it-administration-bremen-337121,Systemspezialist:in Software und IT-Administration
54,https://www.arbeitnow.com/jobs/companies/japan-management/assistant-manager-finance-neuss-23606,Assistant Manager Finance (m/w/d)
54,https://www.arbeitnow.com/jobs/companies/finding-heads-international/geschaftsfuhrer-turnaround-und-industrielle-transformation-halver-56670,Geschäftsführer Turnaround und industrielle Transformation (m/w/d)
54,https://www.arbeitnow.com/jobs/companies/japan-management/buchhalter-neuss-376430,Buchhalter (m/w/d)
54,https://www.arbeitnow.com/jobs/companies/teo-skin/kosmetikerin-skin-coach-vollzeit-teilzeit-berlin-180167,Kosmetiker:in / Skin Coach (m/w/d) (Vollzeit / Teilzeit)
54,https://www.arbeitnow.com/jobs/companies/teo-skin/kosmetikerin-studio-lead-skin-coach-vollzeit-berlin-315704,Kosmetiker:in / Studio Lead Skin Coach (m/w/d) (Vollzeit)
54,https://www.arbeitnow.com/jobs/companies/tilko-gmbh/netzwerktechniker-mannheim-380575,Netzwerktechniker (m/w/d)
54,https://www.arbeitnow.com/jobs/companies/cine-plus/it-administration-freelance-m365-voip-windows-server-netzwerk-berlin-61787,"IT-Administration (Freelance): M365, VoIP, Windows Server & Netzwerk"
55,https://www.arbeitnow.com/jobs/companies/viralapp/digital-marketing-intern-strategy-growth-content-systems-berlin-134007,"Digital Marketing Intern (Strategy, Growth & Content Systems)"
55,https://www.arbeitnow.com/jobs/companies/performance-one/performance-marketing-managerin-multi-channel-mannheim-414718,Performance Marketing Manager:in - Multi-Channel (M/W/D)
55,https://www.arbeitnow.com/jobs/companies/depero/java-softwareentwickler-gronau-434949,Java Softwareentwickler (m/w/d)
55,https://www.arbeitnow.com/jobs/companies/abxpert-gmbh/ui-ux-designer-mit-e-commerce-erfahrung-bielefeld-206107,UI/UX Designer (m/w/d) mit E-Commerce-Erfahrung
55,https://www.arbeitnow.com/jobs/companies/getbeautyai/qa-intern-berlin-317111,QA Intern
55,https://www.arbeitnow.com/jobs/companies/1komma50/praktikantin-business-development-ceo-office-hamburg-212087,Praktikant:in Business Development (m/w/d) - CEO Office
55,https://www.arbeitnow.com/jobs/companies/immofokus-gmbh/werkstudent-fur-die-projektentwicklung-hamburg-402285,Werkstudent (m/w/d) für die Projektentwicklung
55,https://www.arbeitnow.com/jobs/companies/nxt-applied-gmbh/forward-deployed-engineer-dusseldorf-97312,Forward Deployed Engineer
55,https://www.arbeitnow.com/jobs/companies/machineware-gmbh/business-operations-manager-aachen-419704,Business Operations Manager
55,https://www.arbeitnow.com/jobs/companies/horbach-dresden/financial-consultant-berlin-59525,Financial Consultant
55,https://www.arbeitnow.com/jobs/companies/shop-iq-gmbh-co-kg/mitarbeiterin-buchhaltung-fibu-controlling-schweinfurt-311644,Mitarbeiter:in Buchhaltung / FiBu / Controlling (m/w/d)
55,https://www.arbeitnow.com/jobs/companies/pimpertz/praktikant-online-marketing-social-media-ki-sommerpraktikum-nagold-194176,"Praktikant Online-Marketing, Social Media & KI (m/w/d) - Sommerpraktikum"
55,https://www.arbeitnow.com/jobs/companies/logicc/senior-backend-developer-go-startup-hybrid-remote-hamburg-215490,Senior Backend Developer (Go) (m/f/d) - Startup - Hybrid/Remote
55,https://www.arbeitnow.com/jobs/companies/logicc/backend-developer-go-nodejs-typescript-startup-hybrid-remote-hamburg-41124,Backend Developer (Go/ NodeJS/ TypeScript) (m/f/d) - Startup - Hybrid/Remote
55,https://www.arbeitnow.com/jobs/companies/fourbyte-gmbh/growth-lead-cologne-304201,Growth Lead (m/w/d)
55,https://www.arbeitnow.com/jobs/companies/definet-ag/rechtsanwaltsfachangestellte-in-vollzeit-ab-sofort-standort-hannover-hanover-240353,Rechtsanwaltsfachangestellte (m/w/d) in Vollzeit | ab sofort | Standort Hannover
55,https://www.arbeitnow.com/jobs/companies/fourbyte-gmbh/product-designer-cologne-329149,Product Designer (m/w/d)
55,https://www.arbeitnow.com/jobs/companies/fourbyte-gmbh/gtm-engineer-cologne-399496,GTM Engineer (m/w/d)
55,https://www.arbeitnow.com/jobs/companies/fourbyte-gmbh/design-engineer-cologne-66277,Design Engineer (m/w/d)
55,https://www.arbeitnow.com/jobs/companies/fourbyte-gmbh/frontend-engineer-cologne-23823,Frontend Engineer (m/w/d)
55,https://www.arbeitnow.com/jobs/companies/fourbyte-gmbh/senior-backend-engineer-go-cologne-380372,Senior Backend Engineer (Go) (m/w/d)
55,https://www.arbeitnow.com/jobs/companies/fourbyte-gmbh/senior-product-engineer-cologne-449841,Senior Product Engineer (m/w/d)
55,https://www.arbeitnow.com/jobs/companies/effizienzpioniere-gmbh/praktikantin-performance-marketing-stuttgart-172738,Praktikant:in Performance Marketing (m/w/d)
55,https://www.arbeitnow.com/jobs/companies/effizienzpioniere-gmbh/praktikantin-content-marketing-stuttgart-460995,Praktikant:in Content Marketing (m/w/d)
55,https://www.arbeitnow.com/jobs/companies/geratech-landmaschinen-gmbh/verkaufsleiter-verkaufer-landtechnik-gera-181065,Verkaufsleiter / Verkäufer Landtechnik (m/w/d)
55,https://www.arbeitnow.com/jobs/companies/nord-ostsee-sparkasse/finanzierungsberater-im-eigengeschaft-bei-der-nord-ostsee-sparkasse-in-husum-183535,Finanzierungsberater (w/m/d) im Eigengeschäft bei der Nord-Ostsee Sparkasse in Husum
55,https://www.arbeitnow.com/jobs/companies/options-group/ma-controller-private-equity-magdeburg-224516,M&A Controller (m/w/d) - Private Equity
55,https://www.arbeitnow.com/jobs/companies/dan-pearlman-gmbh/buchhalter-in-mit-erfahrung-im-controlling-berlin-457498,Buchhalter/in (w/m/d) mit Erfahrung im Controlling
55,https://www.arbeitnow.com/jobs/companies/hubside-die-recruitingwerkstatt/solution-architekt-iam-client-management-munich-95415,Solution Architekt IAM & Client Management (m/w/d)
55,https://www.arbeitnow.com/jobs/companies/ingenieurburo-fur-haustechnik-kem-gmbh/technischer-systemplaner-tga-technischer-zeichner-hkls-berlin-383441,Technischer Systemplaner TGA / Technischer Zeichner HKLS (m/w/d)
55,https://www.arbeitnow.com/jobs/companies/ingenieurburo-fur-haustechnik-kem-gmbh/ingenieur-planer-tga-hls-versorgungstechnik-gebaudetechnik-berlin-404459,Ingenieur Planer TGA HLS / Versorgungstechnik / Gebäudetechnik
55,https://www.arbeitnow.com/jobs/companies/starhead-gmbh/it-security-consultant-geretsried-452046,IT-Security Consultant (w/m/d)
55,https://www.arbeitnow.com/jobs/companies/netprofit/online-marketing-manager-in-passau-17439,Online-Marketing-Manager (w/m/d) in Passau
55,https://www.arbeitnow.com/jobs/companies/epikur-software-gmbh-co-kg/technical-solution-manager-ehealth-security-berlin-94968,Technical Solution Manager (m/w/d) - eHealth/Security
55,https://www.arbeitnow.com/jobs/companies/felix-bohm-baufinanzierung/teamleiter-baufinanzierung-augsburg-263089,Teamleiter Baufinanzierung (m/w/d)
55,https://www.arbeitnow.com/jobs/companies/jamie/ai-engineer-top-5-salary-band-in-europe-berlin-22034,AI Engineer - top 5% salary band in Europe
55,https://www.arbeitnow.com/jobs/companies/bestandsfaktor/founding-software-engineer-ki-startup-koln-cologne-491997,"Founding Software Engineer, KI-Startup Köln, m/w/d"
55,https://www.arbeitnow.com/jobs/companies/wearedna/senior-frontend-engineer-react-typescript-augsburg-475138,Senior Frontend Engineer (React / TypeScript)
55,https://www.arbeitnow.com/jobs/companies/hausverwaltung-petrak-eg-gmbh/weg-buchhalter-in-herne-177793,WEG-Buchhalter/in (m/w/d)
55,https://www.arbeitnow.com/jobs/companies/fora-ventures/social-media-marketing-praktikum-munich-205344,Social Media Marketing Praktikum (m/w/d)
55,https://www.arbeitnow.com/jobs/companies/qmh-consulting-gmbh/berater-consultant-qualitatsmanagement-und-lieferantenmanagement-automotive-international-norderstedt-472597,Berater / Consultant (m/w/d) Qualitätsmanagement und Lieferantenmanagement - Automotive international
55,https://www.arbeitnow.com/jobs/companies/truphysics-gmbh/werkstudent-praktikum-finanzwesen-controlling-stuttgart-482337,Werkstudent / Praktikum - Finanzwesen & Controlling (m/w/d)
55,https://www.arbeitnow.com/jobs/companies/barsch-lindner-gbr/grafik-designer-mit-schwerpunkt-produktfotografie-visualisierung-branding-vollzeit-chemnitz-132978,Grafik Designer (m/w/d) / mit Schwerpunkt Produktfotografie -visualisierung & Branding | Vollzeit
55,https://www.arbeitnow.com/jobs/companies/mimaps/technical-lead-bei-mimaps-berlin-313733,Technical Lead (m/w/d) bei mimaps
55,https://www.arbeitnow.com/jobs/companies/mimaps/business-development-finance-bei-mimaps-berlin-13435,Business Development & Finance (m/w/d) bei mimaps
55,https://www.arbeitnow.com/jobs/companies/cine-plus/firewall-spezialisten-freelance-pflege-audit-von-pfsense-firewalls-berlin-374645,Firewall-Spezialisten (Freelance): Pflege & Audit von Pfsense Firewalls
55,https://www.arbeitnow.com/jobs/companies/cine-plus/server-wartung-hardware-austausch-freelance-berlin-311351,Server-Wartung & Hardware-Austausch (Freelance)
55,https://www.arbeitnow.com/jobs/companies/richter-fleischwaren-gmbhcokg/testerin-oederan-238983,Tester:in
55,https://www.arbeitnow.com/jobs/companies/we-site-gmbh-shopify-agentur/shopify-developer-fullstack-in-vollzeit-hamburg-450309,Shopify Developer - Fullstack (m/w/d) in Vollzeit
55,https://www.arbeitnow.com/jobs/companies/andersen-germany-gmbh/business-system-analyst-berlin-393265,Business/System Analyst
56,https://www.arbeitnow.com/jobs/companies/andersen-germany-gmbh/system-engineer-stuttgart-308962,System Engineer
56,https://www.arbeitnow.com/jobs/companies/k-tronik-gmbh/development-engineer-mmic-characterization-munich-393093,Development Engineer (m/f/x) MMIC Characterization
56,https://www.arbeitnow.com/jobs/companies/fluitronics-gmbh/entwicklungsingenieur-automatisierungs-steuerungstechnik-krefeld-128413,Entwicklungsingenieur Automatisierungs- & Steuerungstechnik (m/w/d)
56,https://www.arbeitnow.com/jobs/companies/schwartz-public-relations-gmbh/pr-beratung-alle-geschlechter-willkommen-munich-147243,PR-Beratung (alle Geschlechter willkommen)
56,https://www.arbeitnow.com/jobs/companies/sheko-gmbh/senior-creative-strategist-im-e-commerce-100-hamburg-378761,Senior Creative Strategist im E-Commerce 100% (m/w/d)
56,https://www.arbeitnow.com/jobs/companies/ddtax-steuerberatungsgesellschaft-mbh/werkstudent-in-steuerberatung-tax-accounting-cologne-391544,Werkstudent/in (m/w/d) Steuerberatung / Tax / Accounting
56,https://www.arbeitnow.com/jobs/companies/intercon-solutions-gmbh/it-systemadministrator-microsoft-365-intune-cloud-hamburg-348186,IT Systemadministrator (m/w/d) Microsoft 365 | Intune | Cloud | Hamburg
56,https://www.arbeitnow.com/jobs/companies/iteration-one-gmbh/ua-manager-user-acquisition-specialist-performance-marketing-manager-karlsruhe-196705,UA Manager / User Acquisition Specialist / Performance Marketing Manager
56,https://www.arbeitnow.com/jobs/companies/doring-beratende-ingenieure-gmbh/fachplaner-msr-ga-kassel-156631,Fachplaner MSR / GA (m/w/d)
56,https://www.arbeitnow.com/jobs/companies/vallosol-gmbh/ingenieur-energietechnik-fur-erneuerbare-energien-aichach-345849,Ingenieur* Energietechnik für erneuerbare Energien
56,https://www.arbeitnow.com/jobs/companies/dorothee-schumacher/it-operations-project-specialist-mannheim-206845,IT Operations & Project Specialist (m/w/d)
56,https://www.arbeitnow.com/jobs/companies/paltron-gmbh/application-manager-servicenow-hamburg-417632,Application Manager (m/w/d) ServiceNow
56,https://www.arbeitnow.com/jobs/companies/nextcloud/back-end-engineer-integration-and-ai-php-python-stuttgart-436189,Back-end Engineer Integration and AI (PHP/Python)
56,https://www.arbeitnow.com/jobs/companies/procommerce-group/praktikant-content-management-marketplaces-essen-99404,Praktikant Content Management & Marketplaces (d/w/m)
56,https://www.arbeitnow.com/jobs/companies/ccure-geschaftsbereich-der-megamaris-gmbh/network-security-engineer-reutlingen-24095,Network Security Engineer (m/w/d)
56,https://www.arbeitnow.com/jobs/companies/buena/portfolio-hr-lead-berlin-155179,Portfolio HR Lead (m/f/d)
56,https://www.arbeitnow.com/jobs/companies/gfic/customer-service-manager-food-ingredients-nutraceuticals-langen-331244,Customer Service Manager Food Ingredients / Nutraceuticals m/f/d
56,https://www.arbeitnow.com/jobs/companies/save-our-socials/cutter-videograf-munich-84683,Cutter & Videograf
56,https://www.arbeitnow.com/jobs/companies/everai/mid-senior-ai-cinematic-video-editor-freelance-full-remote-germany-270795,Mid/Senior AI Cinematic Video Editor (Freelance - Full Remote - Germany)
56,https://www.arbeitnow.com/jobs/companies/openai/b2b-marketing-manager-dach-munich-159839,"B2B Marketing Manager, DACH"
56,https://www.arbeitnow.com/jobs/companies/app-akademie-gmbh/mentor-fur-ai-gestutzte-softwareentwicklung-werkstudent-berlin-175215,Mentor für AI-gestützte Softwareentwicklung (Werkstudent)
56,https://www.arbeitnow.com/jobs/companies/amasulting-gmbh/senior-manager-amazon-advertising-stuttgart-166948,Senior Manager Amazon Advertising
56,https://www.arbeitnow.com/jobs/companies/social-circle/founding-team-late-co-founder-frankfurt-am-main-346037,Founding Team / Late Co-Founder (m/w/d)
56,https://www.arbeitnow.com/jobs/companies/energy4u/senior-principal-sap-is-u-consultant-karlsruhe-280219,Senior / Principal SAP IS-U Consultant (m/w/d)
56,https://www.arbeitnow.com/jobs/companies/cyberguard-connect/cyber-security-solutions-architect-pentesting-berlin-60731,Cyber Security Solutions Architect / Pentesting (m/w/d)
56,https://www.arbeitnow.com/jobs/companies/fora-ventures/marketing-growth-praktikum-munich-495768,Marketing & Growth Praktikum (m/w/d)
56,https://www.arbeitnow.com/jobs/companies/edl/financial-controller-stellenbeschreibung-bochum-476738,Financial Controller – Stellenbeschreibung
56,https://www.arbeitnow.com/jobs/companies/effizienzpioniere-gmbh/praktikum-erneuerbare-energien-ee-energietechnik-stuttgart-365259,Praktikum - Erneuerbare Energien (EE) / Energietechnik (m/w/d)
56,https://www.arbeitnow.com/jobs/companies/ccure-geschaftsbereich-der-megamaris-gmbh/it-architekt-security-kempten-172730,IT-Architekt Security (m/w/d)
56,https://www.arbeitnow.com/jobs/companies/re-green/werkstudent-engineering-erneuerbare-energien-frankfurt-am-main-299097,Werkstudent Engineering & Erneuerbare Energien (m/w/d)
56,https://www.arbeitnow.com/jobs/companies/paltron-gmbh/head-of-software-development-munich-332997,Head of Software Development (m/w/d)
56,https://www.arbeitnow.com/jobs/companies/haeger-consulting-gmbh/data-engineer-schwerpunkt-infrastruktur-plattform-bonn-115825,Data Engineer – Schwerpunkt Infrastruktur & Plattform*
56,https://www.arbeitnow.com/jobs/companies/flexible-jobben-natalie-kleiss/quereinsteiger-fur-digitale-organisation-gesucht-ahlerstedt-41727,Quereinsteiger (m/w/d) für digitale Organisation gesucht
56,https://www.arbeitnow.com/jobs/companies/cf-fitness-stadtallendorf-gmbh-co-kg/serviceassistentin-in-clever-fit-stadtallendorf-278764,Serviceassistent:in in Clever fit Stadtallendorf
56,https://www.arbeitnow.com/jobs/companies/bioweingut-staffelter-hof/werkstudentin-praktikum-kommunikation-gastekultur-im-sommersemester-2026-krov-87694,Werkstudent:in / Praktikum Kommunikation & Gästekultur (m/w/d) im Sommersemester 2026
56,https://www.arbeitnow.com/jobs/companies/alpas/senior-ai-engineer-berlin-347188,Senior AI Engineer (f/m/d)
56,https://www.arbeitnow.com/jobs/companies/ccure-geschaftsbereich-der-megamaris-gmbh/it-infrastruktur-architekt-hanover-296861,IT-Infrastruktur Architekt (m/w/d)
56,https://www.arbeitnow.com/jobs/companies/everydays/senior-google-ads-manager-100-remote-berlin-121965,Senior Google Ads Manager (m/w/d) - 100% remote
56,https://www.arbeitnow.com/jobs/companies/priesmeier-bartsch-gbr/operations-manager-e-commerce-in-berlin-direkte-zusammenarbeit-mit-ceo-266328,Operations Manager (m/w/d) E-Commerce in Berlin | direkte Zusammenarbeit mit CEO
56,https://www.arbeitnow.com/jobs/companies/addfame-gmbh/senior-paid-social-marketing-manager-munich-367936,(Senior) Paid Social Marketing Manager (m/w/d)
56,https://www.arbeitnow.com/jobs/companies/lowen-assurance-gmbh/vertriebsmitarbeiter-im-energievertrieb-starte-im-nebenberuf-bergisch-gladbach-393245,Vertriebsmitarbeiter im Energievertrieb (m/w/d) - Starte im Nebenberuf!
56,https://www.arbeitnow.com/jobs/companies/mint-solutions/steuerberater-fur-teamleitung-jahresabschlusse-in-dresden-151107,Steuerberater (m/w/d) für Teamleitung Jahresabschlüsse in Dresden
56,https://www.arbeitnow.com/jobs/companies/flexible-jobben-natalie-kleiss/mitarbeiter-organisation-kommunikation-ahlerstedt-499828,Mitarbeiter (m/w/d) Organisation & Kommunikation
56,https://www.arbeitnow.com/jobs/companies/deutsche-newtennis-bewegung-ev/praktikant-in-im-bereich-sport-heidelberg-82423,Praktikant/in im Bereich Sport
56,https://www.arbeitnow.com/jobs/companies/cygrid-gmbh/founding-backend-engineergo-berlin-133902,Founding Backend Engineer(Go)
56,https://www.arbeitnow.com/jobs/companies/hausverwaltungs-gmbh/geschaftsfuhrer-hausverwaltung-frankfurt-am-main-7427,Geschäftsführer (m/w/d) - Hausverwaltung
56,https://www.arbeitnow.com/jobs/companies/supa-sport-und-party-app/business-development-praktikum-cologne-265811,Business Development Praktikum
56,https://www.arbeitnow.com/jobs/companies/supa-sport-und-party-app/praktikum-social-media-marketing-cologne-494965,Praktikum Social Media & Marketing
56,https://www.arbeitnow.com/jobs/companies/neyscustoms/pflichtpraktikum-crm-performance-marketing-stemwede-432047,Pflichtpraktikum CRM & Performance Marketing (m/w/d)
56,https://www.arbeitnow.com/jobs/companies/truphysics-gmbh/marketing-werkstudent-praktikant-stuttgart-460518,Marketing Werkstudent / Praktikant (m/w/d)
57,https://www.arbeitnow.com/jobs/companies/fmc-human-ressource/hr-project-people-manager-teilzeit-stuttgart-76916,HR Project & People Manager (m/w/d) - Teilzeit
57,https://www.arbeitnow.com/jobs/companies/soji-ai-ug/forward-deployed-engineer-aviation-hamburg-49661,Forward Deployed Engineer (Aviation)
57,https://www.arbeitnow.com/jobs/companies/dostani-it-gmbh/it-service-project-manager-dortmund-485751,IT Service & Project Manager (m/w/d)
57,https://www.arbeitnow.com/jobs/companies/yorizon-gmbh-cokg/fachinformatikerin-fur-systemintegration-datacenter-berlin-276131,Fachinformatiker:in für Systemintegration Datacenter (w/m/d)
57,https://www.arbeitnow.com/jobs/companies/emil-group-gmbh/senior-leading-software-engineer-x-berlin-65729,Senior/Leading Software Engineer (f/m/d/x)
57,https://www.arbeitnow.com/jobs/companies/ankaadia-gmbh/bezahltes-pflichtpraktikum-customer-success-knowledge-base-oberursel-83196,Bezahltes Pflichtpraktikum - Customer Success & Knowledge Base (w/m/d)
57,https://www.arbeitnow.com/jobs/companies/brachial-krawall-brutal-growth-agency/werkstudentin-performance-marketing-gehrden-356165,Werkstudent:in (m/w/d) Performance Marketing
57,https://www.arbeitnow.com/jobs/companies/dr-ing-preissing-ag/mitarbeit-marketing-crm-vertrieb-in-voll-oder-teilzeit-leonberg-435219,Mitarbeit Marketing/CRM/Vertrieb (m/w/d) in Voll- oder Teilzeit
57,https://www.arbeitnow.com/jobs/companies/brachial-krawall-brutal-growth-agency/projektmanagerin-performance-social-media-influencer-marketing-gehrden-229230,"Projektmanager:in (m/w/d) Performance, Social Media & Influencer Marketing"
57,https://www.arbeitnow.com/jobs/companies/mdb/telefonverkaufer-frankfurt-am-main-127094,Telefonverkäufer M/W/D
57,https://www.arbeitnow.com/jobs/companies/gusti-leder-gmbh/brand-und-community-manager-rostock-153478,Brand und Community Manager (m/w/d)
57,https://www.arbeitnow.com/jobs/companies/melexis-gmbh/duales-studium-bwl-bachelor-of-arts-accounting-controlling-erfurt-51925,Duales Studium BWL (Bachelor of Arts) Accounting & Controlling
57,https://www.arbeitnow.com/jobs/companies/keyone/investor-relations-associate-bad-homburg-99069,Investor Relations Associate (m/w/d)
57,https://www.arbeitnow.com/jobs/companies/vibebuilders-gmbh/videograf-content-creation-teilzeit-berlin-341554,Videograf Content Creation Teilzeit
57,https://www.arbeitnow.com/jobs/companies/intercon-solutions-gmbh/it-systemadministrator-modern-workplace-engineer-hamburg-11804,IT Systemadministrator / Modern Workplace Engineer (m/w/d)
57,https://www.arbeitnow.com/jobs/companies/uplifts-gmbh-shopify-cro-agentur/senior-e-commerce-marketing-consultant-dusseldorf-34948,Senior E-Commerce & Marketing Consultant (m/w/d)
57,https://www.arbeitnow.com/jobs/companies/bln-soap/co-founder-mit-marketingfokus-fur-bln-soap-berlin-160900,Co-Founder (m/w/d) mit Marketingfokus für BLN SOAP
57,https://www.arbeitnow.com/jobs/companies/xylem/senior-embedded-software-engineer-gunzburg-302938,Senior Embedded Software Engineer (m/w/d) - Günzburg
57,https://www.arbeitnow.com/jobs/companies/optimal-finanzplanung-gmbh/assistenz-der-geschaftsfuhrung-operations-manager-meerbusch-432242,Assistenz der Geschäftsführung / Operations Manager (m/w/d)
57,https://www.arbeitnow.com/jobs/companies/hellwig-wertpapierhandelsbank-gmbh/senior-anleihehandler-bond-trader-hybrid-frankfurt-am-main-375826,(Senior) Anleihehändler / Bond Trader (m/w/d) - Hybrid
57,https://www.arbeitnow.com/jobs/companies/tiffinger-thiel-gmbh/senior-software-developer-landshut-110259,Senior Software Developer (w/m/d)
57,https://www.arbeitnow.com/jobs/companies/smp-wirtschaftsberatung-gmbh/trainee-als-financial-consultant-berlin-406932,Trainee als Financial Consultant (m/w/d)
57,https://www.arbeitnow.com/jobs/companies/frisch-auf-goppingen/praxissemester-digitale-kommunikation-digitale-geschaftsentwicklung-goppingen-339351,Praxissemester Digitale Kommunikation & Digitale Geschäftsentwicklung
57,https://www.arbeitnow.com/jobs/companies/intellisoftware-gmbh/hybrid-infrastructure-microsoft-365-engineer-morfelden-walldorf-148126,Hybrid Infrastructure & Microsoft 365 Engineer (M/W/D)
57,https://www.arbeitnow.com/jobs/companies/aclue-gmbh/senior-tech-consultant-cologne-130998,(Senior) Tech Consultant
57,https://www.arbeitnow.com/jobs/companies/effizienzpioniere-gmbh/praktikum-als-human-resources-generalist-mit-startup-vibes-stuttgart-419579,Praktikum als Human Resources Generalist mit Startup-Vibes (m/w/d)
57,https://www.arbeitnow.com/jobs/companies/performancepixel-gmbh/art-director-performance-creatives-cologne-73499,Art Director Performance Creatives (m/w/d)
57,https://www.arbeitnow.com/jobs/companies/holz-richter-gmbh/full-stack-entwickler-developer-vollzeit-remote-deutschland-lindlar-80414,Full Stack Entwickler / Developer (m/w/d) - Vollzeit Remote (Deutschland)
57,https://www.arbeitnow.com/jobs/companies/nova-post-de-gmbh/hr-operations-specialist-german-labor-law-payroll-berlin-463150,HR Operations Specialist (German Labor Law & Payroll)
57,https://www.arbeitnow.com/jobs/companies/searchperts-deutschland-gmbh/senior-account-manager-kunden-mit-grossen-google-budgets-e-commerce-dusseldorf-306310,(Senior) Account Manager (m/w/d) - Kunden mit großen Google Budgets (E-Commerce)
57,https://www.arbeitnow.com/jobs/companies/drivecon-gmbh/projektleiterin-elektrotechnik-dettelbach-82464,Projektleiter:in Elektrotechnik
57,https://www.arbeitnow.com/jobs/companies/xalt-business-consulting-gmbh/atlassian-consultant-leipzig-386512,Atlassian Consultant (m/f/d)
57,https://www.arbeitnow.com/jobs/companies/deutsche-finanzhilfe-ev/chief-financial-officer-cfo-ehrenamtlich-100-remote-berlin-451956,Chief Financial Officer (CFO) - Ehrenamtlich | 100 % Remote
57,https://www.arbeitnow.com/jobs/companies/aiimpact-gmbh/lead-ai-engineer-senior-ai-engineer-hamburg-208414,Lead AI Engineer / Senior AI Engineer
57,https://www.arbeitnow.com/jobs/companies/horbach-finanzplanung-fur-akademiker/direkteinstieg-im-financial-consulting-berlin-348076,Direkteinstieg im Financial Consulting (m/w/d) - Berlin
57,https://www.arbeitnow.com/jobs/companies/argo-experts/cqv-engineer-konstanz-287520,CQV Engineer
57,https://www.arbeitnow.com/jobs/companies/active-nutrition-international-gmbh/manager-controlling-munich-281669,Manager (m/w/d) Controlling
57,https://www.arbeitnow.com/jobs/companies/cdh-computing-gmbh/lead-consultant-it-architect-greven-337087,Lead Consultant / IT Architect (m/w/d)
57,https://www.arbeitnow.com/jobs/companies/perinova-it-management-gmbh/it-supporter-raum-heilbronn-stuttgart-271234,IT-Supporter (w/m/d) | Raum Heilbronn
57,https://www.arbeitnow.com/jobs/companies/incupresa-gmbh/werkstudent-content-creation-ugc-friedberg-467514,Werkstudent (m/w/d) Content Creation / UGC
57,https://www.arbeitnow.com/jobs/companies/moguntia-labs-gmbh/werkstudent-online-marketing-fulfillment-mainz-88408,Werkstudent Online Marketing & Fulfillment (m/w/d)
57,https://www.arbeitnow.com/jobs/companies/bikosigma-gmbh/werkstudent-energiewirtschaft-holzwickede-275701,Werkstudent Energiewirtschaft [m/w/d]
57,https://www.arbeitnow.com/jobs/companies/smp-wirtschaftsberatung-gmbh/berater-in-fur-finanzdienstleistung-berlin-99749,Berater/in für Finanzdienstleistung (m/w/d)
57,https://www.arbeitnow.com/jobs/companies/parte-verwaltung-gmbh/weg-verwalter-immobilienverwalter-munster-456470,WEG-Verwalter / Immobilienverwalter (m/w/d)
57,https://www.arbeitnow.com/jobs/companies/smp-wirtschaftsberatung-gmbh/berater-in-fur-finanzdienstleistung-berlin-281021,Berater/in für Finanzdienstleistung (m/w/d)
57,https://www.arbeitnow.com/jobs/companies/lunchlist-gmbh/softwarearchitekt-teunz-259011,Softwarearchitekt (m/w/d)
57,https://www.arbeitnow.com/jobs/companies/pflegehelden-franchise-gmbh/co-geschaftsfuhrer-quereinsteiger-geschafts-partner-franchise-nehmer-unternehmer-fur-die-region-bodensee-schwarzwald-oberrhein-konstanz-209134,Co-Geschäftsführer / Quereinsteiger / Geschäfts-Partner / Franchise-Nehmer / Unternehmer für die Region Bodensee-Schwarzwald-Oberrhein
57,https://www.arbeitnow.com/jobs/companies/we-help-solutions/co-founder-tech-partner-ai-open-source-from-estonia-frankfurt-am-main-214639,Co-Founder / Tech Partner (AI & Open Source) from Estonia
57,https://www.arbeitnow.com/jobs/companies/sk-consult-hannover-gmbh/werkstudent-business-analyst-consultant-hanover-428484,Werkstudent (m/w/d) Business Analyst & Consultant
57,https://www.arbeitnow.com/jobs/companies/l3montree/senior-softwareentwicklerin-technischer-team-lead-go-nodejs-k8s-in-der-cybersecurity-bonn-344389,Senior SoftwareentwicklerIn & technischer Team-Lead (Go/Node.js/K8s) in der Cybersecurity (m/w/d)
58,https://www.arbeitnow.com/jobs/companies/wohnhausimmobilien-theiler-gmbh/immobilienakquisiteur-immobilienassistenz-berlin-479703,Immobilienakquisiteur/Immobilienassistenz (m/w/d)
58,https://www.arbeitnow.com/jobs/companies/henning-marketing/marketing-assistent-rosenheim-319842,Marketing Assistent
58,https://www.arbeitnow.com/jobs/companies/hubside-die-recruitingwerkstatt/it-auditor-munich-73541,IT Auditor (m/w/d)
58,https://www.arbeitnow.com/jobs/companies/it-engineering-manufacturing-solutions-gmbh/werkstudent-softwareentwicklung-smart-factory-pliezhausen-323826,Werkstudent (m/w/d) Softwareentwicklung Smart Factory
58,https://www.arbeitnow.com/jobs/companies/health-network-hamburg/praktikum-health-innovation-community-building-hamburg-345166,Praktikum Health Innovation & Community Building (m/w/d)
58,https://www.arbeitnow.com/jobs/companies/beauty-lifestyle-akademie/homeoffice-remote-teilzeit-vollzeit-onlineshop-sonsbeck-59835,"Homeoffice, Remote, Teilzeit, Vollzeit, Onlineshop"
58,https://www.arbeitnow.com/jobs/companies/easyce-gmbh/werkstudentin-im-bereich-produktcompliance-sicherheit-bei-easyce-karlsbad-57450,Werkstudent:in im Bereich Produktcompliance & -Sicherheit bei easyCE
58,https://www.arbeitnow.com/jobs/companies/jaykay-gmbh/praktikant-startup-marketing-commercial-growth-kressbronn-am-bodensee-432138,Praktikant (m/w/d) Startup Marketing & Commercial Growth
58,https://www.arbeitnow.com/jobs/companies/iteration-one-gmbh/senior-game-designer-systems-economy-karlsruhe-63660,(Senior) Game Designer - Systems & Economy (f/m/d)
58,https://www.arbeitnow.com/jobs/companies/pronorm-mainz-brandschutztechnik-gmbh/ausbildung-zur-kauffrau-zum-kaufmann-fur-buromanagement-mainz-190620,Ausbildung zur Kauffrau / zum Kaufmann für Büromanagement (m/w/d)
58,https://www.arbeitnow.com/jobs/companies/simba-computer-systeme-gmbh/trainee-anwendungsberatung-fur-finanzsoftware-karlsruhe-143026,Trainee Anwendungsberatung (m/w/d) für Finanzsoftware
58,https://www.arbeitnow.com/jobs/companies/actago4it-gmbh/kaufmann-fur-it-system-management-landau-an-der-isar-173060,Kaufmann für IT-System-Management (m/w/d)
58,https://www.arbeitnow.com/jobs/companies/haus-des-dampfes-berlin-gmbh/e-commerce-manager-im-haus-des-dampfes-berlin-152926,E-Commerce Manager im Haus des Dampfes (m/w/d)
58,https://www.arbeitnow.com/jobs/companies/plaschka-planung-und-beratung-gmbh/projektleiterin-tga-elektro-hkls-berlin-322338,Projektleiter:in TGA (Elektro / HKLS)
58,https://www.arbeitnow.com/jobs/companies/dfrost-retail-identity/pflichtpraktikum-project-management-ab-marz-2027-stuttgart-163524,Pflichtpraktikum Project Management Ab März 2027 (W/M/D)
58,https://www.arbeitnow.com/jobs/companies/neoskop-gmbh/ux-ui-designerin-konzeption-design-hanover-112176,UX/UI-Designer:in | Konzeption & Design (w/m/d)
58,https://www.arbeitnow.com/jobs/companies/towa-the-digital-growth-company/management-consultant-sales-commercial-excellence-senior-manager-munchen-munich-6428,"Management Consultant | Sales & Commercial Excellence | Senior Manager (m/w/d), München"
58,https://www.arbeitnow.com/jobs/companies/towa-the-digital-growth-company/management-consultant-sales-commercial-excellence-senior-manager-dusseldorf-345466,"Management Consultant | Sales & Commercial Excellence | Senior Manager (m/w/d), Düsseldorf"
58,https://www.arbeitnow.com/jobs/companies/hg-hansen-gieraths-edv-vertriebsgesellschaft-mbh/interner-microsoft-dynamics-365-business-central-anwendungsentwickler-bonn-383437,Interner Microsoft Dynamics 365 Business Central Anwendungsentwickler (m/w/d)
58,https://www.arbeitnow.com/jobs/companies/towa-the-digital-growth-company/management-consultant-sales-commercial-excellence-manager-dusseldorf-418023,"Management Consultant | Sales & Commercial Excellence | Manager (m/w/d), Düsseldorf"
58,https://www.arbeitnow.com/jobs/companies/towa-the-digital-growth-company/management-consultant-sales-commercial-excellence-manager-munchen-munich-133666,"Management Consultant | Sales & Commercial Excellence | Manager (m/w/d), München"
58,https://www.arbeitnow.com/jobs/companies/plutex-gmbh/netzwerk-administrator-in-bremen-138789,Netzwerk-Administrator/in
58,https://www.arbeitnow.com/jobs/companies/w3-digital-brands-gmbh/werkstudentin-motion-design-konstanz-157237,Werkstudent:in Motion Design (m/w/d)
58,https://www.arbeitnow.com/jobs/companies/emil-group-gmbh/senior-software-engineer-in-test-x-berlin-447251,Senior Software Engineer in Test (f/m/d/x)
58,https://www.arbeitnow.com/jobs/companies/sichtbarstudio/content-creator-social-media-creator-minijob-leipzig-380115,Content Creator / Social Media Creator (Minijob) (m/w/d)
58,https://www.arbeitnow.com/jobs/companies/zweidigital-gmbh/werkstudent-data-analyst-frankfurt-am-main-286578,Werkstudent Data Analyst (m/w/d)
58,https://www.arbeitnow.com/jobs/companies/fest-frohburger-elektro-system-technik-gmbh/projektleiterin-frohburg-309990,Projektleiter:in
58,https://www.arbeitnow.com/jobs/companies/fest-frohburger-elektro-system-technik-gmbh/planerin-frohburg-420021,Planer:in
58,https://www.arbeitnow.com/jobs/companies/ccure-geschaftsbereich-der-megamaris-gmbh/leiter-it-security-heilbronn-140004,Leiter IT-Security (m/w/d)
58,https://www.arbeitnow.com/jobs/companies/viamon-gmbh/werkstudent-in-im-projektmananagement-kaiserslautern-27149,Werkstudent/in im Projektmananagement (m/w/d)
58,https://www.arbeitnow.com/jobs/companies/handlerbund-management-ag/backend-entwickler-php-laravel-remote-4-tage-woche-leipzig-34547,"Backend-Entwickler PHP/Laravel (m/w/d) - Remote, 4-Tage-Woche"
58,https://www.arbeitnow.com/jobs/companies/ipg-mediabrands-gmbh/senior-total-video-planner-all-gender-hamburg-126396,Senior Total Video Planner (all gender)
58,https://www.arbeitnow.com/jobs/companies/finperks-gmbh/senior-growth-manager-france-fintech-startup-berlin-461237,(Senior) Growth Manager France (f/m/d) - FinTech Startup
58,https://www.arbeitnow.com/jobs/companies/performance-marketing-agentur-firststars-gmbh/social-media-marketing-managerin-paid-ads-berlin-351321,Social Media Marketing Manager:in (m/w/d) Paid Ads
58,https://www.arbeitnow.com/jobs/companies/marschall-marketing-gmbh/mediengestalter-mediendesigner-digital-print-suhl-221754,Mediengestalter / Mediendesigner Digital & Print (m/w/d)
58,https://www.arbeitnow.com/jobs/companies/omnivore-recycling/minijob-e-commerce-performance-marketing-amazon-ebay-online-shop-aachen-495523,Minijob E-Commerce & Performance Marketing (Amazon / eBay / Online-Shop)
58,https://www.arbeitnow.com/jobs/companies/consultport/finance-operations-intern-berlin-369102,Finance & Operations Intern
58,https://www.arbeitnow.com/jobs/companies/atharicommerce/mid-level-commerce-manager-vollzeit-cologne-249097,"Mid-Level Commerce Manager (m/w/d), Vollzeit"
58,https://www.arbeitnow.com/jobs/companies/vanilla-pepper-marketing-gmbh/werkstudent-marketing-sales-werbeartikel-hamburg-249903,Werkstudent Marketing & Sales (m/w/d) Werbeartikel
58,https://www.arbeitnow.com/jobs/companies/bochtler-medientechnik-gmbh/projektleiterin-av-medientechnik-schemmerhofen-163147,Projektleiter:in AV Medientechnik (m/w/d)
58,https://www.arbeitnow.com/jobs/companies/atharicommerce/senior-commerce-manager-vollzeit-cologne-490369,"Senior Commerce Manager (m/w/d), Vollzeit"
58,https://www.arbeitnow.com/jobs/companies/ticketpay-europe-gmbh/pflichtpraktikum-event-ticketing-operations-hamm-491560,Pflichtpraktikum Event & Ticketing Operations (m/w/d)
58,https://www.arbeitnow.com/jobs/companies/perinova-it-management-gmbh/initiativbewerbung-stuttgart-23358,Initiativbewerbung
58,https://www.arbeitnow.com/jobs/companies/medialine-eurotrade-ag/cloud-architekt-wiesbaden-192367,Cloud Architekt (m/w/d)
58,https://www.arbeitnow.com/jobs/companies/the-happy-customers/customer-support-agent-berlin-333545,Customer Support Agent
58,https://www.arbeitnow.com/jobs/companies/uptofuture/prozessmanager-digital-manager-it-manager-ki-manager-seligenstadt-38292,Prozessmanager - Digital-Manager - IT-Manager - KI-Manager (m/w/d)
58,https://www.arbeitnow.com/jobs/companies/large-space-structures-gmbh/requirements-and-verification-systems-engineer-garching-122480,Requirements and Verification Systems Engineer
58,https://www.arbeitnow.com/jobs/companies/diebauingenieure-bertsch-architekten-gmbh/teamleiter-tga-hlsk-fur-den-standort-karlsruhe-oder-berlin-317368,Teamleiter TGA HLSK (m/w/d) für den Standort Karlsruhe oder Berlin
58,https://www.arbeitnow.com/jobs/companies/ivag-hausverwaltungs-gesellschaft-mbh/buchhalterin-fur-weg-und-mietverwaltung-halle-saale-180165,Buchhalter:in für WEG- und Mietverwaltung (m/w/d)
58,https://www.arbeitnow.com/jobs/companies/cpu-consulting-software-gmbh/softwareentwickler-munster-476696,Softwareentwickler (m/w/d)
59,https://www.arbeitnow.com/jobs/companies/sancovia-gruppe/manager-transaction-services-dusseldorf-23259,Manager - Transaction Services (m/w/d)
59,https://www.arbeitnow.com/jobs/companies/mellowmessage-gmbh/business-development-manager-mit-schwerpunkt-portfolio-sales-operations-leipzig-380785,Business Development Manager (m/w/d) mit Schwerpunkt Portfolio & Sales Operations
59,https://www.arbeitnow.com/jobs/companies/mgrp/senior-consultant-it-security-frankfurt-am-main-175152,Senior Consultant IT Security (m/w/d)
59,https://www.arbeitnow.com/jobs/companies/smatched/business-development-representative-bdr-intern-heidelberg-314901,Business Development Representative (BDR) Intern
59,https://www.arbeitnow.com/jobs/companies/live-reply-gmbh/principal-software-developer-bu2-dusseldorf-485878,Principal Software Developer (M/W/D) - BU2
59,https://www.arbeitnow.com/jobs/companies/fomo-berlin/social-media-intern-berlin-188673,Social Media Intern (f/m/d)
59,https://www.arbeitnow.com/jobs/companies/business-technology-gmbh/digital-consultant-munster-206971,Digital Consultant (w/m/d)
59,https://www.arbeitnow.com/jobs/companies/lovebetter-gesellschaft-fur-mannliche-sexualitat-mbh/coo-chief-operating-officer-berlin-163193,COO (Chief Operating Officer) m/w/d
59,https://www.arbeitnow.com/jobs/companies/jemix-gmbh/ausbildung-it-system-management-berlin-478985,Ausbildung IT-System-Management (m/w/d)
59,https://www.arbeitnow.com/jobs/companies/leanio-gmbh/werkstudent-softwareentwicklung-c-wpf-passau-322417,Werkstudent Softwareentwicklung C# / WPF (m/w/d)
59,https://www.arbeitnow.com/jobs/companies/mediafam-jargo-gmbh/werkstudent-influencer-manager-munich-106394,Werkstudent Influencer Manager (m/w/d)
59,https://www.arbeitnow.com/jobs/companies/teliusai/praktikum-projektmanager-ki-startup-frankfurt-am-main-362240,Praktikum - Projektmanager (m/w/d) | KI-Startup
59,https://www.arbeitnow.com/jobs/companies/waldemar-link-gmbh-co-kg/entwicklungsingenieur-konstruktion-norderstedt-176364,Entwicklungsingenieur Konstruktion (m/w/d)
59,https://www.arbeitnow.com/jobs/companies/ponton-gmbh/scrum-master-hamburg-346943,Scrum Master (m/w/d)
59,https://www.arbeitnow.com/jobs/companies/grunspecht-naturprodukte-gmbh/produktmanager-bei-grunspecht-naturprodukte-karlskron-359190,Produktmanager (M/W/D) Bei Grünspecht Naturprodukte
59,https://www.arbeitnow.com/jobs/companies/aaads/creative-strategist-social-advertising-meta-cologne-448604,Creative Strategist Social Advertising (META) (m/w/d)
59,https://www.arbeitnow.com/jobs/companies/mb-outdoor-gmbh/techno-functional-consultant-odoo-vollzeit-remote-deutschland-oder-hybrid-berlin-xanten-16335,Techno-Functional Consultant Odoo (m/w/d) - Vollzeit | Remote (Deutschland) oder Hybrid (Berlin / Xanten)
59,https://www.arbeitnow.com/jobs/companies/ankaadia-gmbh/customer-success-manager-oberursel-271862,Customer Success Manager (w/m/d)
59,https://www.arbeitnow.com/jobs/companies/cyberguard-connect/senior-consultant-isms-iso27001-bsi-berlin-321983,Senior Consultant ISMS / ISO27001 / BSI (m/w/d)
59,https://www.arbeitnow.com/jobs/companies/wwk-lebensversicherung-ag/junior-sales-manager-wwk-versicherungen-regensburg-133543,Junior Sales Manager (m/w/d) - WWK Versicherungen
59,https://www.arbeitnow.com/jobs/companies/fullhouse-it-services-ag/it-administrator-farchant-274039,IT-Administrator (m/w/d)
59,https://www.arbeitnow.com/jobs/companies/stenon-gmbh/embedded-firmware-developer-agri-tech-sensor-systems-potsdam-416933,Embedded Firmware Developer (Agri-Tech / Sensor Systems) (m/f/d)
59,https://www.arbeitnow.com/jobs/companies/gpi-consulting-gmbh/dwh-bi-consultant-mit-schwerpunkt-etl-hamburg-135140,DWH / BI Consultant mit Schwerpunkt ETL (m/w/d)
59,https://www.arbeitnow.com/jobs/companies/gpi-consulting-gmbh/devops-engineer-hamburg-29589,DevOps Engineer (w/m/d)
59,https://www.arbeitnow.com/jobs/companies/eq-photonics/marketing-werkstudent-hallbergmoos-85165,Marketing Werkstudent (m/w/d)
59,https://www.arbeitnow.com/jobs/companies/sc-media-house/werkstudent-full-stack-entwicklung-munich-378351,Werkstudent Full-Stack Entwicklung (m/w/d)
59,https://www.arbeitnow.com/jobs/companies/netconnection-gmbh/aussendienst-automobil-fotograf-hanover-103137,Außendienst Automobil-Fotograf (m/w/d)
59,https://www.arbeitnow.com/jobs/companies/fullstop-public-relations-gmbh/junior-pr-consultant-berlin-316984,Junior PR Consultant (m/w/d)
59,https://www.arbeitnow.com/jobs/companies/labrigartdesign-shopify-agentur/praktikum-user-experience-design-conversion-rate-optimisation-biberach-21971,Praktikum User Experience Design | Conversion Rate Optimisation (w/m/d)
59,https://www.arbeitnow.com/jobs/companies/nextstephr-gmbh/werkstudentin-social-media-marketing-heilbronn-365932,Werkstudent:In Social-Media Marketing (m/w/d)
59,https://www.arbeitnow.com/jobs/companies/emil-group-gmbh/sales-manager-software-for-insurances-berlin-130161,Sales Manager (w/m/d) Software for Insurances
59,https://www.arbeitnow.com/jobs/companies/emil-group-gmbh/technischer-presales-consultant-x-software-for-insurances-berlin-162078,Technischer Presales Consultant (w/m/d/x) Software for Insurances
59,https://www.arbeitnow.com/jobs/companies/energie-checkpoint/callcenter-agenten-terminierer-energiedienstleistungen-burtenbach-137000,Callcenter-Agenten/Terminierer (m/w/d) Energiedienstleistungen
59,https://www.arbeitnow.com/jobs/companies/btg-badische-treuhand-gesellschaft/steuerfachangestellter-lahr-91998,Steuerfachangestellter (m/w/d) (m/w/d)
59,https://www.arbeitnow.com/jobs/companies/nord-ostsee-sparkasse/vermogensberater-bei-der-nord-ostsee-sparkasse-in-husum-20534,Vermögensberater (m/w/d) bei der Nord-Ostsee Sparkasse in Husum
59,https://www.arbeitnow.com/jobs/companies/neocosmo-gmbh/frontend-entwicklerin-saarbrucken-158931,Frontend-Entwickler:in (m/w/d)
59,https://www.arbeitnow.com/jobs/companies/pedotherm-gmbh/mitarbeiter-der-bauabwicklung-bereich-logistik-administration-geseke-173444,"Mitarbeiter m/w/d der Bauabwicklung (Bereich Logistik, Administration)"
59,https://www.arbeitnow.com/jobs/companies/onuava-gmbh/product-development-werkstudentin-heidelberg-106038,Product Development | Werkstudent*in
59,https://www.arbeitnow.com/jobs/companies/karriereweg-gmbh/sap-berechtigungsmanagement-sap-authorization-expert-s-4hana-dusseldorf-151747,SAP Berechtigungsmanagement / SAP Authorization Expert (S/4HANA) (m/w/d)
59,https://www.arbeitnow.com/jobs/companies/solakon-gmbh/senior-crm-manager-schwabisch-hall-11529,(Senior) CRM Manager (m/w/d)
59,https://www.arbeitnow.com/jobs/companies/nord-ostsee-sparkasse/individualkundenberater-bei-der-nord-ostsee-sparkasse-in-husum-flensburg-oder-niebull-407595,"Individualkundenberater (m/w/d) bei der Nord-Ostsee Sparkasse in Husum, Flensburg oder Niebüll"
59,https://www.arbeitnow.com/jobs/companies/xpertsforwork-gmbh/automatisierungsingenieur-ratingen-88974,Automatisierungsingenieur
59,https://www.arbeitnow.com/jobs/companies/tele90-telecom-gmbh/ausbildung-zum-fachinformatiker-fur-systemintegration-nuremberg-289488,Ausbildung zum Fachinformatiker für Systemintegration (m/w/d)
59,https://www.arbeitnow.com/jobs/companies/tele90-telecom-gmbh/ip-network-engineer-nuremberg-487127,IP / Network Engineer (m/w/d)
59,https://www.arbeitnow.com/jobs/companies/heidemann-elbe-gmbh/marketing-werkstudent-in-hamburg-239976,Marketing Werkstudent/in (m/w/d)
59,https://www.arbeitnow.com/jobs/companies/dreifachai/werkstudentin-projekt-managerin-ki-startup-koln-remote-cologne-104162,"Werkstudent:in Projekt Manager:in KI-Startup, Köln, remote"
59,https://www.arbeitnow.com/jobs/companies/gtm-base/senior-gtm-engineer-berlin-78655,Senior GTM Engineer
59,https://www.arbeitnow.com/jobs/companies/mwd-gmbh-co-kg/senior-art-director-berlin-431389,Senior Art Director (M/W/D)
59,https://www.arbeitnow.com/jobs/companies/hubside-die-recruitingwerkstatt/java-entwickler-devops-munich-286117,Java Entwickler DevOps (m/w/d)
59,https://www.arbeitnow.com/jobs/companies/cpu-consulting-software-gmbh/testautomatisierer-karlsruhe-189660,Testautomatisierer (m/w/d)
60,https://www.arbeitnow.com/jobs/companies/softwarestack-gmbh/ausbildung-zum-fachinformatiker-anwendungsentwicklung-villingen-schwenningen-97810,Ausbildung zum Fachinformatiker (m/w/d) - Anwendungsentwicklung
60,https://www.arbeitnow.com/jobs/companies/1komma50/senior-software-engineer-energy-markets-berlin-143766,Senior Software Engineer - Energy Markets (m/f/d)
60,https://www.arbeitnow.com/jobs/companies/k3-studio-gmbh/projektmanager-corporate-training-koblenz-428719,Projektmanager (w/m/d) Corporate Training
60,https://www.arbeitnow.com/jobs/companies/harzspots-gmbh/lerne-wie-content-viral-geht-im-vertrieb-social-media-ki-viral-content-fur-harzspots-wernigerode-18712,"Lerne wie Content viral geht im Vertrieb - Social Media, KI & Viral Content für Harzspots m/w/d"
60,https://www.arbeitnow.com/jobs/companies/inspyr-gmbh-drinkpaint/head-of-performance-marketing-cologne-180481,Head of (Performance) Marketing (w/m/x)
60,https://www.arbeitnow.com/jobs/companies/critalog-gmbh/senior-fullstack-entwicklerin-heilbronn-195005,Senior Fullstack Entwickler:in
60,https://www.arbeitnow.com/jobs/companies/mint-solutions/it-teamleiter-infrastruktur-operations-in-frankfurt-frankfurt-am-main-149370,IT Teamleiter (m/w/d) Infrastruktur & Operations in Frankfurt
60,https://www.arbeitnow.com/jobs/companies/moritz-kulman/bankkauffraubankkaufmann-regensburg-12071,Bankkauffrau:Bankkaufmann
60,https://www.arbeitnow.com/jobs/companies/gyde/head-of-growth-fokus-partnerships-stuttgart-223727,Head of Growth (Fokus Partnerships)
60,https://www.arbeitnow.com/jobs/companies/iteration-one-gmbh/software-engineer-game-development-karlsruhe-408450,"Software Engineer, Game Development (f/m/d)"
60,https://www.arbeitnow.com/jobs/companies/rochus-mummert-digital-gmbh/leiter-in-personalmanagement-munich-465746,Leiter/in Personalmanagement (m/w/d)
60,https://www.arbeitnow.com/jobs/companies/sambus-gmbh/junior-fachinformatiker-in-systemintegration-hamburg-194572,Junior Fachinformatiker/in Systemintegration (m/w/d)
60,https://www.arbeitnow.com/jobs/companies/accelerated/qa-specialist-qa-engineer-freelanceship-100-remote-hamburg-399434,QA Specialist / QA Engineer - Freelanceship - 100% remote
60,https://www.arbeitnow.com/jobs/companies/brickup-gmbh/pflichtpraktikum-social-media-marketing-mit-schwerpunkt-immobilien-hamburg-377814,Pflichtpraktikum Social-Media-Marketing mit Schwerpunkt Immobilien (m/w/d)
60,https://www.arbeitnow.com/jobs/companies/kaulartz-office/projektmanager-remote-oder-buro-kall-6992,Projektmanager (m/w/d) - Remote oder Büro
60,https://www.arbeitnow.com/jobs/companies/frommer-legal/it-administrator-munich-330016,It Administrator (M/W/D)
60,https://www.arbeitnow.com/jobs/companies/hallo-welt-gmbh/werkstudent-crm-systemanpassung-regensburg-132332,Werkstudent CRM-Systemanpassung (m/w/d)
60,https://www.arbeitnow.com/jobs/companies/tega-plan-heidemann-gmbh/fachplaner-der-gebaudeautomation-ga-kiel-266026,Fachplaner (m/w/d) der Gebäudeautomation GA
60,https://www.arbeitnow.com/jobs/companies/1komma50/senior-backend-vpp-software-engineer-typescript-berlin-265007,Senior Backend VPP Software Engineer - TypeScript (m/f/d)
60,https://www.arbeitnow.com/jobs/companies/evolutiq-gmbh/accountant-teilzeit-20-30-std-woche-cologne-330830,Accountant (m/w/d) – Teilzeit (20-30 Std./Woche)
60,https://www.arbeitnow.com/jobs/companies/deutsche-finanz-consulting/wir-suchen-versicherungsvermittler-in-quereinsteiger-in-sind-willkommen-cologne-466970,Wir suchen Versicherungsvermittler/in (m/w/d) Quereinsteiger/in sind Willkommen!
60,https://www.arbeitnow.com/jobs/companies/sacred-byte-gmbh/it-operations-cybersecurity-specialist-berlin-70363,IT Operations & Cybersecurity Specialist
60,https://www.arbeitnow.com/jobs/companies/karl-schnell-gmbh-co-kg/erp-systembetreuer-winterbach-414631,ERP-Systembetreuer m/w/d
60,https://www.arbeitnow.com/jobs/companies/tega-plan-heidemann-gmbh/bauleiter-objektuberwachung-in-der-gebaudetechnik-versorgungstechnik-tga-kiel-175318,Bauleiter - Objektüberwachung (m/w/d) in der Gebäudetechnik / Versorgungstechnik / TGA
60,https://www.arbeitnow.com/jobs/companies/tega-plan-heidemann-gmbh/ingenieure-techniker-meister-luftung-klima-kaltetechnik-tga-kiel-467462,"Ingenieure / Techniker / Meister (m/w/d) Lüftung-, Klima-, Kältetechnik / TGA"
60,https://www.arbeitnow.com/jobs/companies/tega-plan-heidemann-gmbh/projektleiter-der-gebaudetechnik-versorgungstechnik-tga-kiel-131648,Projektleiter (m/w/d) der Gebäudetechnik / Versorgungstechnik /TGA
60,https://www.arbeitnow.com/jobs/companies/heimplanet/bezahltes-pflichtpraktikum-produktdesign-6-monate-start-fruhjahr-2027-all-genders-hamburg-381271,Bezahltes Pflichtpraktikum Produktdesign (6 Monate) | Start Frühjahr 2027 (all genders)
60,https://www.arbeitnow.com/jobs/companies/lava-energy/marketing-pr-manager-berlin-203130,Marketing-/ PR-Manager (m/w/d)
60,https://www.arbeitnow.com/jobs/companies/growing-imaginations-gmbh/creative-social-marketing-manager-france-all-genders-berlin-224270,Creative & Social Marketing Manager France (all genders)
60,https://www.arbeitnow.com/jobs/companies/barsch-lindner-gbr/praktikant-grafikdesign-visual-content-creation-im-e-commerce-chemnitz-265526,Praktikant (m/w/d) Grafikdesign & Visual Content Creation im E-Commerce
60,https://www.arbeitnow.com/jobs/companies/rinas-ingenieurgesellschaft-mbh-co-kg/vermessungstechniker-geomatiker-im-innendienst-dusseldorf-25459,Vermessungstechniker / Geomatiker im Innendienst (m/w/d)
60,https://www.arbeitnow.com/jobs/companies/zepta-technologies-gmbh/full-stack-software-developer-im-iot-bereich-js-ts-kotlin-dresden-310843,"Full Stack Software Developer im IoT Bereich: JS/TS, Kotlin (m/w/d)"
60,https://www.arbeitnow.com/jobs/companies/oval-germany-gmbh/open-application-creation-berlin-464365,Open Application – Creation
60,https://www.arbeitnow.com/jobs/companies/recruit-121-group/sap-integration-developer-pi-po-btp-dusseldorf-150872,SAP Integration Developer (m/w/d) - PI/PO/BTP
60,https://www.arbeitnow.com/jobs/companies/recruit-121-group/sap-retail-consultant-dusseldorf-156630,SAP Retail Consultant (m/w/d)
60,https://www.arbeitnow.com/jobs/companies/recruit-121-group/team-lead-sap-finance-hamburg-167773,Team Lead SAP Finance (m/w/d)
60,https://www.arbeitnow.com/jobs/companies/recruit-121-group/sap-public-cloud-experte-dusseldorf-472967,SAP Public Cloud Experte
60,https://www.arbeitnow.com/jobs/companies/mischok-gmbh/lead-developer-augsburg-440296,Lead Developer (m/w/d)
60,https://www.arbeitnow.com/jobs/companies/ritter-von-kempski-privathotels/leitender-marketing-manager-bad-bruckenau-162727,Leitender Marketing Manager (m/w/d)
60,https://www.arbeitnow.com/jobs/companies/solactive-ag/analyst-qis-index-structuring-frankfurt-am-main-307704,Analyst (m/f/d) QIS Index Structuring
60,https://www.arbeitnow.com/jobs/companies/ccure-geschaftsbereich-der-megamaris-gmbh/it-security-administrator-freiburg-im-breisgau-417112,IT-Security Administrator (m/w/d)
60,https://www.arbeitnow.com/jobs/companies/ccure-geschaftsbereich-der-megamaris-gmbh/ot-security-manager-schwabisch-hall-374149,OT-Security Manager (m/w/d)
60,https://www.arbeitnow.com/jobs/companies/ondevi-gmbh/email-marketing-crm-account-manager-klaviyo-e-commerce-munich-404943,Email Marketing / CRM Account Manager (Klaviyo / E-Commerce) (w/m/d)
60,https://www.arbeitnow.com/jobs/companies/promtum/werkstudentin-social-media-marketing-bremen-309868,Werkstudent:in Social Media Marketing (m/w/d)
60,https://www.arbeitnow.com/jobs/companies/frettwork-network-gmbh/kundenberaterin-aachen-422722,Kundenberater*in (m/w/d)
60,https://www.arbeitnow.com/jobs/companies/ssh-software-und-systemberatung-gmbh/betriebswirt-wirtschaftsinformatiker-im-projektmanagement-erp-schwarzach-am-main-315077,Betriebswirt / Wirtschaftsinformatiker im Projektmanagement ERP (m/w/d)
60,https://www.arbeitnow.com/jobs/companies/truckscout24/werkstudent-softwaretester-quality-assurance-truckscout24-essen-195016,Werkstudent Softwaretester & Quality Assurance (m/w/d) TruckScout24
60,https://www.arbeitnow.com/jobs/companies/pureharmonie/kosmetikerin-ingelheim-am-rhein-166208,Kosmetiker:in
60,https://www.arbeitnow.com/jobs/companies/tenzing-it-solutions-gmbh/strategischer-vertriebs-und-wachstumsmanager-m-w-d-lubeck-40338,"Strategischer Vertriebs- und Wachstumsmanager (m, w, d)"
60,https://www.arbeitnow.com/jobs/companies/enova-unternehmensgruppe/senior-mergers-acquisitions-manager-fur-erneuerbare-energieprojekte-hamburg-459025,Senior Mergers & Acquisitions Manager (m/w/d) für erneuerbare Energieprojekte
61,https://www.arbeitnow.com/jobs/companies/work-and-travel-guide/senior-backend-engineer-django-high-ownership-frankfurt-am-main-281652,"Senior Backend Engineer (Django), High Ownership"
61,https://www.arbeitnow.com/jobs/companies/itsb-deutschland-ug/content-growth-marketing-b2b-munich-372423,Content & Growth Marketing (B2B) (m/w/d)
61,https://www.arbeitnow.com/jobs/companies/ondevi-gmbh/senior-sea-google-ads-manager-vollzeit-berlin-393309,"Senior SEA / Google Ads Manager (w/m/d), Vollzeit"
61,https://www.arbeitnow.com/jobs/companies/erecht24-gmbh-co-kg/senior-php-laravel-entwicklerin-dortmund-11318,Senior PHP / Laravel Entwickler*in (m/w/d)
61,https://www.arbeitnow.com/jobs/companies/erecht24-gmbh-co-kg/senior-php-laravel-entwicklerin-magdeburg-27054,Senior PHP / Laravel Entwickler*in (m/w/d)
61,https://www.arbeitnow.com/jobs/companies/erecht24-gmbh-co-kg/senior-php-laravel-entwicklerin-berlin-486306,Senior PHP / Laravel Entwickler*in (m/w/d)
61,https://www.arbeitnow.com/jobs/companies/technologie-institut/junior-dozent-social-media-marketing-bad-urach-146996,Junior Dozent (m/w/d) Social Media Marketing
61,https://www.arbeitnow.com/jobs/companies/optitool-gmbh/ot-t-ausbildung-zum-kaufmann-frau-fur-digitalisierungsmanagement-regensburg-410187,OT-T Ausbildung zum Kaufmann/-frau für Digitalisierungsmanagement (m/w/d)
61,https://www.arbeitnow.com/jobs/companies/embelly/senior-growth-manager-health-supplements-berlin-91749,Senior Growth Manager (Health/Supplements) (m/w/d)
61,https://www.arbeitnow.com/jobs/companies/bss-mitte-gmbh/it-consultant-finanzbuchhaltung-fur-microsoft-dynamics-business-central-bc-kassel-473393,IT-Consultant (m/w/d) Finanzbuchhaltung für Microsoft Dynamics Business Central (BC)
61,https://www.arbeitnow.com/jobs/companies/baesh-social-ug/ux-designer-product-lead-core-team-equity-based-remote-eu-wide-berlin-410661,"UX Designer/Product Lead (Core Team, Equity-Based, Remote EU-wide)"
61,https://www.arbeitnow.com/jobs/companies/vluv-gmbh-co-kg/praktikant-marketing-gummersbach-298110,Praktikant (m/w/d) Marketing
61,https://www.arbeitnow.com/jobs/companies/teachy-education/praktikum-ai-marketing-und-content-remote-start-ab-sofort-oder-nach-vereinbarung-freiburg-im-breisgau-80944,**Praktikum AI Marketing und Content (remote) - Start ab sofort oder nach Vereinbarung**
61,https://www.arbeitnow.com/jobs/companies/misiak/praktikum-fachhochschulreife-jahrespraktikum-fachabitur-musik-medien-hamburg-2026-191106,Praktikum Fachhochschulreife Jahrespraktikum Fachabitur - Musik & Medien Hamburg 2026
61,https://www.arbeitnow.com/jobs/companies/technec24-ug/it-support-berlin-439042,IT Support (w/m/d)
61,https://www.arbeitnow.com/jobs/companies/spizza-pizza-operations-gmbh/finance-managerin-berlin-221599,FINANCE MANAGER*IN (m/w/d)
61,https://www.arbeitnow.com/jobs/companies/livello-gmbh/cloud-platform-engineer-for-tech-startup-dusseldorf-232353,Cloud Platform Engineer for Tech Startup (m/w/d)
61,https://www.arbeitnow.com/jobs/companies/tekkminds-ag/senior-cloud-software-engineer-backend-ki-munich-21795,"Senior Cloud Software Engineer, Backend & KI (m/w/d)"
61,https://www.arbeitnow.com/jobs/companies/interaktiv-gmbh/werkstudentin-ki-spezialistin-teilzeit-kerpen-221278,"Werkstudent:in KI-Spezialist:in (m/w/d), Teilzeit"
61,https://www.arbeitnow.com/jobs/companies/atrya/internship-chief-of-staff-berlin-213316,Internship - Chief of Staff (m/f/d)
61,https://www.arbeitnow.com/jobs/companies/ph-immobiliengesellschaft-mbh/marketing-manager-content-ki-immobilienbranche-aachen-494252,Marketing Manager (m/w/d) - Content & KI - Immobilienbranche
61,https://www.arbeitnow.com/jobs/companies/volksbank-westmunsterland-eg/werksstudent-im-personlich-digitalen-kundenservice-schwerpunkt-telefonie-gescher-426696,Werksstudent (m/w/d) im persönlich digitalen Kundenservice - Schwerpunkt Telefonie
61,https://www.arbeitnow.com/jobs/companies/sl-connect-gmbh/werkstattleiter-vollzeit-40h-in-ragow-merz-418565,Werkstattleiter (m/w/d) Vollzeit (40h) in Ragow-Merz
61,https://www.arbeitnow.com/jobs/companies/hiserv-gmbh/kfz-meister-sandersdorf-brehna-331940,Kfz-Meister (m/w/d)
61,https://www.arbeitnow.com/jobs/companies/contxt-online-marketing-gmbh/praktikum-online-marketing-all-gender-ober-ramstadt-25990,Praktikum Online-Marketing (All Gender)
61,https://www.arbeitnow.com/jobs/companies/immoportal-gmbh/content-manager-redakteur-als-werkstudent-fur-20h-woche-stuttgart-57687,Content Manager/Redakteur (m/w/d) als Werkstudent für 20h/Woche
61,https://www.arbeitnow.com/jobs/companies/rd-service/information-security-lead-115k-grunwald-275942,Information Security Lead - 115k.
61,https://www.arbeitnow.com/jobs/companies/parasus-gmbh/werkstudent-sales-marketing-frankfurt-am-main-122664,Werkstudent (m/w/d) Sales & Marketing
61,https://www.arbeitnow.com/jobs/companies/weisse-kerst-steuerberatungsgesellschaft/ausbildung-zum-zur-steuerfachangestellten-gotha-298337,Ausbildung zum/zur Steuerfachangestellten (m/w/d)
61,https://www.arbeitnow.com/jobs/companies/ondevi-gmbh/sea-manager-mid-level-google-ads-manager-munich-301154,SEA Manager (Mid-Level) / Google Ads Manager (m/w/d)
61,https://www.arbeitnow.com/jobs/companies/everest-systems-gmbh/solution-consultant-rechnungswesen-heidelberg-437218,Solution Consultant (Rechnungswesen)
61,https://www.arbeitnow.com/jobs/companies/stannek-gmbh/it-systemelektroniker-hallstadt-162023,IT-Systemelektroniker (m/w/d)
61,https://www.arbeitnow.com/jobs/companies/boeba-montagen-und-aluminium-bau-gmbh/bauleiter-aufmasstechniker-technischer-zeichner-berlin-2605,Bauleiter / Aufmaßtechniker / Technischer Zeichner
61,https://www.arbeitnow.com/jobs/companies/webinarhelden/freelancer-digital-event-projektmanager-webinare-online-events-cologne-399782,Freelancer Digital Event & Projektmanager - Webinare & Online-Events (m/w/d)
61,https://www.arbeitnow.com/jobs/companies/senioren-und-therapiezentrum-haus-schleusberg-gmbh/friseur-in-neumunster-279947,Friseur/-in (m/w/d)
61,https://www.arbeitnow.com/jobs/companies/starface-gmbh/quality-engineer-schwerpunkt-testautomatisierung-all-genders-karlsruhe-394297,Quality Engineer - Schwerpunkt Testautomatisierung (all genders)
61,https://www.arbeitnow.com/jobs/companies/adsoul-gmbh/werkstudentin-performance-marketing-fur-google-und-microsoft-ads-hamburg-491447,Werkstudent:in Performance Marketing für Google und Microsoft Ads (d/m/w)
61,https://www.arbeitnow.com/jobs/companies/srt-echterhoff-gmbh/ausbildung-zum-elektroniker-fur-betriebstechnik-2026-hovelhof-203361,Ausbildung zum Elektroniker für Betriebstechnik (m/w/d) 2026
61,https://www.arbeitnow.com/jobs/companies/xheron-solutions/backend-systems-engineer-agent-infrastructure-berlin-264753,"Backend / Systems Engineer, Agent Infrastructure (m/f/x)"
61,https://www.arbeitnow.com/jobs/companies/aviano/werkstudentin-social-media-fashion-schmuck-ismaning-46311,Werkstudent:in Social Media (Fashion & Schmuck) (w/m/d)
61,https://www.arbeitnow.com/jobs/companies/xheron-solutions/ai-engineer-agentic-autonomous-operations-berlin-186217,AI Harness Engineer - Agentic & Autonomous Operations (m/f/x)
61,https://www.arbeitnow.com/jobs/companies/kr-advertising/pflichtpraktikum-bezahlt-content-creation-social-media-bei-fifteen-love-frankfurt-am-main-282750,Pflichtpraktikum (bezahlt) Content Creation & Social Media (m/w/d) bei Fifteen Love
61,https://www.arbeitnow.com/jobs/companies/deutscher-sparkassen-und-giroverband-ev/mitarbeiter-firmenkundengeschaft-berlin-499638,Mitarbeiter (m/w/d) Firmenkundengeschäft
61,https://www.arbeitnow.com/jobs/companies/folivora-solutions/werkstudentin-projektarbeit-produktentwicklung-darmstadt-242471,Werkstudent:in (m/w/d) Projektarbeit & Produktentwicklung
61,https://www.arbeitnow.com/jobs/companies/volentum-deutschland-gmbh/it-prozessmanager-erp-administrator-wernigerode-29618,IT-Prozessmanager / ERP-Administrator (m/w/d)
61,https://www.arbeitnow.com/jobs/companies/surge-aero-gmbh/quality-engineer-munich-174715,Quality Engineer
61,https://www.arbeitnow.com/jobs/companies/energie-spezialisten-gmbh/projektleiterin-tga-heizungstechnik-versorgungstechnik-munich-91807,Projektleiter:in TGA - Heizungstechnik / Versorgungstechnik (m/w/d)
61,https://www.arbeitnow.com/jobs/companies/hensch-systems-gmbh/it-systemadministrator-recklinghausen-289958,IT-Systemadministrator (m/w/d)
61,https://www.arbeitnow.com/jobs/companies/beahater-clothing/content-creator-augsburg-163045,Content Creator & Marketing (m/w/d)
61,https://www.arbeitnow.com/jobs/companies/elerra-motiv-gmbh/teamleiterin-erfurt-75565,Teamleiter:in
62,https://www.arbeitnow.com/jobs/companies/platri-it/jahrespraktikum-zum-erwerb-der-fachhochschulreife-it-digitale-projekte-bochum-276929,Jahrespraktikum zum Erwerb der Fachhochschulreife - IT & Digitale Projekte (m/w/d)
62,https://www.arbeitnow.com/jobs/companies/yuvenda/software-consultant-darmstadt-106295,Software Consultant
62,https://www.arbeitnow.com/jobs/companies/vadcare-gruppe/werkstudent-real-estate-investment-transactions-oberursel-106346,Werkstudent Real Estate Investment & Transactions (m/w/d)
62,https://www.arbeitnow.com/jobs/companies/vadcare-gruppe/junior-projektsteuerer-junior-projektmanager-fur-pflege-und-seniorenimmobilien-oberursel-397992,Junior Projektsteuerer / Junior Projektmanager für Pflege- und Seniorenimmobilien (m/w/d)
62,https://www.arbeitnow.com/jobs/companies/vaarhaft/full-time-backend-developer-hamburg-271447,Full-time Backend Developer (f/m/d)
62,https://www.arbeitnow.com/jobs/companies/reel-gmbh/senior-contract-claim-manager-veitshochheim-410889,Senior Contract- & Claim Manager (m/w/d)
62,https://www.arbeitnow.com/jobs/companies/ratisbona-consulting-gmbh/mitarbeiterin-im-fruhstucks-reinigungsteam-auf-minijob-basis-neunburg-vorm-wald-203944,Mitarbeiterin (m/w/d) im Frühstücks- & Reinigungsteam auf Minijob-Basis
62,https://www.arbeitnow.com/jobs/companies/digitale-leute-school/junior-product-manager-munich-59757,Junior Product Manager (m/w/d)
62,https://www.arbeitnow.com/jobs/companies/ezcon-network-gmbh/consultant-information-security-aalen-81366,Consultant Information Security (m/w/d)
62,https://www.arbeitnow.com/jobs/companies/pfs-heidelberg-in-grundung/excell-wizard-studentische-hilfskraft-oder-freelancer-ab-sofort-gesucht-heidelberg-222156,Excell Wizard - Studentische Hilfskraft oder Freelancer ab sofort gesucht!
62,https://www.arbeitnow.com/jobs/companies/roomhero-gmbh/lead-performance-marketing-frankfurt-am-main-312097,Lead Performance Marketing (m/w/d)
62,https://www.arbeitnow.com/jobs/companies/slimjack/performance-video-ad-creator-meta-tiktok-monheim-am-rhein-30705,Performance Video Ad Creator - Meta & TikTok (m/w/d)
62,https://www.arbeitnow.com/jobs/companies/pflegehelden-franchise-gmbh/geschaftsfuhrer-quereinsteiger-franchise-partner-franchise-nehmer-selbststandiger-unternehmer-fur-den-standort-dresden-39152,Geschäftsführer / Quereinsteiger / Franchise-Partner / Franchise-Nehmer / Selbstständiger / Unternehmer für den Standort Dresden (m/w/d)
62,https://www.arbeitnow.com/jobs/companies/wwwhandy-gamescom-gmbh/qa-gametester-giebelstadt-308682,QA Gametester (w/m/d)
62,https://www.arbeitnow.com/jobs/companies/quasiris/werkstudent-minijob-ai-agents-quasiris-search-cloud-qsc-erfurt-405440,Werkstudent / Minijob (m/w/d) - AI Agents & Quasiris Search Cloud (QSC)
62,https://www.arbeitnow.com/jobs/companies/blp-software-gmbh/vertriebsassistenz-schorndorf-327591,Vertriebsassistenz
62,https://www.arbeitnow.com/jobs/companies/dxm-gmbh-co-kg/customer-success-manager-digital-project-lead-dusseldorf-335364,Customer Success Manager & Digital Project Lead (m/w/d)
62,https://www.arbeitnow.com/jobs/companies/nti-deutschland-gmbh/technischer-consultant-gutersloh-80228,Technischer Consultant (m/w/d)
62,https://www.arbeitnow.com/jobs/companies/pero-sosa-bauuberwachung/bauuberwacher-bahn-fachbauuberwacher-e-technik-tk-lst-ob-kib-eschborn-96713,"Bauüberwacher Bahn/ Fachbauüberwacher (m/w/d) E-Technik, TK, LST & OB/KIB"
62,https://www.arbeitnow.com/jobs/companies/freda/performance-marketing-creative-strategist-gn-berlin-183985,Performance Marketing Creative Strategist (gn)
62,https://www.arbeitnow.com/jobs/companies/newwork-software-gmbh/product-manager-hands-on-execution-berlin-183798,Product Manager (Hands-on & Execution) (m/f/d)
62,https://www.arbeitnow.com/jobs/companies/caya-gmbh/product-marketing-manager-berlin-118286,Product Marketing Manager (m/w/d)
62,https://www.arbeitnow.com/jobs/companies/inodeq-gmbh/social-media-content-creation-holzgerlingen-16756,Social Media & Content Creation (m/w/d)
62,https://www.arbeitnow.com/jobs/companies/ptc-systemingenieurgesellschaft-mbh/projektingenieur-fachplaner-tga-hamburg-236537,Projektingenieur / Fachplaner TGA (m/w/d)
62,https://www.arbeitnow.com/jobs/companies/ptc-systemingenieurgesellschaft-mbh/projektingenieur-fachplaner-tga-nubel-16748,Projektingenieur / Fachplaner TGA (m/w/d)
62,https://www.arbeitnow.com/jobs/companies/sacred-byte-gmbh/it-operations-cybersecurity-specialist-berlin-134826,IT Operations & Cybersecurity Specialist
62,https://www.arbeitnow.com/jobs/companies/femlives/co-founder-berlin-349997,Co-Founder
62,https://www.arbeitnow.com/jobs/companies/autohaus-wegener/kundenberater-im-service-center-berlin-457380,Kundenberater im Service-Center (m/w/d)
62,https://www.arbeitnow.com/jobs/companies/tts-agentur05-gmbh/praktikum-3-oder-bis-zu-6-monate-cologne-58944,Praktikum | 3 oder bis zu 6 Monate
62,https://www.arbeitnow.com/jobs/companies/syxos-gmbh/praktikantin-softwareentwicklung-munich-163247,Praktikant*in Softwareentwicklung (m/w/d)
62,https://www.arbeitnow.com/jobs/companies/ephema-labs/co-founder-operations-marketing-berlin-38384,Co-Founder (Operations & Marketing) (m/f/d)
62,https://www.arbeitnow.com/jobs/companies/oros-energy-europe-gmbh/trainee-technical-sales-ci-batteriespeichersysteme-konstanz-288350,Trainee Technical Sales (m/w/d) C&I Batteriespeichersysteme
62,https://www.arbeitnow.com/jobs/companies/admkrs-gmbh/motion-designer-social-media-social-ads-munich-178444,Motion Designer – Social Media / Social Ads (m/w/d)
62,https://www.arbeitnow.com/jobs/companies/lehner-gmbh/projektleiter-projektmanager-systementwicklung-umsetzung-kirchheim-unter-teck-363666,Projektleiter / Projektmanager - Systementwicklung & Umsetzung (m/w/d)
62,https://www.arbeitnow.com/jobs/companies/urbanuncut-gmbh/content-manager-berlin-70373,Content Manager (m/w/d)
62,https://www.arbeitnow.com/jobs/companies/timpla-by-renggli/vertriebsmitarbeiter-gu-holzbau-eberswalde-333055,Vertriebsmitarbeiter - GU/Holzbau (w/m/d)
62,https://www.arbeitnow.com/jobs/companies/astrum-it-gmbh/senior-softwareentwickler-c-net-m-w-besuchermanagementsystem-visit-nuremberg-1106,Senior Softwareentwickler C#/.NET (m/w) Besuchermanagementsystem VISIT
62,https://www.arbeitnow.com/jobs/companies/ebru-elektronik-gmbh/mitarbeiter-qualitatssicherung-qualitatsmanagement-elektronik-amt-creuzburg-164274,Mitarbeiter Qualitätssicherung / Qualitätsmanagement Elektronik (m/w/d)
62,https://www.arbeitnow.com/jobs/companies/projekt-team-personalberatung/senior-account-manager-fur-eine-pharma-marketingagentur-jn243-12-oldenburg-453994,Senior Account Manager für eine Pharma-Marketingagentur (m/w/d) - JN243-12
62,https://www.arbeitnow.com/jobs/companies/projekt-team-personalberatung/junior-account-manager-fur-eine-pharma-marketingagentur-jn243-01-freiburg-im-breisgau-207307,Junior Account Manager für eine Pharma-Marketingagentur (m/w/d) - JN243-01
62,https://www.arbeitnow.com/jobs/companies/fastr/mitarbeiter-energiewirtschaft-netzbetrieb-aachen-hybrid-2-tage-buroprasenz-pro-woche-93811,"Mitarbeiter Energiewirtschaft / Netzbetrieb (m/w/d) - Aachen (Hybrid, 2 Tage Büropräsenz pro Woche)"
62,https://www.arbeitnow.com/jobs/companies/cmf-advertising-gmbh/account-manager-allianz-oberursel-185219,Account Manager Allianz (m/w/d)
62,https://www.arbeitnow.com/jobs/companies/ykone-gmbh/werkstudentin-influencer-marketing-munich-295752,WerkstudentIn Influencer Marketing (m/w/d)
62,https://www.arbeitnow.com/jobs/companies/qestit/head-of-competence-center-insurance-gorlitz-118738,Head of Competence Center Insurance (m/w/d)
62,https://www.arbeitnow.com/jobs/companies/fitnesshotline-gmbh/vogtland-auerbach-controller-490933,Vogtland/ Auerbach: Controller m/w/d
62,https://www.arbeitnow.com/jobs/companies/lava-energy/werkstudent-marketing-berlin-471527,Werkstudent (m/w/d) Marketing
62,https://www.arbeitnow.com/jobs/companies/advania-germany-gmbh-smartvokat-an-advania-brand/senior-servicenow-solution-consultant-deutschland-oder-osterreich-dusseldorf-21534,(Senior) ServiceNow Solution Consultant - Deutschland oder Österreich (m/f/d)
62,https://www.arbeitnow.com/jobs/companies/creative-strategy-pro-gmbh/senior-direct-response-copywriter-fur-health-supplement-brands-berlin-150864,Senior Direct Response Copywriter (m/w/d) für Health & Supplement Brands
62,https://www.arbeitnow.com/jobs/companies/codeklar-gmbh/microsoft-365-cloud-administrator-spaichingen-7647,Microsoft 365 Cloud Administrator (m/w/d)
62,https://www.arbeitnow.com/jobs/companies/salesfive-gmbh/senior-salesforce-solution-architect-munich-488547,(Senior) Salesforce Solution Architect (m/f/x)
63,https://www.arbeitnow.com/jobs/companies/partspace-gmbh/head-of-customer-success-deggendorf-60520,Head of Customer Success (m/w/d)
63,https://www.arbeitnow.com/jobs/companies/critalog-gmbh/lead-senior-fullstack-entwicklerin-heilbronn-430922,Lead/Senior Fullstack Entwickler:in
63,https://www.arbeitnow.com/jobs/companies/vetaion-gmbh/elektrokonstrukteur-eplan-pro-panel-schaltschrankbau-munich-309952,Elektrokonstrukteur (m/w/d) EPLAN Pro Panel Schaltschrankbau
63,https://www.arbeitnow.com/jobs/companies/marketing-juwel-gmbh/assistenz-online-marketing-berlin-51378,Assistenz (m/w/d) Online-Marketing
63,https://www.arbeitnow.com/jobs/companies/fuchs-gmbh/industriemechaniker-mwd-dortmund-3682,"Industriemechaniker (m,w,d)"
63,https://www.arbeitnow.com/jobs/companies/rohde-steuerberatung-gmbh/steuerfachangestellte-steuerfachwirte-und-bilanzbuchhalter-bonn-404903,"Steuerfachangestellte, Steuerfachwirte und Bilanzbuchhalter"
63,https://www.arbeitnow.com/jobs/companies/famous-face-academy-gmbh-cokg/social-media-content-creator-jahrespraktikum-frankfurt-am-main-309782,Social Media & Content Creator (Jahrespraktikum)
63,https://www.arbeitnow.com/jobs/companies/globalist-gmbh/sea-manager-google-ads-in-vollzeit-stuttgart-341569,SEA Manager - Google Ads (m/w/d) - in Vollzeit
63,https://www.arbeitnow.com/jobs/companies/1komma50/technische-planung-warmepumpen-heiztechnik-1komma5-riederich-383128,Technische Planung (m/w/d) Wärmepumpen & Heiztechnik - 1KOMMA5° Riederich
63,https://www.arbeitnow.com/jobs/companies/arades-gmbh/werkstudent-seo-website-b2b-digital-marketing-offenbach-49588,"Werkstudent (m/w/d) SEO, Website & B2B Digital Marketing"
63,https://www.arbeitnow.com/jobs/companies/k-tronik-gmbh/pld-fpga-developer-for-aviation-software-lindenberg-367631,PLD/FPGA developer for aviation software (m/f/d)
63,https://www.arbeitnow.com/jobs/companies/feldenergy-gmbh/praktikant-hr-recruiting-munich-8788,Praktikant (m/w/d) HR / Recruiting
63,https://www.arbeitnow.com/jobs/companies/strategiep-personalberatung/it-administrator-oldenburg-289653,IT-Administrator (w/m/d)
63,https://www.arbeitnow.com/jobs/companies/strategiep-personalberatung/abteilungsleitung-controlling-finanzen-bremen-481503,Abteilungsleitung Controlling & Finanzen (w/m/d)
63,https://www.arbeitnow.com/jobs/companies/alles-in-ordnung-gug/marketingpraktikantin-mit-schwerpunkt-social-media-hamburg-157747,Marketingpraktikant:in mit Schwerpunkt Social Media
63,https://www.arbeitnow.com/jobs/companies/falter-consulting-gmbh/werkstudentin-real-estate-operations-mannheim-381543,Werkstudent:in Real Estate Operations (m/w/d)
63,https://www.arbeitnow.com/jobs/companies/alteos-gmbh/schadensachbearbeiter-berlin-158406,Schadensachbearbeiter (m/w/d)
63,https://www.arbeitnow.com/jobs/companies/itesys-ag/senior-archiving-ilm-consultant-frankfurt-am-main-405216,Senior Archiving & ILM Consultant (m/f/d)
63,https://www.arbeitnow.com/jobs/companies/partspace-gmbh/full-stack-software-entwickler-developer-deggendorf-37218,Full Stack Software Entwickler / Developer (m/w/d)
63,https://www.arbeitnow.com/jobs/companies/partspace-gmbh/product-owner-deggendorf-131712,Product Owner (m/w/d)
63,https://www.arbeitnow.com/jobs/companies/partspace-gmbh/technical-customer-success-manager-manufacturing-deggendorf-205100,Technical Customer Success Manager (m/w/d) - Manufacturing
63,https://www.arbeitnow.com/jobs/companies/incupresa-gmbh/werkstudent-digital-marketing-content-creation-friedberg-418163,Werkstudent (m/w/d) Digital Marketing & Content Creation
63,https://www.arbeitnow.com/jobs/companies/pflegia/praktikum-datenverarbeitung-contract-sales-berlin-244755,Praktikum Datenverarbeitung Contract-Sales (m/w/d)
63,https://www.arbeitnow.com/jobs/companies/lischke-consulting-gmbh/werkstudent-in-im-bereich-marketing-hamburg-70161,Werkstudent/in (m/w/d) im Bereich Marketing
63,https://www.arbeitnow.com/jobs/companies/busch-group/general-counsel-syndikus-rechtsanwalt-in-schwerpunkt-gesellschaftsrecht-ma-bergisch-gladbach-253145,General Counsel/Syndikus Rechtsanwalt/in Schwerpunkt Gesellschaftsrecht & M&A (m/w/d)
63,https://www.arbeitnow.com/jobs/companies/busch-group/senior-accountant-bergisch-gladbach-89944,Senior Accountant (m/w/d)
63,https://www.arbeitnow.com/jobs/companies/busch-group/head-of-finance-controlling-bergisch-gladbach-20452,Head of Finance & Controlling (m/w/d)
63,https://www.arbeitnow.com/jobs/companies/simplequantunions-llc/wir-suchen-in-ganz-deutschland-sales-marketing-spezialist-berlin-102534,Wir suchen in ganz Deutschland Sales & Marketing Spezialist (m/w/d)
63,https://www.arbeitnow.com/jobs/companies/mevents-cross-media-gmbh/projektmanagerin-zur-kundenbetreuung-einer-saas-plattform-berlin-84561,Projektmanager:in zur Kundenbetreuung einer SaaS Plattform (w/m/d) - Berlin
63,https://www.arbeitnow.com/jobs/companies/jetztjob/sap-consultant-archivierung-hamburg-303590,SAP Consultant Archivierung (m/w/d)
63,https://www.arbeitnow.com/jobs/companies/imagemacher/praktikum-pr-beratung-kommunikation-marketing-hybrid-mannheim-221798,"Praktikum: PR-Beratung, Kommunikation & Marketing (hybrid)"
63,https://www.arbeitnow.com/jobs/companies/cpu-consulting-software-gmbh/full-stack-entwickler-karlsruhe-226815,Full-Stack Entwickler (m/w/d)
63,https://www.arbeitnow.com/jobs/companies/gmk-gmbh-co-kg/seo-sea-spezialist-bayreuth-271084,SEO/SEA Spezialist m/w/d
63,https://www.arbeitnow.com/jobs/companies/gmk-gmbh-co-kg/web-entwickler-bayreuth-454753,Web-Entwickler m/w/d
63,https://www.arbeitnow.com/jobs/companies/aaa-auctor-actor-advisor-gmbh/initiativbewerbung-cologne-423116,Initiativbewerbung (m/w/d)
63,https://www.arbeitnow.com/jobs/companies/scb-gmbh-cokg/it-systemadministrator-fachinformatiker-fur-systemintegration-plauen-190831,IT-Systemadministrator (m/w/d) - Fachinformatiker für Systemintegration
63,https://www.arbeitnow.com/jobs/companies/atlas-titan-ost-gmbh/projektingenieur-bauwesen-peine-222080,Projektingenieur Bauwesen (m/w/d)
63,https://www.arbeitnow.com/jobs/companies/medisync-gmbh/werkstudent-online-marketing-medtech-in-koln-cologne-127171,Werkstudent (m/w/d) Online-Marketing (MedTech) in Köln
63,https://www.arbeitnow.com/jobs/companies/isax-gmbh-co-kg/presales-solutions-consultant-dresden-230333,Presales & Solutions Consultant
63,https://www.arbeitnow.com/jobs/companies/zepta-technologies-gmbh/werkstudent-software-development-im-iot-bereich-dresden-236818,Werkstudent (m/w/d) Software Development im IoT-Bereich
63,https://www.arbeitnow.com/jobs/companies/liganova-gmbh/senior-project-manager-all-genders-brand-experience-spaces-stuttgart-330383,(Senior) Project Manager (all genders) - Brand Experience Spaces
63,https://www.arbeitnow.com/jobs/companies/hori2on-tf-gmbh/executive-assistant-des-ceo-teilzeit-max-24-std-osnabruck-236127,Executive Assistant (m/w/d) des CEO | Teilzeit (max. 24 Std.)
63,https://www.arbeitnow.com/jobs/companies/mikosch-kruckeberg-gbr/freelancer-gn-leadgenerierung-it-dienstleistungen-provisionsbasis-solingen-264767,Freelancer (gn*) Leadgenerierung IT-Dienstleistungen (Provisionsbasis)
63,https://www.arbeitnow.com/jobs/companies/logixperts-gmbh/minijob-marketing-geretsried-274433,Minijob Marketing (m/w/d)
63,https://www.arbeitnow.com/jobs/companies/deandavid-franchise-gmbh/digital-marketing-specialist-grafelfing-434393,Digital Marketing Specialist (m/w/d)
63,https://www.arbeitnow.com/jobs/companies/solactive-ag/application-support-specialist-market-data-trading-systems-berlin-99961,Application Support Specialist – Market Data & Trading Systems (m/f/d)
63,https://www.arbeitnow.com/jobs/companies/systempartner-lubeck-it-service-gmbh/it-systemadministrator-projekte-moderne-it-lubeck-435032,IT-Systemadministrator / IT-Techniker (m/w/d) mit Praxiserfahrung
63,https://www.arbeitnow.com/jobs/companies/steine-der-gezeiten/jahrespraktikum-fachhochschulreife-wissen-246800,Jahrespraktikum Fachhochschulreife
63,https://www.arbeitnow.com/jobs/companies/menhal-hanna/tippgeber-minijob-waldkirch-351533,Tippgeber (m/w/d) Minijob
63,https://www.arbeitnow.com/jobs/companies/adam-eve-beautylounge-gmbh/mitarbeiterin-finanzbuchhaltung-hamburg-245550,Mitarbeiter:in Finanzbuchhaltung (m/w/d)
64,https://www.arbeitnow.com/jobs/companies/haeger-consulting-gmbh/data-engineer-schwerpunkt-programmierung-datenpipelines-bonn-208400,Data Engineer – Schwerpunkt Programmierung & Datenpipelines*
64,https://www.arbeitnow.com/jobs/companies/heimplanet/bezahltes-pflichtpraktikum-6-monate-business-developement-e-commerce-all-genders-hamburg-102816,Bezahltes Pflichtpraktikum (6 Monate) Business Developement & E-Commerce (all genders)
64,https://www.arbeitnow.com/jobs/companies/haebmau-ag/pr-praktikum-berlin-210811,(PR-)Praktikum - Berlin (m/w/d)
64,https://www.arbeitnow.com/jobs/companies/abat-gmbh/full-stack-entwickler-ai-first-mwd-sankt-ingbert-226302,Full Stack Entwickler AI-First m|w|d
64,https://www.arbeitnow.com/jobs/companies/rhomberg-sersa-vossloh-gmbh/customer-success-manager-fohren-417563,Customer Success Manager (m/w/d)
64,https://www.arbeitnow.com/jobs/companies/webseiten-schmied/marketing-lead-mit-wordpress-kenntnissen-mit-entwicklungsperspektive-zur-geschaftsfuhrung-bochum-13165,Marketing Lead (m/w/d) mit WordPress-Kenntnissen mit Entwicklungsperspektive zur Geschäftsführung
64,https://www.arbeitnow.com/jobs/companies/schoolrallye/praktikum-redaktion-content-marketing-bei-education-startup-schoolrallye-berlin-53524,"Praktikum: Redaktion & Content-Marketing bei Education-Startup ""SchoolRallye"" (m/w/d)"
64,https://www.arbeitnow.com/jobs/companies/dirk-abrahams-gmbh/betriebselektriker-zetel-182714,Betriebselektriker (m/w/d)
64,https://www.arbeitnow.com/jobs/companies/kosmetik-schlachtensee/kosmetikerin-fusspflegerin-berlin-472923,Kosmetiker:in/ Fußpfleger:in (m/w/d)
64,https://www.arbeitnow.com/jobs/companies/heartland-solutions-gmbh/information-security-consultant-frankfurt-am-main-10742,Information Security Consultant (m/w/d)
64,https://www.arbeitnow.com/jobs/companies/qavion-sales-recruiting-gmbh/senior-account-manager-grunwald-276305,Senior Account Manager (m/w/d)
64,https://www.arbeitnow.com/jobs/companies/gewinnblick-gmbh/ausbildung-zum-zur-it-systemelektroniker-uhingen-ausbildungsstart-2026-120631,Ausbildung zum/zur IT-Systemelektroniker | Uhingen | Ausbildungsstart 2026 (m/w/d)
64,https://www.arbeitnow.com/jobs/companies/gusti-leder-gmbh/content-creator-mini-job-werkstudent-rostock-178076,Content Creator (m/w/d) - Mini Job / Werkstudent
64,https://www.arbeitnow.com/jobs/companies/qavion-sales-recruiting-gmbh/senior-ai-ml-data-engineer-grunwald-129413,Senior AI / ML / Data Engineer (m/w/d)
64,https://www.arbeitnow.com/jobs/companies/fassbender-druck/mediengestalter-teilzeit-vormittags-befristet-elternzeitvertretung-legden-212365,"Mediengestalter (m/w/d) Teilzeit vormittags (befristet, Elternzeitvertretung)"
64,https://www.arbeitnow.com/jobs/companies/partspace-gmbh/it-projektleiter-saas-und-ki-it-consultant-deggendorf-348245,IT-Projektleiter SaaS und KI / IT-Consultant (m/w/d)
64,https://www.arbeitnow.com/jobs/companies/brandung-gmbh/senior-frontend-developer-cologne-356906,(Senior) Frontend Developer (w/m/d)
64,https://www.arbeitnow.com/jobs/companies/zweidigital-gmbh/werkstudent-motion-design-frankfurt-am-main-362021,Werkstudent (m/w/d) Motion Design
64,https://www.arbeitnow.com/jobs/companies/cloud-manta-gmbh/senior-private-cloud-consultant-mit-schwerpunkt-proxmox-kubernetes-munich-84200,Senior Private Cloud Consultant mit Schwerpunkt Proxmox/Kubernetes (m/w/d)
64,https://www.arbeitnow.com/jobs/companies/digital-associates-gmbh/remote-sap-fullstack-entwickler-deutschsprachig-berlin-499837,REMOTE SAP Fullstack-Entwickler deutschsprachig
64,https://www.arbeitnow.com/jobs/companies/bbv-domke-gmbh-co-kg/werkstudentin-webdeveloperin-in-prasenz-niederkassel-122875,Werkstudent*in Webdeveloper*in (m/w/d) in Präsenz
64,https://www.arbeitnow.com/jobs/companies/everflow-excellence-gmbh/copywriter-werbetexter-home-office-remote-munich-342775,Copywriter / Werbetexter (m/w/d) - Home Office / Remote
64,https://www.arbeitnow.com/jobs/companies/mr-mobile-robots/werkstudentin-service-robotik-technischer-service-meinerzhagen-262410,Werkstudent:in (M/W/D) - Service-Robotik / Technischer Service
64,https://www.arbeitnow.com/jobs/companies/heimat-software-gmbh/praktikantin-marketing-growth-stuttgart-222767,Praktikant:in Marketing & Growth (m/w/d)
64,https://www.arbeitnow.com/jobs/companies/everflow-excellence-gmbh/social-media-marketing-mitarbeiter-home-office-remote-munich-213679,Social Media Marketing Mitarbeiter (m/w/d) - Home Office / Remote
64,https://www.arbeitnow.com/jobs/companies/ingenieurburo-verena-berndt/werkstudentin-technische-systemplanung-tga-planung-weilheim-an-der-teck-348813,WerkstudentIn Technische Systemplanung & TGA-Planung (m/w/d)
64,https://www.arbeitnow.com/jobs/companies/aitad-gmbh/duales-studium-bwl-dienstleistungsmanagement-schwerpunkt-media-vertrieb-und-kommunikation-offenburg-349587,"Duales Studium BWL-Dienstleistungsmanagement Schwerpunkt Media, Vertrieb und Kommunikation (m/w/d)"
64,https://www.arbeitnow.com/jobs/companies/pexon-consulting-gmbh/software-developer-fur-ki-projekte-berlin-17604,Software Developer für KI-Projekte (m/w/d)
64,https://www.arbeitnow.com/jobs/companies/moysies-partners-gmbh/werkstudent-low-code-development-hamburg-51956,Werkstudent Low Code Development (m/w/d)
64,https://www.arbeitnow.com/jobs/companies/riverstate-premium-recruiting/schadlingsbekampfer-in-teilzeit-1875-2250-eur-monat-dienstwagen-zur-privatnutzung-rastatt-130374,Schädlingsbekämpfer (m/w/d) in TEILZEIT | 1.875 - 2.250 €/Monat + Dienstwagen zur Privatnutzung
64,https://www.arbeitnow.com/jobs/companies/thermotec-ag/spezialist-marketing-arnsdorf-230357,Spezialist Marketing (m/w/d)
64,https://www.arbeitnow.com/jobs/companies/gs-it-group-gmbh/delphi-softwareentwickler-diepholz-42563,Delphi Softwareentwickler (m/w/d)
64,https://www.arbeitnow.com/jobs/companies/kirchner-kommunikation-und-marketing-gmbh/social-media-manager-content-creator-bunde-314998,Social Media Manager & Content Creator (m/w/d)
64,https://www.arbeitnow.com/jobs/companies/thermotec-ag/fachspezialist-digitales-projektmanagement-arnsdorf-468633,Fachspezialist Digitales Projektmanagement (m/w/d)
64,https://www.arbeitnow.com/jobs/companies/dataclue-gmbh/consultant-senior-consultant-strategy-data-grunwald-124028,Consultant / Senior Consultant - Strategy & Data (m/w/d)
64,https://www.arbeitnow.com/jobs/companies/nti-deutschland-gmbh/marketing-assistenz-villingen-schwenningen-153301,Marketing-Assistenz (m/w/d)
64,https://www.arbeitnow.com/jobs/companies/sanovio/ai-engineering-intern-munchen-300579,AI Engineering Intern
64,https://www.arbeitnow.com/jobs/companies/novel/senior-software-engineer-mit-technischer-verantwortung-munich-82894,Senior Software Engineer mit technischer Verantwortung (m/w/d)
64,https://www.arbeitnow.com/jobs/companies/paintgun/ad-creative-strategist-freelance-berlin-40812,Ad Creative Strategist (Freelance)
64,https://www.arbeitnow.com/jobs/companies/studivents-ug-haftungsbeschrankt/social-media-marketing-manager-host-minijob-teilzeit-werkstudent-freelance-munich-381929,Social Media Marketing Manager & Host (Minijob / Teilzeit / Werkstudent / Freelance) (m/w/d)
64,https://www.arbeitnow.com/jobs/companies/strategiep-personalberatung/geschaftsleitung-produktstrategie-innovation-bremen-87569,Geschäftsleitung (w/m/d) Produktstrategie & Innovation
64,https://www.arbeitnow.com/jobs/companies/strategiep-personalberatung/projektleiter-it-bremen-48574,Projektleiter IT (w/m/d)
64,https://www.arbeitnow.com/jobs/companies/strategiep-personalberatung/produktmanager-dichtungssysteme-bremen-102040,Produktmanager (w/m/d) Dichtungssysteme
64,https://www.arbeitnow.com/jobs/companies/sparrks/people-organizational-development-customer-success-praktikantin-berlin-482828,People & Organizational Development - Customer Success - Praktikant*in (w/m/d)
64,https://www.arbeitnow.com/jobs/companies/pvmarktplatzde/sales-manager-photovoltaik-stuttgart-168472,Sales Manager (m/w/d) Photovoltaik
64,https://www.arbeitnow.com/jobs/companies/maass-coaching-and-consulting/personalsachbearbeitung-personalleitung-landshut-429557,Personalsachbearbeitung/Personalleitung
64,https://www.arbeitnow.com/jobs/companies/overtake-gmbh/it-web-administrator-cologne-446612,IT & Web Administrator
64,https://www.arbeitnow.com/jobs/companies/grashoff-schumm-mc-gmbh-co-kg/senior-projektmanager-sap-s-4hana-transformation-bielefeld-78559,Senior Projektmanager SAP S/4HANA Transformation (m/w/d)
64,https://www.arbeitnow.com/jobs/companies/neumuller-unternehmensgruppe/future-hr-leader-werkstudent-hr-nuremberg-443902,Future HR Leader - Werkstudent HR (m/w/d)
64,https://www.arbeitnow.com/jobs/companies/drsimonsavas-ingenieurgesellschaft-mbh/praktikant-bau-und-immobilienmanagement-frankfurt-am-main-445227,Praktikant Bau- und Immobilienmanagement (m/w/d)
65,https://www.arbeitnow.com/jobs/companies/sirius-facilities-gmbh/regional-development-manager-everyone-is-welcome-hoch-ausbau-fur-bestandsimmobilien-gewerbeparks-region-frankfurt-mitte-frankfurt-am-main-263840,Regional Development Manager (everyone is welcome) Hoch-/Ausbau für Bestandsimmobilien/Gewerbeparks - Region Frankfurt/Mitte
65,https://www.arbeitnow.com/jobs/companies/zalion/platform-engineer-munich-16827,Platform Engineer
65,https://www.arbeitnow.com/jobs/companies/pluginenergy-gmbh/werkstudent-customer-support-erneuerbare-energien-glatten-112974,Werkstudent Customer Support Erneuerbare Energien (m/w/d)
65,https://www.arbeitnow.com/jobs/companies/autohaus-royal-gmbh/senior-backend-developer-berlin-289027,Senior-Backend-Developer (m/w/d)
65,https://www.arbeitnow.com/jobs/companies/edvxpert-gmbh/ausbildung-fachinformatiker-systemintegration-2026-weitefeld-178377,Ausbildung Fachinformatiker - Systemintegration (m/w/d) 2026
65,https://www.arbeitnow.com/jobs/companies/bienek-feinmechanik-gmbh/qualitatsprufer-in-der-zerspanung-wedel-308690,Qualitätsprüfer in der Zerspanung (m/w/d)
65,https://www.arbeitnow.com/jobs/companies/bit-technology-solutions-gmbh/werkstudent-marketing-sales-munich-379226,Werkstudent Marketing & Sales
65,https://www.arbeitnow.com/jobs/companies/farbraum-vision-gmbh/social-media-creator-vor-der-kamera-ugc-video-content-freiberuflich-paderborn-264098,"Social-Media-Creator vor der Kamera (UGC / Video-Content, freiberuflich)"
65,https://www.arbeitnow.com/jobs/companies/roger/customer-success-managerin-fur-dental-startup-hybrid-remote-berlin-133700,Customer Success Manager:in für Dental Startup - hybrid/remote (m/w/d)
65,https://www.arbeitnow.com/jobs/companies/cpu-consulting-software-gmbh/full-stack-entwickler-munster-473038,Full-Stack Entwickler (m/w/d)
65,https://www.arbeitnow.com/jobs/companies/reboot-mobility-gmbh/werkstudent-full-stack-entwicklung-20h-woche-blankenheim-445411,Werkstudent (m/w/d) - Full-Stack Entwicklung (20h/Woche)
65,https://www.arbeitnow.com/jobs/companies/alexander-verweyen-business-consultants-gmbh/projektmanager-in-von-trainings-und-beratungsprojekten-grunwald-79437,Projektmanager/in (m/w/d) von Trainings- und Beratungsprojekten
65,https://www.arbeitnow.com/jobs/companies/works-kiefner-gmbh-cokg/it-technikerin-in-teilzeit-neckartenzlingen-215527,IT - Techniker:in (m/w/d) in Teilzeit
65,https://www.arbeitnow.com/jobs/companies/webmedia-solution-hilcher/mediengestalter-grafikdesigner-web-e-commerce-design-nebenjob-werkstudent-karlsbad-122953,Mediengestalter / Grafikdesigner Web & E-Commerce Design (Nebenjob / Werkstudent)
65,https://www.arbeitnow.com/jobs/companies/cdh-computing-gmbh/senior-system-engineer-infrastruktur-greven-440421,Senior System Engineer - Infrastruktur (w/m/d)
65,https://www.arbeitnow.com/jobs/companies/monika-moser-executive-search/leiter-konstruktion-herford-444161,Leiter Konstruktion (m/w/d)
65,https://www.arbeitnow.com/jobs/companies/amapharm-gmbh/werkstudent-it-operations-neunkirchen-108493,Werkstudent IT Operations (m/w/d)
65,https://www.arbeitnow.com/jobs/companies/bonventure/werkstudentin-kommunikation-marketing-munich-247617,Werkstudent:in (m/w/d) Kommunikation & Marketing
65,https://www.arbeitnow.com/jobs/companies/riverstate-premium-recruiting/zweiwege-baggerfahrer-42000-52000-eur-inkl-fahrerzulage-und-leistungszulagen-wesel-386195,Zweiwege-Baggerfahrer (m/w/d) | 42.000 - 52.000 € inkl. Fahrerzulage und Leistungszulagen
65,https://www.arbeitnow.com/jobs/companies/riverstate-premium-recruiting/zweiwege-baggerfahrer-42000-52000-eur-inkl-fahrerzulage-und-leistungszulagen-remagen-170283,Zweiwege-Baggerfahrer (m/w/d) | 42.000 - 52.000 € inkl. Fahrerzulage und Leistungszulagen
65,https://www.arbeitnow.com/jobs/companies/azureagency-gmbh/working-student-assistant-seedings-events-cologne-370096,Working Student | Assistant Seedings & Events (m/w/d)
65,https://www.arbeitnow.com/jobs/companies/opus/founding-engineer-berlin-244736,Founding Engineer
65,https://www.arbeitnow.com/jobs/companies/azureagency-gmbh/senior-artist-managerin-cologne-491698,Senior Artist Manager:in (m/w/d)
65,https://www.arbeitnow.com/jobs/companies/marketing-connect/videomanagerin-cologne-34491,Videomanager:in
65,https://www.arbeitnow.com/jobs/companies/physiopoly/praktikum-social-media-marketing-im-innovativen-startup-heilbronn-88702,Praktikum: Social-Media Marketing im innovativen Startup
65,https://www.arbeitnow.com/jobs/companies/players-for-good-ggmbh/cto-lead-developer-mit-impact-mindset-zunachst-als-ehrenamt-cologne-485772,CTO / Lead Developer (m/w/d) mit Impact Mindset - zunächst als Ehrenamt
65,https://www.arbeitnow.com/jobs/companies/hydr8-gmbh/werkstudentin-founders-associate-finance-operations-munich-467711,Werkstudent:in Founders Associate - Finance & Operations (w/m/d)
65,https://www.arbeitnow.com/jobs/companies/ab-in-die-cloud/it-administrator-in-ms365-in-hamburg-306840,IT-Administrator in MS365 in Hamburg m/w/d)
65,https://www.arbeitnow.com/jobs/companies/ist-gmbh-innovation-systems-technology/it-projektassistenz-kallmunz-413658,IT-Projektassistenz (m/w/d)
65,https://www.arbeitnow.com/jobs/companies/ist-gmbh-innovation-systems-technology/projektleitung-software-kallmunz-183591,Projektleitung Software (m/w/d)
65,https://www.arbeitnow.com/jobs/companies/ituma/it-projektmanager-fur-software-netzwerk-ende-zu-ende-losungen-hilden-424882,IT-Projektmanager für Software & Netzwerk Ende-zu-Ende-Lösungen
65,https://www.arbeitnow.com/jobs/companies/ilert-gmbh/senior-product-designer-agentic-ai-platform-cologne-303839,Senior Product Designer (f/m/x) - Agentic AI & Platform
65,https://www.arbeitnow.com/jobs/companies/stone-bridge-gmbh/ki-frontend-experience-engineer-neu-ulm-224643,KI-Frontend Experience Engineer (m/w/d)
65,https://www.arbeitnow.com/jobs/companies/flash-telemarketing-gmbh/callcenter-mitarbeiterin-quasselstrippe-gesucht-gommern-51527,Callcenter - Mitarbeiter:in / Quasselstrippe gesucht
65,https://www.arbeitnow.com/jobs/companies/mediacharge-gmbh/senior-paid-media-manager-munich-304005,Senior Paid Media Manager
65,https://www.arbeitnow.com/jobs/companies/ncp-engineering-gmbh/technical-product-owner-nuremberg-163891,Technical Product Owner (m/w/d)
65,https://www.arbeitnow.com/jobs/companies/go-company/ma-corporate-finance-analyst-m-w-d-standort-hamburg-210978,"M&A/ Corporate Finance Analyst (m/ w/ d), Standort Hamburg"
65,https://www.arbeitnow.com/jobs/companies/haiar-gmbh/werkstudentin-marketing-munster-42830,Werkstudent*in (m/w/d) - Marketing
65,https://www.arbeitnow.com/jobs/companies/pangoon/praktikum-kommunikation-marketing-berlin-21816,Praktikum Kommunikation & Marketing (m/w/d)
65,https://www.arbeitnow.com/jobs/companies/aufmaster-gmbh/werkstudent-marketing-visuals-brand-design-frankfurt-am-main-176660,Werkstudent - Marketing Visuals & Brand Design (m/w/d)
65,https://www.arbeitnow.com/jobs/companies/beilmann-marketing-gmbh/creative-strategist-fur-google-ads-100-remote-berlin-293360,Creative Strategist für Google Ads (m/w/d) - 100% remote
65,https://www.arbeitnow.com/jobs/companies/make-it-fix-gmbh/it-systemadministrator-berlin-431760,IT-Systemadministrator (f/m/d)
65,https://www.arbeitnow.com/jobs/companies/limebit-gmbh/data-science-machine-learning-for-life-science-berlin-259599,Data Science & Machine Learning for Life-Science (m/w/d)
65,https://www.arbeitnow.com/jobs/companies/unity-consulting-innovation/it-professional-senior-level-interne-it-infrastrukturentwicklung-buren-293374,IT-Professional * (Senior Level) - interne IT Infrastrukturentwicklung
65,https://www.arbeitnow.com/jobs/companies/ccure-geschaftsbereich-der-megamaris-gmbh/it-security-administrator-stuttgart-366561,IT-Security Administrator (m/w/d)
65,https://www.arbeitnow.com/jobs/companies/ccure-geschaftsbereich-der-megamaris-gmbh/information-security-specialist-hanover-314346,Information Security Specialist (m/w/d)
65,https://www.arbeitnow.com/jobs/companies/nextlevels-gmbh/shopware-6-entwickler-monchengladbach-495075,Shopware 6 Entwickler (m/w/d)
65,https://www.arbeitnow.com/jobs/companies/bls-media/international-partner-manager-all-gender-stralsund-190296,International Partner Manager (all-gender)
65,https://www.arbeitnow.com/jobs/companies/systhemis-ag/it-administrator-anwendungsbetreuer-wurzburg-453187,IT Administrator / Anwendungsbetreuer (m/w/d)
65,https://www.arbeitnow.com/jobs/companies/haferkamp-personal-u-projektmanagement-gmbh/steuerfachangestellter-oldenburg-258932,Steuerfachangestellter (m/w/d)
66,https://www.arbeitnow.com/jobs/companies/sp-seminare/web-content-operations-manager-unterfohring-422619,Web & Content Operations Manager (m/w/d)
66,https://www.arbeitnow.com/jobs/companies/sp-seminare/content-seo-conversion-manager-unterfohring-122903,"Content, SEO & Conversion Manager (m/w/d)"
66,https://www.arbeitnow.com/jobs/companies/schulz-cie-consulting-gmbh/compliance-analystin-munich-269954,Compliance Analyst*in (m/w/d)
66,https://www.arbeitnow.com/jobs/companies/haferkamp-personal-u-projektmanagement-gmbh/steuerberater-oldenburg-356358,Steuerberater (m/w/d)
66,https://www.arbeitnow.com/jobs/companies/haferkamp-personal-u-projektmanagement-gmbh/finanzbuchhalter-oldenburg-310094,Finanzbuchhalter (m/w/d)
66,https://www.arbeitnow.com/jobs/companies/weigl-nfz-service-gmbh/serviceassistentin-langenzenn-4113,Serviceassistent:in
66,https://www.arbeitnow.com/jobs/companies/parte-verwaltung-gmbh/weg-verwalter-immobilienverwalter-aachen-488639,WEG-Verwalter / Immobilienverwalter (m/w/d)
66,https://www.arbeitnow.com/jobs/companies/parte-verwaltung-gmbh/weg-verwalter-immobilienverwalter-witten-340006,WEG-Verwalter / Immobilienverwalter (m/w/d)
66,https://www.arbeitnow.com/jobs/companies/aurixus-gmbh-i-digitalcheckin-i-scriptomat/senior-customer-success-specialist-saas-remote-o-hybrid-vz-tz-garching-234917,"Senior Customer Success Specialist SaaS (m/w/d) Remote o. Hybrid, VZ/TZ"
66,https://www.arbeitnow.com/jobs/companies/hopn/unpaid-business-intenshipmultiple-positions-munich-346478,Unpaid Business Intenship(multiple positions)
66,https://www.arbeitnow.com/jobs/companies/akzente-retailservice-gmbh/projektmanagement-rakete-burglauer-483915,Projektmanagement-Rakete (M/W/D)
66,https://www.arbeitnow.com/jobs/companies/nextaudit/founders-associate-hiwi-fokus-financials-investor-readiness-aachen-474292,Founders Associate HIWI- Fokus Financials & Investor Readiness (w/m/d)
66,https://www.arbeitnow.com/jobs/companies/baumgartner-co-business-consultants-gmbh/senior-consultant-hr-compensation-benefits-hamburg-346110,Senior Consultant HR & Compensation / Benefits (m/w/d)
66,https://www.arbeitnow.com/jobs/companies/mgrp/senior-manager-it-strategie-cloud-frankfurt-am-main-496710,(Senior) Manager IT-Strategie & Cloud (m/w/d)
66,https://www.arbeitnow.com/jobs/companies/relyon-ag/automation-engineer-workflow-und-prozessautomatisierung-tubingen-221007,Automation Engineer (m/w/d) Workflow- und Prozessautomatisierung
66,https://www.arbeitnow.com/jobs/companies/solactive-ag/senior-index-analyst-qis-index-structuring-frankfurt-am-main-456872,Senior Index Analyst (m/f/d) QIS Index Structuring
66,https://www.arbeitnow.com/jobs/companies/mgrp/senior-manager-it-strategie-sourcing-frankfurt-am-main-329894,(Senior) Manager IT-Strategie & Sourcing (m/w/d)
66,https://www.arbeitnow.com/jobs/companies/solutions4performance-gmbh-co-kg/werkstudentin-data-science-ki-munster-276118,Werkstudent:in Data Science & KI (m/w/d)
66,https://www.arbeitnow.com/jobs/companies/autohandelsmarketing-werbeagentur-kammergruber-gmbh/ausbildung-zum-mediengestalter-digital-und-print-rosenheim-416531,Ausbildung zum Mediengestalter Digital und Print (m/w/d)
66,https://www.arbeitnow.com/jobs/companies/vdpconsulting-ag/senior-manager-consulting-banking-hamburg-237808,(Senior) Manager Consulting Banking (m/w/d)
66,https://www.arbeitnow.com/jobs/companies/gyde/head-of-customer-success-stuttgart-195930,Head of Customer Success (m/w/d)
66,https://www.arbeitnow.com/jobs/companies/k-tronik-gmbh/projektadministrator-fur-luftfahrt-programme-lindenberg-326149,Projektadministrator für Luftfahrt-Programme (m/w/d)
66,https://www.arbeitnow.com/jobs/companies/100-marketing-gmbh/pflichtpraktikum-kommunikationsdesign-mwd-wiesbaden-290856,Pflichtpraktikum Kommunikationsdesign (mwd)
66,https://www.arbeitnow.com/jobs/companies/gauder-gmbh/video-content-creator-brand-personality-social-media-berlin-422673,Video Content Creator & Brand Personality Social Media (m/w/d)
66,https://www.arbeitnow.com/jobs/companies/refresh-internet-gmbh/werkstudent-customer-happiness-siegen-458947,Werkstudent Customer Happiness (m/w/d)
66,https://www.arbeitnow.com/jobs/companies/warwick-gmbh-co-music-equipment-kg/konstrukteur-prozessingenieur-fur-fertigungstechnik-automation-markneukirchen-138629,Konstrukteur / Prozessingenieur für Fertigungstechnik & Automation (m/w/d)
66,https://www.arbeitnow.com/jobs/companies/pflegedienst-helfende-hande/praktikant-im-bereich-online-marketing-social-media-hamburg-388729,Praktikant (m/w/d) im Bereich Online Marketing & Social Media
66,https://www.arbeitnow.com/jobs/companies/typusai/ai-research-engineer-ml-researcher-cologne-358907,AI Research Engineer / ML Researcher.
66,https://www.arbeitnow.com/jobs/companies/autohaus-wegener/serviceassistenz-empfang-im-autohaus-berlin-britz-37055,Serviceassistenz / Empfang im Autohaus Berlin Britz (m/w/d)
66,https://www.arbeitnow.com/jobs/companies/franke-thomsen-projekt-und-baumanagement-gmbh/projektmanager-in-hochbau-hamburg-247009,Projektmanager/-in Hochbau (m/w/d)
66,https://www.arbeitnow.com/jobs/companies/dirk-abrahams-gmbh/mechatroniker-zetel-265333,Mechatroniker (m/w/d)
66,https://www.arbeitnow.com/jobs/companies/awi-consulting-gmbh/werkstudent-consulting-augsburg-101693,Werkstudent Consulting (m/w/d)
66,https://www.arbeitnow.com/jobs/companies/stadtwerk/job-chance-senior-full-stack-anwendungsentwicklerin-kiel-90239,Job-Chance: Senior Full Stack Anwendungsentwickler:in (m/w/d)
66,https://www.arbeitnow.com/jobs/companies/stadtwerk/werde-teil-von-deskbox-als-quality-assurance-engineer-kiel-384330,Werde Teil von desk:box als Quality Assurance Engineer (m/w/d)
66,https://www.arbeitnow.com/jobs/companies/hainke-computer-gmbh/it-techniker-it-systemadministrator-systemintegrator-leer-412803,IT-Techniker/ IT-Systemadministrator/ Systemintegrator (m/w/d)
66,https://www.arbeitnow.com/jobs/companies/routine-labs/senior-software-engineer-backend-llm-infrastructure-berlin-261035,Senior Software Engineer (Backend/LLM Infrastructure)
66,https://www.arbeitnow.com/jobs/companies/medialine-eurotrade-ag/it-supporttechniker-in-berlin-adlershof-466013,IT Supporttechniker (m/w/d) in Berlin Adlershof
66,https://www.arbeitnow.com/jobs/companies/wonder-waffel-berlin/buchhalterin-berlin-462557,Buchhalterin (m/w/d)
66,https://www.arbeitnow.com/jobs/companies/vdb-digital-gmbh/senior-seo-ai-search-manager-mw-d-osnabruck-58872,Senior SEO & AI Search Manager (m(w/d)
66,https://www.arbeitnow.com/jobs/companies/select-if-personalberatung/werkstudent-karriereberatung-coaching-und-marketing-kaarst-122603,"Werkstudent (m/w/d) - Karriereberatung, Coaching und Marketing"
66,https://www.arbeitnow.com/jobs/companies/rep-revenue-excellence-partners/teamlead-sdr-berlin-446242,Teamlead SDR (m/w/d)
66,https://www.arbeitnow.com/jobs/companies/dataclue-gmbh/business-analyst-junior-consultant-grunwald-406150,Business Analyst / Junior Consultant (m/w/d)
66,https://www.arbeitnow.com/jobs/companies/enecon-consulting-gmbh/senior-sap-abap-entwickler-fur-die-energiewirtschaft-dusseldorf-21225,Senior SAP ABAP Entwickler (m/w/d) für die Energiewirtschaft
66,https://www.arbeitnow.com/jobs/companies/enecon-consulting-gmbh/sap-consultant-in-der-energiewirtschaft-dusseldorf-295504,SAP Consultant in der Energiewirtschaft (m/w/d)
66,https://www.arbeitnow.com/jobs/companies/pflegehelden-franchise-gmbh/geschaftsfuhrer-quereinsteiger-franchise-partner-franchise-nehmer-selbststandiger-unternehmer-fur-den-standort-leipzig-170172,Geschäftsführer / Quereinsteiger / Franchise-Partner / Franchise-Nehmer / Selbstständiger / Unternehmer für den Standort Leipzig m/w/d)
66,https://www.arbeitnow.com/jobs/companies/pflegehelden-franchise-gmbh/geschaftsfuhrer-quereinsteiger-franchise-partner-franchise-nehmer-selbststandiger-unternehmer-fur-den-standort-aachen-430997,Geschäftsführer / Quereinsteiger / Franchise-Partner / Franchise-Nehmer / Selbstständiger / Unternehmer für den Standort Aachen (m/w/d)
66,https://www.arbeitnow.com/jobs/companies/evoila-frankfurt-gmbh/cloud-foundation-engineer-senior-consultant-oder-architect-vmware-frankfurt-am-main-275729,"Cloud Foundation Engineer, Senior Consultant oder Architect (m/w/d)- VMWare"
66,https://www.arbeitnow.com/jobs/companies/netconnection-gmbh/aussendienst-automobil-fotograf-berlin-126224,Außendienst Automobil-Fotograf (m/w/d)
66,https://www.arbeitnow.com/jobs/companies/select-if-personalberatung/praktikant-content-kommunikation-mit-schwerpunkt-blog-kaarst-469742,Praktikant (m/w/d) - Content & Kommunikation mit Schwerpunkt Blog
66,https://www.arbeitnow.com/jobs/companies/zwf-digitale-informationstechnologie-gmbh/technikerin-elektrotechnik-nachrichtentechnik-fur-kommunikations-und-funktechnik-saarbrucken-114517,TechnikerIN Elektrotechnik / Nachrichtentechnik (m/w/d) für Kommunikations- und Funktechnik
67,https://www.arbeitnow.com/jobs/companies/fairsource/devops-kubernetes-consultant-m-w-d-munich-468378,DevOps / Kubernetes Consultant (m(/w/d)
67,https://www.arbeitnow.com/jobs/companies/schutzschild-bewachungsgesellschaft-mbh/sachbearbeiterin-buchhaltung-verwaltung-vollzeit-in-gummersbach-498287,Sachbearbeiter*in Buchhaltung & Verwaltung (m/w/d) Vollzeit in Gummersbach
67,https://www.arbeitnow.com/jobs/companies/1komma50/principal-energy-process-strategy-berlin-428053,Principal Energy Process & Strategy (m/f/d)
67,https://www.arbeitnow.com/jobs/companies/ode-international-gmbh/trainee-vertrieb-marketing-berlin-425571,Trainee Vertrieb & Marketing (m/w/d)
67,https://www.arbeitnow.com/jobs/companies/mobile-function-gmbh/solution-consultant-digitalisierung-villingen-schwenningen-380706,Solution Consultant Digitalisierung (m/w/d)
67,https://www.arbeitnow.com/jobs/companies/first-momentum-ventures/venture-scout-remote-in-europe-munich-170102,Venture Scout (Remote in Europe)
67,https://www.arbeitnow.com/jobs/companies/pfp-privatefinancepartners-gmbh/werkstudentin-support-financial-consulting-heidelberg-136330,Werkstudent:in (m/w/d) Support Financial Consulting
67,https://www.arbeitnow.com/jobs/companies/trustinmedia-gmbh/studentisches-pflichtpraktikum-marketing-webdesign-koblenz-92746,Studentisches Pflichtpraktikum Marketing & Webdesign (m/w/d)
67,https://www.arbeitnow.com/jobs/companies/trustinmedia-gmbh/studentisches-pflichtpraktikum-social-media-koblenz-488900,Studentisches Pflichtpraktikum Social Media (m/w/d)
67,https://www.arbeitnow.com/jobs/companies/zalion/full-stack-ai-engineer-munich-289660,Full Stack AI Engineer
67,https://www.arbeitnow.com/jobs/companies/ingenieurburo-spettmann-kahr/projektingenieurin-lippstadt-111076,Projektingenieur:in (m/w/d)
67,https://www.arbeitnow.com/jobs/companies/finperks-gmbh/infrastructure-engineer-mid-senior-level-aws-kubernetes-berlin-394397,"Infrastructure Engineer (f/m/d) Mid-Senior Level - AWS, Kubernetes"
67,https://www.arbeitnow.com/jobs/companies/intellux-consulting-gmbh/senior-consultant-sap-development-osnabruck-158075,Senior Consultant (m/w/d) SAP Development
67,https://www.arbeitnow.com/jobs/companies/una-health/senior-staff-lead-product-desiger-digital-health-berlin-350784,Senior / Staff / Lead Product Designer (m/f/x) - Digital Health
67,https://www.arbeitnow.com/jobs/companies/fourenergy-gmbh/senior-devops-mit-fokus-operations-berlin-134459,(Senior) DevOps mit Fokus Operations (m/w/d)
67,https://www.arbeitnow.com/jobs/companies/ambivalenz/praktikant-in-produkt-und-interior-design-berlin-198213,Praktikant/in Produkt- und Interior-Design (m/w/d)
67,https://www.arbeitnow.com/jobs/companies/meyerdierks-consulting-gmbh/technischer-inspektor-duisburg-275285,Technischer Inspektor (m/w/d)
67,https://www.arbeitnow.com/jobs/companies/invictus-lead-generation-gmbh/kommunikationsdesigner-fur-standort-berlin-351132,Kommunikationsdesigner (M/W/D) Für Standort Berlin
67,https://www.arbeitnow.com/jobs/companies/codepipe-gmbh/software-entwickler-full-stack-bonn-337065,Software-Entwickler Full-Stack
67,https://www.arbeitnow.com/jobs/companies/kruger-media-gmbh/senior-public-relations-managerin-wie-du-bist-berlin-96804,Senior Public Relations Manager:in (wie/du/bist)
67,https://www.arbeitnow.com/jobs/companies/planet-a/chief-of-staff-berlin-236622,Chief of Staff (m/f/d)
67,https://www.arbeitnow.com/jobs/companies/oldenburger-media-gmbh/account-online-marketing-manager-dusseldorf-431801,Account-/ Online-Marketing Manager (m/w/d)
67,https://www.arbeitnow.com/jobs/companies/inuru/automation-engineer-in-berlin-germany-226878,"Automation Engineer In Berlin, Germany (M/F/D)"
67,https://www.arbeitnow.com/jobs/companies/horbach-wirtschaftsberatung-dresden-finanzplanung-fur-akademiker/start-im-consulting-dresden-3740,Start im Consulting (m/w/d)
67,https://www.arbeitnow.com/jobs/companies/druckerteam-gmbh/kaufmannische-hilfskraft-fur-online-shop-marketingunterstutzung-althengstett-410765,Kaufmännische Hilfskraft (m/w/d) für Online-Shop & Marketingunterstützung
67,https://www.arbeitnow.com/jobs/companies/e-farm/paid-erasmus-hr-people-experience-internship-hamburg-462271,Paid Erasmus+ HR & People Experience Internship
67,https://www.arbeitnow.com/jobs/companies/sirius-facilities-gmbh/stellvertretende-teamleitung-meeting-room-sales-everyone-is-welcome-berlin-156961,Stellvertretende Teamleitung Meeting Room Sales (everyone is welcome)
67,https://www.arbeitnow.com/jobs/companies/yourxpert/praktikantin-online-marketing-im-legal-tech-100-remote-freiburg-im-breisgau-302411,Praktikant*in - Online-Marketing im Legal Tech - 100 % Remote
67,https://www.arbeitnow.com/jobs/companies/ticketpay-europe-gmbh/technischer-account-manager-ticketing-x-hamm-275490,Technischer Account Manager Ticketing (m/w/d/x)
67,https://www.arbeitnow.com/jobs/companies/ticketpay-europe-gmbh/junior-solution-architekt-x-hamm-292729,Junior Solution Architekt (m/w/d/x)
67,https://www.arbeitnow.com/jobs/companies/sattler-media-gmbh/hr-administrator-entgelt-barleben-57146,HR-Administrator (m/w/d) Entgelt
67,https://www.arbeitnow.com/jobs/companies/weat-electronic-datenservice-gmbh/teamlead-it-koordination-dusseldorf-316910,Teamlead IT-Koordination (m/w/d)
67,https://www.arbeitnow.com/jobs/companies/heimplanet/werkstudentin-minijob-im-customer-service-all-genders-hamburg-146822,Werkstudent*in / Minijob im Customer Service (all genders)
67,https://www.arbeitnow.com/jobs/companies/public-cloud-group-gmbh/senior-google-workspace-engineer-magstadt-495704,Senior Google Workspace Engineer (m/w/d)
67,https://www.arbeitnow.com/jobs/companies/heatmanager-gmbh/werkstudent-softwareentwicklung-iot-und-energiemanagement-frankfurt-am-main-352913,Werkstudent - Softwareentwicklung IoT und Energiemanagement (m/w/d)
67,https://www.arbeitnow.com/jobs/companies/pp-handelsgesellschaft-mbh/programmiererin-lobau-459842,Programmierer:in
67,https://www.arbeitnow.com/jobs/companies/socialsweethearts/working-student-ai-content-editor-focused-on-african-american-audience-wuppertal-396817,Working Student - AI Content Editor focused on African-American audience
67,https://www.arbeitnow.com/jobs/companies/socialsweethearts/working-student-ai-content-editor-focused-on-african-american-audience-leverkusen-56250,Working Student - AI Content Editor focused on African-American audience
67,https://www.arbeitnow.com/jobs/companies/socialsweethearts/working-student-ai-content-editor-focused-on-african-american-audience-dortmund-399995,Working Student - AI Content Editor focused on African-American audience
67,https://www.arbeitnow.com/jobs/companies/socialsweethearts/working-student-ai-content-editor-focused-on-african-american-audience-dusseldorf-175636,Working Student - AI Content Editor focused on African-American audience
67,https://www.arbeitnow.com/jobs/companies/socialsweethearts/working-student-ai-content-editor-focused-on-african-american-audience-bonn-123375,Working Student - AI Content Editor focused on African-American audience
67,https://www.arbeitnow.com/jobs/companies/socialsweethearts/working-student-ai-content-editor-focused-on-african-american-audience-cologne-344264,Working Student - AI Content Editor focused on African-American audience
67,https://www.arbeitnow.com/jobs/companies/intercon-solutions-gmbh/systems-engineer-und-devops-specialist-hamburg-249662,Systems Engineer und DevOps Specialist (m/w/d)
67,https://www.arbeitnow.com/jobs/companies/intercon-solutions-gmbh/systems-engineer-und-devops-specialist-hamburg-422853,Systems Engineer und DevOps Specialist (m/w/d)
67,https://www.arbeitnow.com/jobs/companies/vapiano-monchengladbach/stellvertretende-restaurantleitung-monchengladbach-365166,Stellvertretende Restaurantleitung (m/w/d)
67,https://www.arbeitnow.com/jobs/companies/egs-plan-ingenieurgesellschaft-fur-energie-gebaude-und-solartechnik-mbh/studium-mit-erweiterter-praxis-praktikum-praxissemester-werkstudent-oder-abschlussarbeit-stuttgart-16172,Studium mit erweiterter Praxis Praktikum / Praxissemester / Werkstudent oder Abschlussarbeit
67,https://www.arbeitnow.com/jobs/companies/bernsteinreiter-erlebnisreiterhofe/mitarbeiter-in-buchhaltung-und-controlling-ribnitz-damgarten-352181,Mitarbeiter/in Buchhaltung und Controlling
67,https://www.arbeitnow.com/jobs/companies/maxplus-advertising-gmbh/trainee-influencer-marketing-wiesbaden-463071,Trainee (m/w/d) - Influencer Marketing
67,https://www.arbeitnow.com/jobs/companies/moonscale/marketing-praktikantin-werkstudentin-munich-252760,Marketing Praktikant:in / Werkstudent:in
67,https://www.arbeitnow.com/jobs/companies/feldenergy-gmbh/technischer-projektmanager-erneuerbare-energien-munich-142739,Technischer Projektmanager (m/w/d) Erneuerbare Energien
68,https://www.arbeitnow.com/jobs/companies/ccure-geschaftsbereich-der-megamaris-gmbh/information-security-expert-erfurt-495898,Information Security Expert (m/w/d)
68,https://www.arbeitnow.com/jobs/companies/extra-bold-design-gmbh/mediengestalterin-packaging-emstek-88540,Mediengestalter:in Packaging
68,https://www.arbeitnow.com/jobs/companies/besthead-executive-hunting/senior-sales-expert-finanzdienstleistung-all-genders-berlin-470817,Senior Sales Expert - Finanzdienstleistung - (all genders)
68,https://www.arbeitnow.com/jobs/companies/fincon-mkl/vertriebsassistenz-unterstutzung-in-der-datenaufnahme-regensburg-44156,Vertriebsassistenz & Unterstützung in der Datenaufnahme (m/w/d)
68,https://www.arbeitnow.com/jobs/companies/goodright-gmbh/praktikantin-fur-marketing-social-media-management-hanover-9141,Praktikant:in (m/w/d) für Marketing/Social Media Management
68,https://www.arbeitnow.com/jobs/companies/aconnic/teamleiter-qualitatssicherung-hartmannsdorf-74474,Teamleiter Qualitätssicherung (m/w/d)
68,https://www.arbeitnow.com/jobs/companies/onest/praktikum-social-media-content-konstanz-415949,Praktikum Social Media Content
68,https://www.arbeitnow.com/jobs/companies/datasolid-gmbh/plm-consultant-schwerpunkt-siemens-teamcenter-monchengladbach-161233,PLM Consultant (m/w/d) - Schwerpunkt Siemens Teamcenter
68,https://www.arbeitnow.com/jobs/companies/datasolid-gmbh/cad-trainer-siemens-nx-monchengladbach-201227,CAD-Trainer (m/w/d) - Siemens NX
68,https://www.arbeitnow.com/jobs/companies/fc-viktoria-1889-berlin-frauen-fussball-gmbh/praktikum-business-development-berlin-376315,PRAKTIKUM // Business Development
68,https://www.arbeitnow.com/jobs/companies/intercon-solutions-gmbh/deine-neue-crew-fur-windows-linux-alles-dazwischen-it-administrator-hamburg-130883,"Deine neue Crew für Windows, Linux & alles dazwischen! IT-Administrator (m/w/d)"
68,https://www.arbeitnow.com/jobs/companies/ccure-geschaftsbereich-der-megamaris-gmbh/it-security-management-cologne-204415,IT Security Management (m/w/d)
68,https://www.arbeitnow.com/jobs/companies/tilko-gmbh/it-support-techniker-mannheim-435281,IT Support Techniker (m/w/d)
68,https://www.arbeitnow.com/jobs/companies/agex-it-gmbh/tester-python-sil-2-in-braunschweig-gesucht-ref-nr-4061-253351,Tester Python (SIL 2) (w/m/d) in Braunschweig gesucht! ref. Nr. 4061!
68,https://www.arbeitnow.com/jobs/companies/mobile-function-gmbh/senior-frontend-entwickler-villingen-schwenningen-112452,Senior Frontend Entwickler (m/w/d)
68,https://www.arbeitnow.com/jobs/companies/clc-xinteg-gmbh/sap-technology-platform-entwickler-60-homeoffice-moglich-in-66450-bexbach-402184,SAP Technology Platform Entwickler (m/w/d) | 60% Homeoffice möglich in 66450 Bexbach
68,https://www.arbeitnow.com/jobs/companies/aft-forderanlagen-bautzen-gmbh-co-kg/anlagenplaner-fur-fordertechnische-anlagen-bautzen-11131,Anlagenplaner für fördertechnische Anlagen (m/w/d)
68,https://www.arbeitnow.com/jobs/companies/orthopadie-und-unfallpraxis-dukpa/medizinische-fachangestellte-berlin-68855,Medizinische Fachangestellte
68,https://www.arbeitnow.com/jobs/companies/pentapart-gmbh/associate-consultant-restrukturierung-ma-corporate-finance-essen-464253,Associate/Consultant - Restrukturierung · M&A · Corporate Finance
68,https://www.arbeitnow.com/jobs/companies/roemer-capital-gmbh/investment-analyst-investment-ma-fundraising-advisory-vollzeit-dusseldorf-52237,"Investment Analyst - Investment, M&A & Fundraising Advisory - Vollzeit (w/m/d)"
68,https://www.arbeitnow.com/jobs/companies/cbe-digiden-ag/projektmanager-digitale-kommunikation-berlin-176503,Projektmanager Digitale Kommunikation (m/w/d)
68,https://www.arbeitnow.com/jobs/companies/marador/personalsachbearbeiter-gutersloh-111231,Personalsachbearbeiter (m/w/d)
68,https://www.arbeitnow.com/jobs/companies/logistica-os/founding-engineer-berlin-95054,Founding Engineer
68,https://www.arbeitnow.com/jobs/companies/sancovia-gruppe/manager-transaction-services-frankfurt-am-main-262707,Manager - Transaction Services (m/w/d)
68,https://www.arbeitnow.com/jobs/companies/dfrost-retail-identity/pflichtpraktikum-design-ab-marz-2027-stuttgart-100964,Pflichtpraktikum Design Ab März 2027 (W/M/D)
68,https://www.arbeitnow.com/jobs/companies/plantura-gmbh/praktikantin-content-management-seo-munich-90567,Praktikant:in Content Management & SEO (f/m/d)
68,https://www.arbeitnow.com/jobs/companies/luna-park-gmbh-digital-marketing-agentur/trainee-digital-marketing-performance-advertising-cologne-21938,Trainee Digital Marketing & Performance Advertising (m/w/d)
68,https://www.arbeitnow.com/jobs/companies/herzen-fur-eine-neue-welt-ev/fundraiser-in-konigstein-im-taunus-305037,Fundraiser/in (m/w/d)
68,https://www.arbeitnow.com/jobs/companies/scire-design/mediengestalterin-ludwigshafen-209758,Mediengestalter:in
68,https://www.arbeitnow.com/jobs/companies/volentum-deutschland-gmbh/stv-bereichsleitung-after-sales-goslar-444084,Stv. Bereichsleitung After Sales (m/w/d)
68,https://www.arbeitnow.com/jobs/companies/industrial-application-software-gmbh/finanzbuchhalter-bilanzbuchhalter-im-accounting-karlsruhe-242738,Finanzbuchhalter / Bilanzbuchhalter (m/w/d) im Accounting
68,https://www.arbeitnow.com/jobs/companies/adamicus-gmbh/senior-sea-manager-munich-439606,SENIOR SEA MANAGER (M/W/D)
68,https://www.arbeitnow.com/jobs/companies/solvenio-gmbh/consultant-citrix-azure-munich-498614,Consultant Citrix / Azure
68,https://www.arbeitnow.com/jobs/companies/agc-gruppe/werkstudent-studentische-hilfskraft-umweltingenieur-bauingenieur-marburg-456586,Werkstudent / Studentische Hilfskraft (m/w/d) - (Umweltingenieur/Bauingenieur)
68,https://www.arbeitnow.com/jobs/companies/mayflower-gmbh/software-entwicklerin-mit-schwerpunkt-genai-munich-443625,Software Entwickler:in mit Schwerpunkt GenAI
68,https://www.arbeitnow.com/jobs/companies/moyn-media-gmbh/junior-social-media-content-managerin-cologne-310731,(Junior) Social Media & Content Manager:in (w/m/d)
68,https://www.arbeitnow.com/jobs/companies/heimplanet/praktikantin-performance-marketing-meta-ads-all-genders-bezahltes-pflichtpraktikum-6-monate-hamburg-33758,Praktikant*in Performance Marketing (Meta Ads) (all genders) bezahltes Pflichtpraktikum (6 Monate)
68,https://www.arbeitnow.com/jobs/companies/soring-gmbh/product-manager-ultrasonic-surgery-quickborn-131170,Product Manager (m/w/d) - Ultrasonic Surgery
68,https://www.arbeitnow.com/jobs/companies/deep-media-technologies/junior-kundenberater-digitales-marketing-all-genders-stuttgart-454869,(Junior) Kundenberater Digitales Marketing (all genders)
68,https://www.arbeitnow.com/jobs/companies/nfon/software-engineer-all-genders-munich-81075,Software Engineer (all genders)
68,https://www.arbeitnow.com/jobs/companies/intermate-media-gmbh/initiativbewerbung-berlin-62262,Initiativbewerbung
68,https://www.arbeitnow.com/jobs/companies/arvana/gtm-engineer-berlin-81669,GTM Engineer (m/w/d)
68,https://www.arbeitnow.com/jobs/companies/mayflower-gmbh/software-entwicklerin-mit-schwerpunkt-genai-wurzburg-80985,Software Entwickler:in mit Schwerpunkt GenAI
68,https://www.arbeitnow.com/jobs/companies/fairforceone/artificial-intelligence-specialist-leipzig-377186,Artificial Intelligence Specialist
68,https://www.arbeitnow.com/jobs/companies/scaleon-gmbh/praktikant-management-consulting-berlin-275992,Praktikant Management Consulting (w/m/d)
68,https://www.arbeitnow.com/jobs/companies/waldemar-link-gmbh-co-kg/werkstudent-business-intelligence-data-analytics-norderstedt-20447,Werkstudent Business Intelligence & Data Analytics (m/w/d)
68,https://www.arbeitnow.com/jobs/companies/smai-solutions-gmbh-stefanmuellerai/webentwickler-in-vollzeit-neu-ulm-415338,Webentwickler/-in - Vollzeit (m/w/d)
68,https://www.arbeitnow.com/jobs/companies/smai-solutions-gmbh-stefanmuellerai/no-code-low-code-automatisierungsexperte-vollzeit-neu-ulm-146336,No-Code / Low-Code Automatisierungsexperte - Vollzeit (m/w/d)
68,https://www.arbeitnow.com/jobs/companies/baesh-social-ug/content-media-lead-core-team-rolle-mit-unternehmensanteilen-berlin-196960,"Content & Media Lead - Core-Team-Rolle mit Unternehmensanteilen, Berlin"
68,https://www.arbeitnow.com/jobs/companies/1komma50/internship-global-product-management-hardware-ai-enablement-berlin-195030,Internship Global Product Management Hardware & AI Enablement (m/w/d)
69,https://www.arbeitnow.com/jobs/companies/evo-fitness/performance-marketing-manager-meta-google-ads-munich-268703,Performance Marketing Manager (M/W/D) – Meta & Google Ads
69,https://www.arbeitnow.com/jobs/companies/the-good-caf-gmbh/praktikum-online-marketing-social-media-influencer-marketing-erfurt-243647,Praktikum Online Marketing / Social Media & Influencer Marketing (m/w/d)
69,https://www.arbeitnow.com/jobs/companies/truckscout24/werkstudent-hr-recruiting-truckscout24-essen-87265,Werkstudent HR & Recruiting (m/w/d) TruckScout24
69,https://www.arbeitnow.com/jobs/companies/machineseeker-group-gmbh/werkstudent-hr-recruiting-essen-283368,Werkstudent HR & Recruiting (m/w/d)
69,https://www.arbeitnow.com/jobs/companies/brighter-ai-technologies-gmbh/principal-solution-architect-presales-lead-ai-berlin-305293,Principal Solution Architect - Presales Lead AI (m/w/d)
69,https://www.arbeitnow.com/jobs/companies/aufgesang-gmbh/praktikum-online-marketing-hanover-71426,PRAKTIKUM ONLINE-MARKETING
69,https://www.arbeitnow.com/jobs/companies/arcode-systems/devops-engineer-standort-bamberg-frankfurt-berlin-32126,DevOps Engineer (w/m/d) - Standort Bamberg / Frankfurt / Berlin
69,https://www.arbeitnow.com/jobs/companies/pfp-privatefinancepartners-gmbh/praktikum-financial-consulting-junior-consultant-frankfurt-am-main-289195,Praktikum Financial Consulting / Junior Consultant (m/w/d)
69,https://www.arbeitnow.com/jobs/companies/senergic/projektmanager-fur-photovoltaik-bei-neasol-dormagen-426280,Projektmanager (m/w/d) für Photovoltaik bei neaSOL
69,https://www.arbeitnow.com/jobs/companies/pfp-privatefinancepartners-gmbh/werkstudentin-support-financial-consulting-frankfurt-am-main-387404,Werkstudent:in (m/w/d) Support Financial Consulting
69,https://www.arbeitnow.com/jobs/companies/limitd-by-wunderproducts-gmbh/founders-associate-internship-berlin-322050,Founders Associate Internship (m/w/d)
69,https://www.arbeitnow.com/jobs/companies/1komma50/senior-experte-energiewirtschaft-marktkommunikation-berlin-328723,(Senior) Experte Energiewirtschaft / Marktkommunikation (m/w/d)
69,https://www.arbeitnow.com/jobs/companies/nova-post-de-gmbh/marketing-manager-managerin-berlin-47537,Marketing Manager - Managerin (m/w/d)
69,https://www.arbeitnow.com/jobs/companies/alphaling-gmbh/dolmetscher-und-ubersetzer-in-leipzig-warendorf-219266,Dolmetscher und Übersetzer (m/w/d) in Leipzig
69,https://www.arbeitnow.com/jobs/companies/alphaling-gmbh/dolmetscher-und-ubersetzer-in-ganz-nrw-gesucht-warendorf-429333,Dolmetscher und Übersetzer (m/w/d) in Ganz NRW gesucht
69,https://www.arbeitnow.com/jobs/companies/anear/werkstudent-mobile-developer-munich-334539,Werkstudent - Mobile Developer
69,https://www.arbeitnow.com/jobs/companies/oval-germany-gmbh/initiativbewerbung-creation-berlin-499170,Initiativbewerbung - Creation
69,https://www.arbeitnow.com/jobs/companies/wiesbauer-gmbh-cokg/fachkraft-fur-die-buchhaltung-in-vollzeit-bietigheim-bissingen-217378,Fachkraft für die Buchhaltung in Vollzeit (m/w/d)
69,https://www.arbeitnow.com/jobs/companies/lionment-gmbh-career/junior-consultant-hamburg-315999,(Junior) Consultant (m/w/d)
69,https://www.arbeitnow.com/jobs/companies/accompio-gmbh/it-systemadministrator-endpoint-management-fokus-matrix42-empirum-deutschlandweit-einbeck-53587,IT Systemadministrator (m/w/d) Endpoint Management Fokus Matrix42/Empirum - deutschlandweit
69,https://www.arbeitnow.com/jobs/companies/salfy-sallab-gmbh/fullstack-entwicklerin-django-vuejs-react-native-berlin-330582,"Fullstack-Entwickler:in (Django, Vue.js, React Native) m/w/d"
69,https://www.arbeitnow.com/jobs/companies/hiddentable-app/social-media-marketing-werkstudentin-minijob-hamburg-296721,Social Media / Marketing (Werkstudent:in / Minijob)
69,https://www.arbeitnow.com/jobs/companies/baesh-social-ug/content-community-marketing-intern-mandatory-internship-berlin-183999,"Content & Community Marketing Intern: Mandatory Internship, Berlin"
69,https://www.arbeitnow.com/jobs/companies/scavenger-ai/projektmanager-solution-engineer-berlin-357970,Projektmanager / Solution Engineer (m/w/d)
69,https://www.arbeitnow.com/jobs/companies/logistica-os/founders-associate-intern-munich-367785,Founders Associate Intern
69,https://www.arbeitnow.com/jobs/companies/1komma50/head-of-utility-products-services-berlin-370524,Head of Utility Products & Services (m/f/d)
69,https://www.arbeitnow.com/jobs/companies/futurail/safety-engineering-lead-munich-95073,Safety Engineering Lead (f/m/d)
69,https://www.arbeitnow.com/jobs/companies/paul-projekt-gmbh/objektmanager-immobilienkaufmann-frau-giessen-289857,Objektmanager / Immobilienkaufmann/-frau (m/w/d)
69,https://www.arbeitnow.com/jobs/companies/1komma50/product-manager-global-services-berlin-362943,Product Manager – Global Services (m/f/d)
69,https://www.arbeitnow.com/jobs/companies/onestone-capital-gmbh/controller-schwerpunkt-bau-immobilien-berlin-155757,Controller (m/w/d) - Schwerpunkt Bau & Immobilien
69,https://www.arbeitnow.com/jobs/companies/clark-germany-gmbh/digitaler-bestandskundenbetreuer-outbound-berlin-396691,Digitaler Bestandskundenbetreuer (Outbound) (m/w/d)
69,https://www.arbeitnow.com/jobs/companies/kettler-trading-gmbh/praktikantin-im-bereich-marketing-all-rounder-berlin-65024,PraktikantIn (m/w/d) im Bereich Marketing (All Rounder)
69,https://www.arbeitnow.com/jobs/companies/ingenieurburo-dr-petry-partner-mbb/elektroniker-elektroingenieur-grossraum-frankfurt-prufung-gutachten-im-bereich-lichtplanung-offenbach-117751,Elektroniker / Elektroingenieur (m/w/d) | Großraum Frankfurt | Prüfung & Gutachten im Bereich Lichtplanung
69,https://www.arbeitnow.com/jobs/companies/ingenieurburo-dr-petry-partner-mbb/lichtingenieur-lichtplaner-grossraum-frankfurt-planung-messung-gutachten-offenbach-205962,"Lichtingenieur / Lichtplaner (m/w/d) | Großraum Frankfurt | Planung, Messung & Gutachten"
69,https://www.arbeitnow.com/jobs/companies/ccure-geschaftsbereich-der-megamaris-gmbh/network-security-expert-berlin-263924,Network Security Expert (m/w/d)
69,https://www.arbeitnow.com/jobs/companies/ccure-geschaftsbereich-der-megamaris-gmbh/information-security-officer-kassel-378846,Information Security Officer (m/w/d)
69,https://www.arbeitnow.com/jobs/companies/vicoland/ai-platform-innovation-engineer-berlin-386080,AI & Platform Innovation Engineer
69,https://www.arbeitnow.com/jobs/companies/itm-power/commissioning-engineer-linden-161216,Commissioning Engineer (m/w/d)
69,https://www.arbeitnow.com/jobs/companies/werkia/junior-customer-success-managerin-berlin-294082,(Junior) Customer Success Manager:in - Berlin (m/w/d)
69,https://www.arbeitnow.com/jobs/companies/clark-germany-gmbh/senior-crm-manager-berlin-404139,(Senior) CRM Manager (m/w/d)
69,https://www.arbeitnow.com/jobs/companies/dsb-deutsche-sanierungsberatung-gmbh/founders-associate-intern-berlin-408060,Founder's Associate Intern (m/w/d)
69,https://www.arbeitnow.com/jobs/companies/ccure-geschaftsbereich-der-megamaris-gmbh/information-security-manager-kassel-138374,Information Security Manager (m/w/d)
69,https://www.arbeitnow.com/jobs/companies/adbaker/senior-creative-strategist-cologne-226165,(Senior) Creative Strategist (m/w/d)
69,https://www.arbeitnow.com/jobs/companies/vantivo-ug/pflicht-praktikum-umschulung-automatisierung-website-betreuung-e-commerce-100-remote-schnaitsee-373853,(Pflicht-)Praktikum/Umschulung: Automatisierung & Website Betreuung - E-Commerce - 100% remote
69,https://www.arbeitnow.com/jobs/companies/zweidigital-gmbh/linkedin-performance-marketing-manager-frankfurt-am-main-418813,LinkedIn Performance Marketing Manager (m/w/d)
69,https://www.arbeitnow.com/jobs/companies/fluttera/freiberufler-fur-bestellannahme-dsl-homeoffice-rheda-wiedenbruck-446904,Freiberufler (m/w/d) für Bestellannahme DSL (Homeoffice)
69,https://www.arbeitnow.com/jobs/companies/love-repair/coach-fur-beziehungs-personlichkeitsentwicklung-papenburg-213602,Coach (m/w/d) für Beziehungs- & Persönlichkeitsentwicklung
69,https://www.arbeitnow.com/jobs/companies/evo-fitness/kreditorenbuchhalter-finanzsachbearbeiter-20-std-munich-349802,Kreditorenbuchhalter/Finanzsachbearbeiter 20 Std. (M/W/D)
69,https://www.arbeitnow.com/jobs/companies/nextstephr-gmbh/pflichtpraktikum-social-media-marketing-management-heilbronn-349297,Pflichtpraktikum: Social-Media Marketing & Management
69,https://www.arbeitnow.com/jobs/companies/holz-richter-gmbh/senior-marketplace-manager-lindlar-75317,(Senior) Marketplace Manager (m/w/d)
70,https://www.arbeitnow.com/jobs/companies/jetztjob/steuerfachwirt-walldorf-242404,Steuerfachwirt (m/w/d)
70,https://www.arbeitnow.com/jobs/companies/storymachine-gmbh/senior-projekt-manager-berlin-466232,Senior Projekt Manager (m/w/d)
70,https://www.arbeitnow.com/jobs/companies/fenstercom/full-stack-developer-in-stuttgart-308401,Full Stack Developer (m/w/d) in Stuttgart
70,https://www.arbeitnow.com/jobs/companies/jetztjob/steuerfachangestellter-walldorf-448929,Steuerfachangestellter (m/w/d)
70,https://www.arbeitnow.com/jobs/companies/itm-power/principal-engineer-process-packaged-units-linden-86188,Principal Engineer (Process Packaged Units) (m/w/d)
70,https://www.arbeitnow.com/jobs/companies/soonamiio-gmbh/senior-fullstack-developer-claude-code-expert-remote-or-hybrid-berlin-214193,Senior Fullstack Developer (m/w/d) - Claude Code Expert (Remote or Hybrid)
70,https://www.arbeitnow.com/jobs/companies/kucuk-edv-und-unternehmensberatungs-gmbh/it-systemadministrator-fachinformatiker-systemintegration-kiel-316677,IT-Systemadministrator / Fachinformatiker - Systemintegration (m/w/d)
70,https://www.arbeitnow.com/jobs/companies/klickboost-gmbh/full-stack-developer-berlin-257783,Full Stack Developer (m/w/d)
70,https://www.arbeitnow.com/jobs/companies/fercon/it-helpdesk-berlin-9357,IT - Helpdesk
70,https://www.arbeitnow.com/jobs/companies/it-career-hub/dozentin-fur-finanzbuchhaltung-berlin-96106,Dozent:in für Finanzbuchhaltung (m/w/d)
70,https://www.arbeitnow.com/jobs/companies/babyfamily-welt-der-spielwaren-ug-co-kg/filialleiter-ingolstadt-325297,Filialleiter (m/w/d)
70,https://www.arbeitnow.com/jobs/companies/vispiron-gmbh/head-of-trading-setrade-munich-119225,Head of Trading (m/w/d) - SEtrade
70,https://www.arbeitnow.com/jobs/companies/loadup-gmbh/junior-marketing-manager-werkstudent-berlin-376153,Junior Marketing Manager - Werkstudent (m/w/d)
70,https://www.arbeitnow.com/jobs/companies/docleads/paid-marketing-manager-meta-google-ads-munich-343654,Paid Marketing Manager - Meta & Google Ads
70,https://www.arbeitnow.com/jobs/companies/ccure-geschaftsbereich-der-megamaris-gmbh/ot-security-specialist-coburg-286318,OT Security Specialist (m/w/d)
70,https://www.arbeitnow.com/jobs/companies/swiss-life-select-herford-oliver-walkenhorst/duales-studium-wirtschaftspsychologie-oder-business-administration-betriebswirtschaft-bielefeld-320550,Duales Studium Wirtschaftspsychologie (m/w/d) oder Business Administration & Betriebswirtschaft
70,https://www.arbeitnow.com/jobs/companies/bleckmannschulze-gmbh/leiter-instandhaltung-cologne-107245,Leiter Instandhaltung (m/w/d)
70,https://www.arbeitnow.com/jobs/companies/stiftung-kinderzukunft/ehrenamtliches-praktikum-im-bereich-marketing-fundraising-und-pr-grundau-6913,"Ehrenamtliches Praktikum im Bereich Marketing, Fundraising und PR"
70,https://www.arbeitnow.com/jobs/companies/fairjobz-talentads-gmbh/junior-bewerbermanagerin-cologne-447773,(Junior) Bewerbermanager:in (m/w/d)
70,https://www.arbeitnow.com/jobs/companies/konex-marketing/pflichtpraktikum-im-online-marketing-wiesbaden-306402,Pflichtpraktikum im Online Marketing (m/w/d)
70,https://www.arbeitnow.com/jobs/companies/prozessx/digital-marketing-specialist-werkstudent-marketing-nagold-76004,Digital Marketing Specialist (m/w/d) / Werkstudent Marketing
70,https://www.arbeitnow.com/jobs/companies/prozessx/systemarchitekt-fur-automatisierung-ki-werkstudent-it-nagold-480430,Systemarchitekt für Automatisierung & KI (m/w/d) / Werkstudent IT
70,https://www.arbeitnow.com/jobs/companies/riverstate-premium-recruiting/projektleiter-hls-fur-maritim-hotels-75000-100000-eur-benefits-bad-salzuflen-8807,Projektleiter HLS für Maritim Hotels (m/w/d) | 75.000 - 100.000 € + Benefits
70,https://www.arbeitnow.com/jobs/companies/simplytest-gmbh/software-testautomatisierer-in-nuremberg-439225,Software-Testautomatisierer/in (m/w/d)
70,https://www.arbeitnow.com/jobs/companies/simplytest-gmbh/softwareentwickler-im-bereich-testautomatisierung-nuremberg-450340,Softwareentwickler (m/w/d) im Bereich Testautomatisierung
70,https://www.arbeitnow.com/jobs/companies/hoenicke-systembetreuung-gmbh/it-service-techniker-sundhagen-428242,IT-Service-Techniker (m/w/d)
70,https://www.arbeitnow.com/jobs/companies/finding-heads-international/entwicklungsingenieur-planetengetriebe-robotik-frankfurt-am-main-7532,Entwicklungsingenieur Planetengetriebe - Robotik (m/w/d)
70,https://www.arbeitnow.com/jobs/companies/limitd-by-wunderproducts-gmbh/sachbearbeiter-in-stammdaten-administration-teilzeit-moglich-berlin-329108,Sachbearbeiter/in Stammdaten & Administration (m/w/d) - Teilzeit möglich!
70,https://www.arbeitnow.com/jobs/companies/webalytics-gmbh/windows-systemadministratorin-viernheim-79231,Windows - Systemadministrator:in
70,https://www.arbeitnow.com/jobs/companies/sv-informatik/anwendungsentwicklerin-pl-sql-fur-versicherungssysteme-stuttgart-282292,Anwendungsentwickler:in PL/SQL für Versicherungssysteme
70,https://www.arbeitnow.com/jobs/companies/prepmymeal-gmbh/praktikum-marketing-kommunikation-polnisch-frankfurt-am-main-141070,Praktikum Marketing & Kommunikation (Polnisch) (m/w/d)
70,https://www.arbeitnow.com/jobs/companies/1komma50/senior-product-manager-energy-berlin-480855,(Senior) Product Manager - Energy (m/f/d)
70,https://www.arbeitnow.com/jobs/companies/eggersmann-gruppe/engineer-im-bereich-biologische-verfahrenstechnik-bad-oeynhausen-341167,Engineer im Bereich biologische Verfahrenstechnik (m/w/d)
70,https://www.arbeitnow.com/jobs/companies/obf-it-solutions-gmbh/mitarbeiter-in-im-it-monitoring-limburg-410281,Mitarbeiter/in im IT-Monitoring
70,https://www.arbeitnow.com/jobs/companies/oppcourt/system-engineer-linux-frankfurt-am-main-323420,System Engineer Linux (m/w/d)
70,https://www.arbeitnow.com/jobs/companies/td-trusted-decisions-hannover-gmbh/senior-cpm-consultant-hamburg-440833,(Senior) CPM Consultant (m/w/d)
70,https://www.arbeitnow.com/jobs/companies/gkk-partners/steuerberater-mensch-munich-45214,Steuerberater (mensch)
70,https://www.arbeitnow.com/jobs/companies/git-gesellschaft-fur-innovative-dv-technik-mbh/auszubildender-zum-r-fachinformatikerin-anwendungsentwicklung-mwd-ab-2026-gelsenkirchen-216085,"Auszubildende*r zum/r Fachinformatiker*in / Anwendungsentwicklung (m,w,d) ab 2026"
70,https://www.arbeitnow.com/jobs/companies/maomi/werkstudentin-digital-marketing-und-shopify-mannheim-465669,Werkstudent(in) Digital Marketing und Shopify (m/w/d)
70,https://www.arbeitnow.com/jobs/companies/cargoboard-gmbh-co-kg/seo-performance-manager-all-genders-paderborn-113954,SEO Performance Manager (all genders)
70,https://www.arbeitnow.com/jobs/companies/jmvision-gmbh/key-account-manager-100-remote-balingen-199845,Key-Account-Manager (m/w/d) | 100 % Remote
70,https://www.arbeitnow.com/jobs/companies/abacus-hr-services-gmbh/payroll-manager-im-bereich-lohnbuchhaltung-waiblingen-211528,Payroll Manager (m/w/d) im Bereich Lohnbuchhaltung
70,https://www.arbeitnow.com/jobs/companies/ventx-gmbh/devops-engineer-german-required-gcp-munich-305526,DevOps Engineer *German required (GCP) (m/w/d)
70,https://www.arbeitnow.com/jobs/companies/oppcourt/technischer-teamleiter-systemadministration-infrastruktur-technical-team-lead-system-administration-infrastructure-munich-46796,Technischer Teamleiter (Systemadministration & Infrastruktur) - Technical Team Lead (System Administration & Infrastructure)
70,https://www.arbeitnow.com/jobs/companies/lorenz-fuchs-gbr/seo-und-geo-manager-kiel-495376,SEO und GEO Manager
70,https://www.arbeitnow.com/jobs/companies/august/sea-managerin-google-ads-teilzeit-berlin-mitte-265935,"SEA Manager:in / Google Ads (Teilzeit, Berlin Mitte)"
70,https://www.arbeitnow.com/jobs/companies/welcome-hotel-bad-arolsen-betriebsgesellschaft-mbh-co-kg/auszubildende-kosmetiker-kosmetikerin-arolsen-279146,Auszubildende Kosmetiker / Kosmetikerin (m/w/d)
70,https://www.arbeitnow.com/jobs/companies/ccure-geschaftsbereich-der-megamaris-gmbh/business-continuity-and-crisis-manager-munich-145713,Business Continuity and Crisis Manager (m/w/d)
70,https://www.arbeitnow.com/jobs/companies/certified-security-operations-center-gmbh/it-forensikerin-gn-incident-response-bornheim-166980,IT-Forensiker*in (gn*) Incident Response
70,https://www.arbeitnow.com/jobs/companies/labor-agentur-fur-moderne-kommunikation-gmbh/sales-growth-manager-ki-getriebenes-business-development-mainz-175750,Sales & Growth Manager (m/w/d) - KI-getriebenes Business Development
71,https://www.arbeitnow.com/jobs/companies/solvenio-gmbh/principal-consultant-citrix-munich-145880,Principal Consultant Citrix
71,https://www.arbeitnow.com/jobs/companies/zentio/founding-engineer-berlin-463960,Founding Engineer
71,https://www.arbeitnow.com/jobs/companies/seibertlink-steuerberatungsgesellschaft-mbh/steuerfachangestellte-r-stuttgart-67773,Steuerfachangestellte/r (m/w/d)
71,https://www.arbeitnow.com/jobs/companies/1komma50/praktikantin-produkt-management-ai-enablement-solar-berlin-299425,Praktikant:in Produkt Management & AI Enablement - Solar (m/w/d)
71,https://www.arbeitnow.com/jobs/companies/sattler-media-gmbh/personalsachbearbeiter-schladen-werla-457870,Personalsachbearbeiter (m/w/d)
71,https://www.arbeitnow.com/jobs/companies/1komma50/werkstudentin-process-operations-energy-berlin-237967,Werkstudent:in Process & Operations - Energy (m/w/d)
71,https://www.arbeitnow.com/jobs/companies/drivto-gmbh/freier-redakteur-automotive-motorsport-lifestyle-events-dusseldorf-466615,Freier Redakteur (m/w/d) Automotive | Motorsport | Lifestyle Events
71,https://www.arbeitnow.com/jobs/companies/deepsynergyai-gmbh/senior-c-engineer-rosenheim-165594,Senior C++ Engineer (m/w/d)
71,https://www.arbeitnow.com/jobs/companies/liganova-gmbh/project-manager-all-genders-retail-und-fensterkampagnen-stuttgart-403987,Project Manager (all genders) - Retail- und Fensterkampagnen
71,https://www.arbeitnow.com/jobs/companies/vb-industries-gmbh/terminplaner-primavera-hamburg-405207,Terminplaner Primavera (m/w/d)
71,https://www.arbeitnow.com/jobs/companies/enshift-ag/senior-energy-solutions-specialist-dusseldorf-344596,Senior Energy Solutions Specialist (m/w/d)
71,https://www.arbeitnow.com/jobs/companies/ecso-cloud/praktikum-it-kundensupport-mulheim-karlich-53208,Praktikum - IT Kundensupport (m/w/d)
71,https://www.arbeitnow.com/jobs/companies/neumuller-unternehmensgruppe/werkstudent-recruiting-nuremberg-158693,Werkstudent (m/w/d) - Recruiting
71,https://www.arbeitnow.com/jobs/companies/fahrzeugprufung-ostalb/kfz-prufingenieur-schwabisch-gmund-151372,Kfz-Prüfingenieur
71,https://www.arbeitnow.com/jobs/companies/ccure-geschaftsbereich-der-megamaris-gmbh/network-security-engineer-stuttgart-20344,Network Security Engineer (m/w/d)
71,https://www.arbeitnow.com/jobs/companies/collective-mind-gmbh/technical-sap-integrations-consultant-leonberg-381178,Technical SAP Integrations Consultant (m/w/d)
71,https://www.arbeitnow.com/jobs/companies/german-design-council-rat-fur-formgebung/social-media-managerin-in-teilzeit-20-std-woche-frankfurt-am-main-77862,Social Media - Manager*in (w/m/d) in Teilzeit (20 Std./Woche)
71,https://www.arbeitnow.com/jobs/companies/gesellschaft-fur-versorgungskonzepte-mbh/angestellter-kundenbetreuer-im-aussendienst-als-kauffrau-mann-fur-versicherungen-und-finanzen-lobau-391522,Angestellter Kundenbetreuer im Aussendienst als Kauffrau/-mann für Versicherungen und Finanzen (m/w/d)
71,https://www.arbeitnow.com/jobs/companies/markus-menzel/vertriebspartner-versicherungen-34d-grefrath-120314,Vertriebspartner (m/w/d) Versicherungen §34d
71,https://www.arbeitnow.com/jobs/companies/slickcommerce-gmbh/marketingmanagerin-dusseldorf-281106,Marketingmanager:in
71,https://www.arbeitnow.com/jobs/companies/nscon-network-security-consulting-gmbh/network-automation-engineer-consultant-100-ho-automatisierung-ssot-ki-agenten-frankfurt-am-main-126091,"Network Automation Engineer / Consultant (m/w/d) - 100% HO | Automatisierung, SSoT & KI-Agenten"
71,https://www.arbeitnow.com/jobs/companies/straight-gmbh/senior-client-experience-manager-digital-solutions-mit-tech-dna-hubspot-power-munich-178675,Senior Client Experience Manager Digital Solutions (m/w/d) mit Tech-DNA & HubSpot-Power
71,https://www.arbeitnow.com/jobs/companies/medikom-consulting-gmbh/marketingmanagerin-nuremberg-478452,Marketingmanager:in
71,https://www.arbeitnow.com/jobs/companies/beatloop/social-media-marketingpraktikantin-pflichtpraktikum-cologne-323870,Social Media Marketingpraktikant:in (PflichtPraktikum)
71,https://www.arbeitnow.com/jobs/companies/medialine-eurotrade-ag/datenbankadministrator-wiesbaden-64899,Datenbankadministrator (m/w/d)
71,https://www.arbeitnow.com/jobs/companies/misiak/praktikum-fachhochschulreife-jahrespraktikum-fachabitur-informatik-hamburg-start-2026-299081,Praktikum Fachhochschulreife Jahrespraktikum Fachabitur - Informatik Hamburg Start 2026
71,https://www.arbeitnow.com/jobs/companies/leevje-gmbh/werkstudentin-im-bereich-marketing-content-creation-munster-266805,Werkstudent:in (m/w/d) im Bereich Marketing & Content Creation
71,https://www.arbeitnow.com/jobs/companies/top-3-pflege-franchise/franchise-partner-im-ambulanten-pflegedienst-oberschleissheim-143490,Franchise-Partner (m/w/d) im ambulanten Pflegedienst
71,https://www.arbeitnow.com/jobs/companies/large-space-structures-gmbh/rd-engineer-eching-159924,R&D Engineer (m/f/d)
71,https://www.arbeitnow.com/jobs/companies/werkia/junior-customer-success-managerin-remote-berlin-207610,(Junior) Customer Success Manager:in - Remote (m/w/d)
71,https://www.arbeitnow.com/jobs/companies/roemer-capital-gmbh/praktikant-werkstudent-investment-fundraising-advisory-vollzeit-dusseldorf-180531,Praktikant/Werkstudent - Investment & Fundraising Advisory - Vollzeit (w/m/d)
71,https://www.arbeitnow.com/jobs/companies/koralls/marketingmanagerin-werde-teil-von-koralls-gmbh-fur-marketing-cologne-298426,Marketingmanager:in- werde Teil von KORALLS GmbH für Marketing
71,https://www.arbeitnow.com/jobs/companies/schweizer-personal-management-gmbh/freelance-mandat-lohn-und-gehaltsabrechnerin-in-teilzeit-oder-vollzeit-essen-166965,Freelance-Mandat: Lohn- und Gehaltsabrechner:in (m/w/d) in Teilzeit oder Vollzeit
71,https://www.arbeitnow.com/jobs/companies/wertsicherung-schmidt/vertriebsmitarbeiter-naumburg-150485,Vertriebsmitarbeiter
71,https://www.arbeitnow.com/jobs/companies/naturhutte-eine-marke-der-raumkonzept-thomas-polloth-gmbh-co-kg/fuhrungskraft-im-holzbau-bauingenieur-gesucht-top-bauleiter-mit-vision-neumarkt-in-der-oberpfalz-237761,Führungskraft im Holzbau (Bauingenieur) gesucht! Top-Bauleiter mit Vision (m/w/d)
71,https://www.arbeitnow.com/jobs/companies/the-verse-ventures-gmbh/werkstudent-pflichtpraktikum-finance-controlling-berlin-143552,Werkstudent / Pflichtpraktikum Finance & Controlling (m/w/d)
71,https://www.arbeitnow.com/jobs/companies/ew-tec-industrieservice-anlagentechnik-gmbh/senior-softwareprogrammiererin-steuerungstechnik-sps-viersen-29409,Senior Softwareprogrammierer*in (m/w/d) Steuerungstechnik / SPS
71,https://www.arbeitnow.com/jobs/companies/creading-gmbh-co-kg/werkstudi-creative-social-media-strategist-stuttgart-195479,Werkstudi Creative Social Media Strategist (m/w/d)
71,https://www.arbeitnow.com/jobs/companies/binss-datennetze-und-gefahrenmeldesysteme-gmbh/werkstudent-im-bereich-projektvorbereitung-20std-berlin-321568,Werkstudent (m/w/d) im Bereich Projektvorbereitung (20Std.)
71,https://www.arbeitnow.com/jobs/companies/axsol-gmbh/projektleiter-fur-batteriespeichersysteme-bess-wurzburg-482008,Projektleiter (m/w/d) für Batteriespeichersysteme (BESS)
71,https://www.arbeitnow.com/jobs/companies/siut-gmbh/werkstudentin-im-bereich-business-development-berlin-128902,Werkstudent*in im Bereich Business Development (m/w/d)
71,https://www.arbeitnow.com/jobs/companies/qavion-sales-recruiting-gmbh/senior-embedded-engineer-grunwald-11313,Senior Embedded Engineer (m/w/d)
71,https://www.arbeitnow.com/jobs/companies/top-3-pflege-franchise/werden-sie-franchise-partnerin-levamentum-aelfi-oberschleissheim-383219,Werden Sie Franchise-Partner*in Levamentum AELFI (m/w/d)
71,https://www.arbeitnow.com/jobs/companies/creading-gmbh-co-kg/designerin-grafik-pro-fur-social-media-teilzeit-min-16h-stuttgart-277858,"Designer:in / Grafik-Pro für Social Media (Teilzeit, min. 16h)"
71,https://www.arbeitnow.com/jobs/companies/witefield-gmbh/content-creator-in-vollzeit-frankfurt-am-main-378802,Content Creator (m/w/d) in Vollzeit
71,https://www.arbeitnow.com/jobs/companies/fourenergy-gmbh/senior-java-fullstack-developer-berlin-194001,(Senior) Java Fullstack Developer (m/w/d)
71,https://www.arbeitnow.com/jobs/companies/stopfer-verlag/praktikum-lektorat-redaktion-einblicke-ins-verlagswesen-leipzig-433304,Praktikum Lektorat & Redaktion: Einblicke ins Verlagswesen (m/w/d)
71,https://www.arbeitnow.com/jobs/companies/verlagshaus-stopfer/lektorat-redaktionelle-arbeit-im-verlag-praktikum-frankfurt-am-main-68728,Lektorat & redaktionelle Arbeit im Verlag - Praktikum (m/w/d)
71,https://www.arbeitnow.com/jobs/companies/awtomated/marketing-manager-mandatory-6-months-unpaid-internship-berlin-277162,Marketing Manager (f/m/d) - Mandatory 6 Months unpaid Internship
71,https://www.arbeitnow.com/jobs/companies/vsp-consulting-solutions-gmbh/sap-hcm-full-stack-entwickler-backend-frontend-munich-325770,SAP HCM Full-Stack Entwickler (Backend & Frontend) (m/w/d)
72,https://www.arbeitnow.com/jobs/companies/rocket-apes-gmbh/ios-entwicklerin-32h-remote-deutschlandweit-solingen-105947,IOS Entwickler:in (m/w/d) - 32h - remote deutschlandweit
72,https://www.arbeitnow.com/jobs/companies/schenksi-digital-gmbh/vertriebsmitarbeiter-regensburg-211159,Vertriebsmitarbeiter
72,https://www.arbeitnow.com/jobs/companies/marwona-gmbh/office-operations-manager-munich-236964,Office & Operations Manager (m/w/d)
72,https://www.arbeitnow.com/jobs/companies/campaigns-technology/praktikum-pr-beratung-kommunikation-marketing-willkommen-im-maschinenraum-der-macht-mannheim-489275,"Praktikum: PR-Beratung, Kommunikation & Marketing | Willkommen im Maschinenraum der Macht"
72,https://www.arbeitnow.com/jobs/companies/alago/founding-full-stack-engineer-munich-12659,Founding Full-Stack Engineer
72,https://www.arbeitnow.com/jobs/companies/alago/founding-ai-engineer-munich-149954,Founding AI Engineer
72,https://www.arbeitnow.com/jobs/companies/simpleprax/fullstack-engineer-munich-190273,Fullstack Engineer
72,https://www.arbeitnow.com/jobs/companies/systhemis-ag/softwaretester-wurzburg-61302,Softwaretester (m/w/d)
72,https://www.arbeitnow.com/jobs/companies/fussballverband-niederrhein/controllerin-duisburg-337075,Controller:in
72,https://www.arbeitnow.com/jobs/companies/nexus-deutschland/it-servicemanagerin-berlin-413904,IT - Servicemanager:in
72,https://www.arbeitnow.com/jobs/companies/marketing-werk/videografin-cutter-delmenhorst-243176,Videograf:in & Cutter
72,https://www.arbeitnow.com/jobs/companies/marketing-werk/grafikdesignerin-delmenhorst-159399,Grafikdesigner:in
72,https://www.arbeitnow.com/jobs/companies/jan-bunk/finanzmakler-versicherungsmakler-trainee-finanzbranche-zwenkau-412169,Finanzmakler / Versicherungsmakler / Trainee Finanzbranche (m/w/d)
72,https://www.arbeitnow.com/jobs/companies/recall-space-gmbh/senior-full-stack-developer-fur-ein-ai-first-unternehmen-mannheim-215750,Senior Full Stack Developer für ein AI-first Unternehmen
72,https://www.arbeitnow.com/jobs/companies/recall-space-gmbh/werkstudent-software-development-ai-full-stack-mannheim-479700,Werkstudent Software Development (AI / Full Stack)
72,https://www.arbeitnow.com/jobs/companies/castfinder-all-in-one-casting/praktikum-im-bereich-social-media-content-creation-100-homeoffice-cologne-56920,Praktikum im Bereich Social Media & Content Creation (m/w/d) | 100% Homeoffice
72,https://www.arbeitnow.com/jobs/companies/samsung-sds/it-system-administrator-web-hosting-linux-eschborn-125163,IT-System Administrator Web Hosting (Linux) (m/f/x)
72,https://www.arbeitnow.com/jobs/companies/stay-awesome-gmbh/praktikum-brand-experience-design-kassel-295612,"Praktikum Brand Experience & Design (m/w/d), Kassel"
72,https://www.arbeitnow.com/jobs/companies/pflegia/google-ads-analyst-berlin-484681,Google Ads Analyst (m/f/d)
72,https://www.arbeitnow.com/jobs/companies/rinke-treuhand-gmbh/fibutroniker-fachassistent-digitalisierung-und-it-it-spezialist-datev-wuppertal-389041,Fibutroniker / Fachassistent Digitalisierung und IT / IT-Spezialist DATEV (m/w/d)
72,https://www.arbeitnow.com/jobs/companies/vamonda-immobilien-gmbh/assistenz-der-geschaftsfuhrung-cologne-82609,Assistenz der Geschäftsführung (m/w/d)
72,https://www.arbeitnow.com/jobs/companies/ifz-ingenieurburo/chemiker-in-vollzeit-berlin-446279,Chemiker (m/w/d) in Vollzeit
72,https://www.arbeitnow.com/jobs/companies/vision-markets-your-global-growth-in-machine-vision/business-development-manager-germany-machine-vision-munich-114400,Business Development Manager Germany - Machine Vision
72,https://www.arbeitnow.com/jobs/companies/satellite-talent/senior-talent-partner-berlin-192787,Senior Talent Partner (m/f/d)
72,https://www.arbeitnow.com/jobs/companies/dsb-deutsche-sanierungsberatung-gmbh/venture-development-manager-berlin-35833,Venture Development Manager (m/w/d)
72,https://www.arbeitnow.com/jobs/companies/effizienzpioniere-gmbh/praktikum-im-projektmanagement-erneuerbare-energien-stuttgart-143857,Praktikum im Projektmanagement Erneuerbare Energien (m/w/d)
72,https://www.arbeitnow.com/jobs/companies/itm-power/process-and-systems-engineer-linden-274071,Process and Systems Engineer (m/w/d)
72,https://www.arbeitnow.com/jobs/companies/re-green/senior-projektleiterin-photovoltaik-solar-frankfurt-am-main-462263,Senior Projektleiter:in Photovoltaik / Solar
72,https://www.arbeitnow.com/jobs/companies/brightdynamic-gmbh/google-campaign-manager-dusseldorf-369075,Google Campaign Manager (m/w/d)
72,https://www.arbeitnow.com/jobs/companies/eventplanning24/startup-cmo-marketing-manager-perfomance-social-ki-messen-events-cologne-299033,"Startup CMO - Marketing Manager (Perfomance, Social, KI, Messen & Events)"
72,https://www.arbeitnow.com/jobs/companies/1komma50/senior-process-operations-manager-energy-berlin-128460,(Senior) Process & Operations Manager - Energy (m/w/d)
72,https://www.arbeitnow.com/jobs/companies/1komma50/junior-process-operations-manager-energy-berlin-370111,(Junior) Process & Operations Manager - Energy (m/w/d)
72,https://www.arbeitnow.com/jobs/companies/timpla-by-renggli/vorarbeiter-polier-mehrgeschossiger-holz-hybridbau-eberswalde-444553,Vorarbeiter // Polier – mehrgeschossiger Holz-Hybridbau (w/m/d)
72,https://www.arbeitnow.com/jobs/companies/timpla-by-renggli/konstrukteurin-werkplanerin-cadworkerin-holzbau-eberswalde-253451,Konstrukteur:in / Werkplaner:in / Cadworker:in – Holzbau (w/m/d)
72,https://www.arbeitnow.com/jobs/companies/dreifachai/senior-ai-typescript-entwicklerin-remote-in-ki-startup-cologne-228886,"(Senior) AI/TypeScript Entwickler:in, remote (m/w/d) in KI-Startup"
72,https://www.arbeitnow.com/jobs/companies/digitalagenten/pflichtpraktikant-content-digital-pr-berlin-498817,Pflichtpraktikant Content & Digital PR (m/w/d)
72,https://www.arbeitnow.com/jobs/companies/lea-partners/praktikum-private-equity-b2b-software-ai-karlsruhe-90894,Praktikum Private Equity (m/w/d) | B2B Software & AI
72,https://www.arbeitnow.com/jobs/companies/digitalagenten/pflichtpraktikant-digitales-marketing-technology-analytics-berlin-357912,"Pflichtpraktikant Digitales Marketing, Technology & Analytics (m/w/d)"
72,https://www.arbeitnow.com/jobs/companies/kloepfel-group/senior-consultant-supply-chain-management-lean-management-logistik-expert-dusseldorf-339631,(Senior) Consultant (m/w/d) Supply Chain Management / Lean Management / Logistik Expert
72,https://www.arbeitnow.com/jobs/companies/vermaye-gmbh/pflichtpraktikum-saas-operations-outreach-crm-support-remote-konstanz-266098,"Pflichtpraktikum SaaS Operations, Outreach & CRM Support (Remote) (m/w/d)"
72,https://www.arbeitnow.com/jobs/companies/kreativsohne/mediengestalterin-ux-design-leipzig-101633,Mediengestalter:in (UX-Design)
72,https://www.arbeitnow.com/jobs/companies/orbis-vini/werkstudent-innen-und-praktikant-innen-fur-marketing-vertrieb-im-weinhandel-mainz-104431,Werkstudent_Innen und Praktikant_Innen für Marketing-Vertrieb im Weinhandel
72,https://www.arbeitnow.com/jobs/companies/lisa-automobile-gmbh/bilanzbuchhalter-buchhalter-fur-unser-caravan-center-in-marschacht-bei-hamburg-213578,Bilanzbuchhalter / Buchhalter (m/w/d) für unser Caravan Center in Marschacht bei Hamburg
72,https://www.arbeitnow.com/jobs/companies/universal-brandschutz-service-gmbh/brandschutztechniker-in-munich-410733,Brandschutztechniker/-in
72,https://www.arbeitnow.com/jobs/companies/attractive-media-gmbh/trainee-social-media-manager-munich-367510,Trainee Social Media Manager (m/w/d)
72,https://www.arbeitnow.com/jobs/companies/smartmod-gmbh/sachbearbeiterin-im-innendienst-frankfurt-am-main-490107,Sachbearbeiter:in im Innendienst (w/m/d)
72,https://www.arbeitnow.com/jobs/companies/juniz-energy-gmbh/servicetechniker-grossbatteriespeicher-emsr-technik-munich-290465,Servicetechniker (m/w/d) – Großbatteriespeicher/ EMSR-Technik
72,https://www.arbeitnow.com/jobs/companies/stf-group/systemadministrator-aicha-vorm-wald-275340,Systemadministrator (m/w/d)
72,https://www.arbeitnow.com/jobs/companies/vierke-corporate-fashion-concepts-gmbh/buchhalterin-braunschweig-402814,Buchhalter:in
72,https://www.arbeitnow.com/jobs/companies/nextcloud/webrtc-developer-stuttgart-380800,WebRTC Developer
73,https://www.arbeitnow.com/jobs/companies/adsoul-gmbh/senior-sea-managerin-google-ads-microsoft-ads-hamburg-446076,"Senior SEA Manager:in (Google Ads, Microsoft Ads)"
73,https://www.arbeitnow.com/jobs/companies/harter-elektrotechnik/elektroniker-fach-oder-fuhrungskraft-schenkenzell-121048,Elektroniker (m/w/d) Fach- oder Führungskraft
73,https://www.arbeitnow.com/jobs/companies/vivanta-gmbh/praktikum-im-sales-business-development-berlin-319201,Praktikum im Sales / Business Development (m/w/d)
73,https://www.arbeitnow.com/jobs/companies/antegis-gmbh/kaufmann-frau-it-system-management-in-hennigsdorf-bei-berlin-hennigsdorf-berlin-47107,Kaufmann/-frau - IT-System-Management (m/w/d) in Hennigsdorf bei Berlin
73,https://www.arbeitnow.com/jobs/companies/bradzel-gmbh/werkstudentin-website-webdesign-marketing-tech-munich-196042,"Werkstudent:in Website, Webdesign & Marketing Tech (m/w/d)"
73,https://www.arbeitnow.com/jobs/companies/ticketpay-europe-gmbh/customer-support-hamm-144624,Customer Support (m/w/d)
73,https://www.arbeitnow.com/jobs/companies/roomhero-gmbh/technical-lead-frankfurt-am-main-339114,Technical Lead (m/w/d)
73,https://www.arbeitnow.com/jobs/companies/roomhero-gmbh/senior-frontend-developer-frankfurt-am-main-445621,Senior Frontend Developer (m/w/d)
73,https://www.arbeitnow.com/jobs/companies/epos-cat-gmbh/software-entwickler-ingolstadt-188687,Software-Entwickler (m/w/d)
73,https://www.arbeitnow.com/jobs/companies/e-farm/paid-erasmus-content-social-media-marketing-intern-hamburg-143667,Paid Erasmus+ Content & Social Media Marketing Intern
73,https://www.arbeitnow.com/jobs/companies/optitool-gmbh/ot-c-junior-consultant-regensburg-264728,OT-C Junior Consultant (m/w/d)
73,https://www.arbeitnow.com/jobs/companies/alika-personal-gmbh/personliche-assistenz-fur-ceo-dusseldorf-280284,Persönliche Assistenz (m/w/d) für CEO
73,https://www.arbeitnow.com/jobs/companies/traffic2de-gmbh/vertriebsmitarbeiter-fur-teil-vollzeit-quereinstieg-moglich-flensburg-1197,Vertriebsmitarbeiter (m/w/d) für Teil/Vollzeit - Quereinstieg möglich!
73,https://www.arbeitnow.com/jobs/companies/marketplace-maniacs-gmbh/head-of-advertising-munich-81268,Head of Advertising (m/w/d)
73,https://www.arbeitnow.com/jobs/companies/good-bank/pflichtpraktikum-sales-marketing-projects-good-bank-berlin-375437,"Pflichtpraktikum Sales, Marketing & Projects (m/w/x) - Good Bank"
73,https://www.arbeitnow.com/jobs/companies/alpurial-gmbh/pflichtpraktikum-studentische-aushilfe-im-e-commerce-neuss-136656,Pflichtpraktikum / Studentische Aushilfe (m/w/d) im E-Commerce
73,https://www.arbeitnow.com/jobs/companies/bridgefield-gmbh/werkstudent-softwareentwicklung-magdeburg-492629,Werkstudent Softwareentwicklung (m/w/d)
73,https://www.arbeitnow.com/jobs/companies/bwsolution-gmbh/senior-projektmanager-automotive-software-hamburg-327432,Senior Projektmanager Automotive-Software (m/w/d)
73,https://www.arbeitnow.com/jobs/companies/mint-solutions/systemingenieur-satellitenterminal-munich-57370,Systemingenieur (m/w/d) Satellitenterminal
73,https://www.arbeitnow.com/jobs/companies/liqvits-gmbh/werkstudentin-social-media-host-insta-tiktok-hamburg-392732,Werkstudentin (m/w/d) Social Media Host (Insta & TikTok)
73,https://www.arbeitnow.com/jobs/companies/iti/softwaretesterin-testautomatisierung-berlin-6525,Softwaretester*in Testautomatisierung (m/w/d)
73,https://www.arbeitnow.com/jobs/companies/bassetti-deutschland-gmbh/marketing-werkstudent-praktikant-munich-235393,Marketing Werkstudent/Praktikant (M/W/D)
73,https://www.arbeitnow.com/jobs/companies/cologne-beaute/cologne-beaute-sucht-nageldesigner-innen-93633,Cologne Beauté sucht Nageldesigner/innen
73,https://www.arbeitnow.com/jobs/companies/flavour-kommunikation-gmbh/sen-projektleiter-b2b-in-vollzeit-munich-431560,Sen. Projektleiter B2B (m/w/d) in Vollzeit
73,https://www.arbeitnow.com/jobs/companies/arvana/performance-marketing-manager-berlin-401150,Performance Marketing Manager (m/w/d)
73,https://www.arbeitnow.com/jobs/companies/odw-elektrik-gmbh/data-analyst-steinau-an-der-strasse-194405,Data Analyst (m/w/d)
73,https://www.arbeitnow.com/jobs/companies/prodomus-immobilienverwaltungs-gmbh/reinigungskraft-treppenhausreinigung-wurzburg-33786,Reinigungskraft / Treppenhausreinigung (m/w/d)
73,https://www.arbeitnow.com/jobs/companies/chocobrain/bezahltes-praktikum-im-content-marketing-geballte-praxiserfahrung-sammeln-100-remote-moglich-heidelberg-379291,Bezahltes Praktikum im Content Marketing (m/w/d) - geballte Praxiserfahrung sammeln - 100% remote möglich
73,https://www.arbeitnow.com/jobs/companies/mint-solutions/tech-recruiter-munchen-munich-221021,Tech-Recruiter (m/w/d) München
73,https://www.arbeitnow.com/jobs/companies/hadi-adworks/aushilfe-social-media-werbeanzeigen-bonn-386130,Aushilfe Social Media & Werbeanzeigen (m/w/d)
73,https://www.arbeitnow.com/jobs/companies/riedel-bau-firmengruppe/bauleiter-rohbau-erfurt-274002,Bauleiter Rohbau (m/w/d)
73,https://www.arbeitnow.com/jobs/companies/ls-leasing-service-gmbh/account-executive-debt-advisory-private-equity-munich-171588,"Account Executive - Debt Advisory, Private Equity m/w/d"
73,https://www.arbeitnow.com/jobs/companies/checktec-gmbh/it-administrator-lindenberg-im-allgau-345814,IT-Administrator (m/w/d)
73,https://www.arbeitnow.com/jobs/companies/ogaenics/e-mail-marketing-crm-manager-hamburg-336823,E-Mail Marketing / CRM Manager (m/w/d)
73,https://www.arbeitnow.com/jobs/companies/brand-your-voice/closer-in-teilzeit-mannheim-448110,Closer/in Teilzeit
73,https://www.arbeitnow.com/jobs/companies/gunnar-kuhne-executive-search-gmbh/associate-debt-advisory-frankfurt-am-main-43721,Associate - Debt Advisory
73,https://www.arbeitnow.com/jobs/companies/fast-progression/senior-paid-social-manager-vollzeit-berlin-24842,"Senior Paid Social Manager (Vollzeit, w/m/d)"
73,https://www.arbeitnow.com/jobs/companies/k-tronik-gmbh/verification-engineer-elektroniksysteme-lindenberg-414165,Verification Engineer (m/w/x) Elektroniksysteme
73,https://www.arbeitnow.com/jobs/companies/bukom-systemhaus-gmbh/it-administrator-ladenburg-257981,IT-Administrator (m/w/d)
73,https://www.arbeitnow.com/jobs/companies/curitec/junior-it-systemadministrator-im-gesundheitswesen-hamburg-237561,Junior IT-Systemadministrator (w/m/d) im Gesundheitswesen
73,https://www.arbeitnow.com/jobs/companies/works-kiefner-gmbh-cokg/produktentwicklerin-neckartenzlingen-10200,Produktentwickler:in (m/w/d)
73,https://www.arbeitnow.com/jobs/companies/curitec/quereinsteiger-it-systemadministrator-im-gesundheitswesen-hamburg-270292,Quereinsteiger IT-Systemadministrator (w/m/d) im Gesundheitswesen
73,https://www.arbeitnow.com/jobs/companies/bolle-gastronomie-berlin-gmbh/servicemanagerin-vollzeit-teilzeit-berlin-202978,Servicemanager:in Vollzeit /Teilzeit
73,https://www.arbeitnow.com/jobs/companies/bruggen-engineering-gmbh/ingenieur-elektrotechnik-nachrichtentechnik-hochfrequenztechnik-fur-raumfahrtprojekte-in-mainz-1643-185488,Ingenieur Elektrotechnik / Nachrichtentechnik (m/w/d) Hochfrequenztechnik für Raumfahrtprojekte in Mainz (1643)
73,https://www.arbeitnow.com/jobs/companies/sanitatshaus-rosenkranz-scherer-gmbh/aussendienstmitarbeiter-mit-medizinischen-grundkenntnissen-fur-bad-homburg-350742,Außendienstmitarbeiter mit medizinischen Grundkenntnissen (m/w/d) für Bad Homburg
73,https://www.arbeitnow.com/jobs/companies/renidere-verlag/kooperation-fur-buchbloggerinnen-autorinnen-maintal-300587,Kooperation für Buchblogger:innen & Autor:innen
73,https://www.arbeitnow.com/jobs/companies/vub-wissen-mit-system/junior-customer-care-success-manager-cologne-170043,(Junior) Customer Care/Success Manager (m/w/d)
73,https://www.arbeitnow.com/jobs/companies/michael-prothmann-consulting-gmbh/praktikantin-im-consulting-cologne-289034,PraktikantIn im Consulting
73,https://www.arbeitnow.com/jobs/companies/volksbank-westmunsterland-eg/mitarbeiter-vertragswesen-sicherheiten-konsortialmanagement-in-vollzeit-borken-413898,"Mitarbeiter Vertragswesen, Sicherheiten- & Konsortialmanagement (m/w/d) in Vollzeit"
73,https://www.arbeitnow.com/jobs/companies/heilig-und-reuther-ecommerce-gbr/praktikantin-praktikant-online-marketing-deutschland-remote-unbezahlt-cologne-20187,Praktikantin/ Praktikant (w/m/d) - Online Marketing - Deutschland - Remote - unbezahlt
74,https://www.arbeitnow.com/jobs/companies/babor-cologne/beauty-stylistin-fur-professionelle-fuss-und-handpflege-auch-auf-selbstandiger-basis-moglich-cologne-86135,Beauty Stylist*in für professionelle Fuß- und Handpflege - auch auf selbständiger Basis möglich
74,https://www.arbeitnow.com/jobs/companies/dwr-eco-gmbh/senior-pr-beraterin-berlin-138139,Senior PR-Berater:in (w/m/d)
74,https://www.arbeitnow.com/jobs/companies/timleon/graphic-product-designer-wuppertal-373850,Graphic / Product Designer
74,https://www.arbeitnow.com/jobs/companies/mayflower-gmbh/senior-ai-solutions-entwicklerin-munich-380138,Senior AI Solutions Entwickler:in
74,https://www.arbeitnow.com/jobs/companies/mayflower-gmbh/senior-ai-solutions-entwicklerin-wurzburg-187573,Senior AI Solutions Entwickler:in
74,https://www.arbeitnow.com/jobs/companies/nitrado-marbis-gmbh/initiativbewerbung-berlin-40163,Initiativbewerbung (m/w/d)
74,https://www.arbeitnow.com/jobs/companies/kruger-media-gmbh/senior-social-media-managerin-wie-du-bist-berlin-313379,Senior Social Media Manager*in (wie/du/bist)
74,https://www.arbeitnow.com/jobs/companies/andrys-advisory-gmbh/berater-projektmanager-digitale-transformation-projektmanagement-prozessoptimierung-duren-329603,"Berater / Projektmanager (m/w/d) Digitale Transformation, Projektmanagement & Prozessoptimierung"
74,https://www.arbeitnow.com/jobs/companies/haebmau-ag/pr-trainee-fashion-munich-217233,PR-Trainee Fashion (m/w/d)
74,https://www.arbeitnow.com/jobs/companies/gfic/marketing-manager-nutritional-cosmetical-functional-food-ingredients-langen-420587,"Marketing Manager (m/f/d) Nutritional, Cosmetical & Functional Food Ingredients"
74,https://www.arbeitnow.com/jobs/companies/gkl-marketing-marktforschung-gmbh-cokg/projektmitarbeiterin-organisation-koordination-in-der-preismarktforschung-berlin-379281,Projektmitarbeiter*in (m/w/d) Organisation & Koordination in der Preismarktforschung
74,https://www.arbeitnow.com/jobs/companies/zweidigital-gmbh/online-marketing-manager-performance-frankfurt-am-main-75103,Online Marketing Manager - Performance (m/w/d)
74,https://www.arbeitnow.com/jobs/companies/mhlr-advisory/senior-consultant-remote-vor-ort-beim-kunden-braunschweig-331287,(Senior-) Consultant (m/w/d) - Remote + vor Ort beim Kunden
74,https://www.arbeitnow.com/jobs/companies/khipu-gmbh/mediengestalter-wuppertal-94773,Mediengestalter (m/w/d)
74,https://www.arbeitnow.com/jobs/companies/theobald-software-gmbh/senior-softwareentwickler-stuttgart-95592,Senior Softwareentwickler (m/w/d)
74,https://www.arbeitnow.com/jobs/companies/mindskills/praktikant-marketing-marktforschung-cologne-106531,Praktikant Marketing & Marktforschung (m/w/d)
74,https://www.arbeitnow.com/jobs/companies/scalefree-international-gmbh/praktikum-data-ai-engineering-hanover-134018,Praktikum (m/f/d) - Data & AI Engineering
74,https://www.arbeitnow.com/jobs/companies/heimer-marketing-gmbh/freelance-webdesignerin-mit-copywriting-fahigkeit-fur-e-mail-marketing-klaviyo-hamburg-406369,Freelance Webdesigner:in mit Copywriting Fähigkeit für E-Mail-Marketing / Klaviyo (m/w/d)
74,https://www.arbeitnow.com/jobs/companies/greenventory-gmbh/senior-business-development-sales-fokus-energiewende-freiburg-im-breisgau-273281,Senior Business Development / Sales - Fokus Energiewende
74,https://www.arbeitnow.com/jobs/companies/zomit-gmbh/it-administrator-systemadministrator-ohringen-276926,IT-Administrator / Systemadministrator (w/m/d)
74,https://www.arbeitnow.com/jobs/companies/embelly/senior-influencer-manager-health-supplements-berlin-389254,Senior Influencer Manager (Health/Supplements)(m/w/d)
74,https://www.arbeitnow.com/jobs/companies/sensys-magnetometers-survey-solutions/technical-solutions-engineer-bad-saarow-323329,Technical Solutions Engineer
74,https://www.arbeitnow.com/jobs/companies/dreifachai/werkstudentin-softwareentwicklung-bei-ki-startup-cologne-464933,Werkstudent:in Softwareentwicklung bei KI-Startup (m/w/d)
74,https://www.arbeitnow.com/jobs/companies/techpionier-next-gmbh/weiterbildung-online-6-monate-it-fachkraft-mit-schwerpunkt-cloud-computing-berlin-143282,Weiterbildung Online - 6 Monate - IT-Fachkraft mit Schwerpunkt Cloud Computing (m/w/d)
74,https://www.arbeitnow.com/jobs/companies/schweizer-personal-management-gmbh/assistenz-der-geschaftsleitung-essen-374125,Assistenz der Geschäftsleitung (m/w/d)
74,https://www.arbeitnow.com/jobs/companies/intellux-consulting-gmbh/senior-consultant-sap-security-berechtigungen-osnabruck-353552,Senior Consultant (m/w/d) SAP Security & Berechtigungen
74,https://www.arbeitnow.com/jobs/companies/federhenschneider/account-projektmanagerin-in-elternzeitvertretung-siegen-127820,Account- & Projektmanager:in (w/m/d)
74,https://www.arbeitnow.com/jobs/companies/asset-transformation-gmbh/projektassistenz-landshut-436852,Projektassistenz
74,https://www.arbeitnow.com/jobs/companies/asset-transformation-gmbh/bauleiterin-fassadensanierung-landshut-386050,Bauleiter:in Fassadensanierung
74,https://www.arbeitnow.com/jobs/companies/asset-transformation-gmbh/projektleiterin-fassadensanierung-landshut-458594,Projektleiter:in Fassadensanierung
74,https://www.arbeitnow.com/jobs/companies/moin-marketing-gmbh/software-entwickler-vollzeit-in-hamburg-114440,Software Entwickler (m/w/d) (Vollzeit in Hamburg)
74,https://www.arbeitnow.com/jobs/companies/liganova-gmbh/junior-art-director-all-genders-stuttgart-67926,Junior Art Director (all genders)
74,https://www.arbeitnow.com/jobs/companies/pflegia/data-scientist-ai-experimentation-berlin-33557,Data Scientist - AI & Experimentation (m/f/d)
74,https://www.arbeitnow.com/jobs/companies/f-focus-flow-gmbh/junior-beraterin-fur-wirksame-transformation-augsburg-338033,(Junior) Berater:in für wirksame Transformation (m/w/d)
74,https://www.arbeitnow.com/jobs/companies/yip-yips-gmbh/senior-designerin-in-vollzeit-aachen-408522,Senior Designer:in (m/w/d) in Vollzeit
74,https://www.arbeitnow.com/jobs/companies/beyond-outdoor-media/praktikum-redaktion-100-homeoffice-bereich-camping-outdoor-hamburg-68024,Praktikum Redaktion (100% HomeOffice) | Bereich Camping & Outdoor
74,https://www.arbeitnow.com/jobs/companies/schukat-electronic-vertriebs-gmbh/strategic-product-portfolio-manager-pemco-monheim-am-rhein-206957,Strategic Product Portfolio Manager PEMCO (m/w/x)
74,https://www.arbeitnow.com/jobs/companies/schukat-electronic-vertriebs-gmbh/strategic-product-portfolio-manager-semiconductors-monheim-am-rhein-13268,Strategic Product Portfolio Manager Semiconductors (m/w/x)
74,https://www.arbeitnow.com/jobs/companies/btg-badische-treuhand-gesellschaft/wirtschaftsprufer-jahresabschluss-unternehmensbewertung-rechnungslegung-lahr-282602,Wirtschaftsprüfer (m/w/d) Jahresabschluss / Unternehmensbewertung / Rechnungslegung
74,https://www.arbeitnow.com/jobs/companies/trustventure-gmbh/praktikum-junior-consultant-cologne-313150,Praktikum | Junior Consultant
74,https://www.arbeitnow.com/jobs/companies/solactive-ag/intern-equity-index-rebalance-operations-frankfurt-am-main-348393,Intern (m/f/d) Equity Index Rebalance - Operations
74,https://www.arbeitnow.com/jobs/companies/brainershub-gmbh/junior-art-director-hamburg-120748,(Junior) Art Director (m/w/d)
74,https://www.arbeitnow.com/jobs/companies/zeisberg-carbon-gmbh/fachpraktikum-im-bereich-social-media-offentlichkeitsarbeit-und-marketing-hanover-127095,"Fachpraktikum im Bereich Social Media, Öffentlichkeitsarbeit und Marketing (m/w/d)"
74,https://www.arbeitnow.com/jobs/companies/ingenieurburo-udo-w-kablitz/fachplaner-versorgungstechnik-tga-dipl-ing-master-bachelor-staatl-gepr-techniker-moers-381545,Fachplaner Versorgungstechnik TGA (m/w/d) (Dipl.---ing. / Master / Bachelor / Staatl. gepr. Techniker)
74,https://www.arbeitnow.com/jobs/companies/abat-ag/sales-manager-im-bereich-aerospace-defense-bremen-274160,Sales Manager im Bereich Aerospace & Defense m/w/d
74,https://www.arbeitnow.com/jobs/companies/dr-ing-preissing-ag/vertriebs-und-marketing-assistenz-unternehmensberatung-leonberg-85797,Vertriebs- und Marketing-Assistenz Unternehmensberatung (m/w/d)
74,https://www.arbeitnow.com/jobs/companies/abat-ag/sap-senior-berater-consultant-data-analytics-mwd-bremen-492921,SAP Senior Berater Consultant Data & Analytics / m|w|d
74,https://www.arbeitnow.com/jobs/companies/zimply-natural-gmbh/gesundheitsmanagement-praktikum-werkstudentin-schwerpunkt-marketing-munich-156651,Gesundheitsmanagement (m/w/d) - Praktikum / Werkstudent:in - Schwerpunkt Marketing
74,https://www.arbeitnow.com/jobs/companies/hanseranking-gmbh/seo-manager-hamburg-17501,SEO Manager (m/w/d)
74,https://www.arbeitnow.com/jobs/companies/grotemeier/ausbildung-zur-kauffrau-zum-kaufmann-fur-gross-und-aussenhandelsmanagement-bunde-166591,Ausbildung zur Kauffrau / zum Kaufmann (m/w/d) für Groß- und Außenhandelsmanagement
75,https://www.arbeitnow.com/jobs/companies/opus-holidays/sales-client-acquisition-remote-europe-us-au-nz-only-berlin-22448,"Sales & Client Acquisition (Remote | Europe, US, AU/NZ Only)"
75,https://www.arbeitnow.com/jobs/companies/concular/praktikum-werkstudierende-circular-construction-consulting-berlin-175285,Praktikum/Werkstudierende Circular Construction Consulting (w/m/d)
75,https://www.arbeitnow.com/jobs/companies/linis-bites/praktikum-social-media-ab-august-2026-in-munchen-min-6-monate-munich-13457,Praktikum Social Media (m/w/d) ab August 2026 in München - min. 6 Monate
75,https://www.arbeitnow.com/jobs/companies/tutario-gmbh/online-marketing-manager-fur-google-ads-social-media-hanover-22272,Online Marketing Manager (m/w/d) für Google Ads & Social Media
75,https://www.arbeitnow.com/jobs/companies/text-cortex-ai-ug-haftungsbeschrankt/senior-frontend-engineer-at-textcortex-ai-berlin-319752,Senior Frontend Engineer at TextCortex AI
75,https://www.arbeitnow.com/jobs/companies/metzner-e-mobility-gmbh/senior-sps-programmierer-neu-ulm-411040,Senior SPS-Programmierer (m/w/d)
75,https://www.arbeitnow.com/jobs/companies/avalia-gmbh-co-kg/praktikant-im-bereich-online-marketing-dresden-413004,Praktikant (m/w/d) im Bereich Online-Marketing
75,https://www.arbeitnow.com/jobs/companies/zweidigital-gmbh/performance-marketing-manager-frankfurt-am-main-159756,Performance Marketing Manager (m/w/d)
75,https://www.arbeitnow.com/jobs/companies/strategiep-personalberatung/software-entwickler-angular-java-wildeshausen-379454,Software-Entwickler Angular/Java (w/m/d)
75,https://www.arbeitnow.com/jobs/companies/ruhl-partner-steuerberater-wirtschaftsprufer/finanzbuchhalterin-in-voll-teilzeit-mit-flexwork-option-augsburg-98428,Finanzbuchhalter*in (m/w/d) in Voll-/Teilzeit mit FlexWork-Option
75,https://www.arbeitnow.com/jobs/companies/xpertsforwork-gmbh/projektingenieur-emsr-technik-ratingen-472520,Projektingenieur EMSR-Technik
75,https://www.arbeitnow.com/jobs/companies/real/social-media-manager-vollzeit-werkstudent-praktikum-salach-406780,Social Media Manager - Vollzeit / Werkstudent / Praktikum (m/w/d)
75,https://www.arbeitnow.com/jobs/companies/exwe-gmbh/senior-full-stack-entwicklerin-gn-in-dortmund-dusseldorf-keine-uberstunden-2-tage-remote-421354,Senior Full-Stack-Entwickler:in (Gn) In Dortmund & Düsseldorf - Keine Überstunden - 2 Tage Remote
75,https://www.arbeitnow.com/jobs/companies/fakt-gmbh/kfz-mechatroniker-benningen-393096,KFZ-Mechatroniker (m/w/d)
75,https://www.arbeitnow.com/jobs/companies/digital-workout-gmbh/microsoft-consultant-grunwald-118442,Microsoft Consultant (M/E/N/S/C/H))
75,https://www.arbeitnow.com/jobs/companies/student-pro/tech-co-founder-cologne-231939,Tech-Co-Founder (m/w/d)
75,https://www.arbeitnow.com/jobs/companies/prime-tec-gmbh/staatlich-geprufter-techniker-fachrichtung-kunststofftechnik-zella-mehlis-332797,Staatlich geprüfter Techniker - Fachrichtung Kunststofftechnik (m/w/d)
75,https://www.arbeitnow.com/jobs/companies/mingabyte/werkstudent-full-stack-softwareentwicklung-ki-anwendungen-munich-132425,Werkstudent Full-Stack Softwareentwicklung KI-Anwendungen (m/w/d)
75,https://www.arbeitnow.com/jobs/companies/zimmer-consulting-gmbh/b2b-senior-business-consultant-remote-hamburg-377407,B2B Senior Business Consultant (m/w/d) | Remote
75,https://www.arbeitnow.com/jobs/companies/tso-data-nurnberg-gmbh/projektleiter-fur-microsoft-dynamics-365-business-central-nuremberg-322043,Projektleiter für Microsoft Dynamics 365 Business Central (w/m/d)
75,https://www.arbeitnow.com/jobs/companies/inha-gmbh/servicemitarbeiter-werkzeugverleih-berlin-83141,Servicemitarbeiter (m/w/d) Werkzeugverleih
75,https://www.arbeitnow.com/jobs/companies/siut-gmbh/werkstudentin-im-bereich-marketing-kommunikation-social-media-content-creator-design-berlin-303386,"Werkstudent*in im Bereich Marketing, Kommunikation, Social Media Content Creator [Design] (m/w/d)"
75,https://www.arbeitnow.com/jobs/companies/onlinegen-gmbh/web-designer-fur-e-mail-marketing-teningen-352040,Web Designer für E-Mail Marketing
75,https://www.arbeitnow.com/jobs/companies/deandavid-franchise-gmbh/pflichtpraktikum-marketing-in-vollzeit-grafelfing-80849,Pflichtpraktikum Marketing (m/w/d) in Vollzeit
75,https://www.arbeitnow.com/jobs/companies/appsoluts-gmbh/backend-software-entwickler-remote-dusseldorf-fokus-auf-coding-moderne-tech-stacks-333405,"Backend Software Entwickler (m/w/d) - Remote / Düsseldorf - Fokus auf Coding, Moderne Tech Stacks"
75,https://www.arbeitnow.com/jobs/companies/picture-puzzle-medien-gmbh-co-kg/volontarin-kommunikation-und-pr-koln-471641,Volontär(in) Kommunikation und PR
75,https://www.arbeitnow.com/jobs/companies/prime-force-group/dein-neuer-job-it-consultant-input-management-digitalisierung-rheinhausen-328117,Dein neuer Job: IT-Consultant Input Management - Digitalisierung (w/d/m)
75,https://www.arbeitnow.com/jobs/companies/diqz-deutsches-institut-fur-qualitat-zertifizierung-gmbh/auditor-in-iso-9001-iso-14001-iso-27001-region-kassel-hannover-hamburg-als-freelancer-stuttgart-429873,"Auditor/in ISO 9001, ISO 14001, ISO 27001 (Region: Kassel, Hannover, Hamburg) als Freelancer"
75,https://www.arbeitnow.com/jobs/companies/strategiep-personalberatung/softwareentwickler-c-net-bremen-148417,Softwareentwickler C#/.NET (w/m/d)
75,https://www.arbeitnow.com/jobs/companies/werbeagentur-von-schickh-gmbh/grafik-design-praktikum-ab-ende-august-2026-karlsruhe-469305,Grafik-Design - Praktikum (w/x/m) ab Ende August 2026
75,https://www.arbeitnow.com/jobs/companies/airsphere-gmbh/technical-account-manager-seefeld-122183,Technical Account Manager
75,https://www.arbeitnow.com/jobs/companies/chair-of-production-engineering-of-e-mobility-components/wissenschaftliche-r-mitarbeiter-in-consulting-im-bereich-electric-drive-production-aachen-92335,Wissenschaftliche/r Mitarbeiter/in (w/m/d) Consulting im Bereich Electric Drive Production
75,https://www.arbeitnow.com/jobs/companies/kulturika-eventmanufaktur/mediengestaltung-grafikdesign-praktikum-bei-der-kulturika-eventmanufaktur-in-koln-cologne-499772,Mediengestaltung/ Grafikdesign Praktikum Bei Der Kulturika Eventmanufaktur In Köln
75,https://www.arbeitnow.com/jobs/companies/wirtschaftskanzlei-hannover/vertriebsassistentin-ronnenberg-415838,Vertriebsassistent*in (m/w/d)
75,https://www.arbeitnow.com/jobs/companies/udo-prost-global-finanz/immobiliardarlehensvermittler-mwd-siegen-186982,"Immobiliardarlehensvermittler (m,w,d)"
75,https://www.arbeitnow.com/jobs/companies/pt-software/werksstudent-software-development-frankfurt-am-main-287507,Werksstudent - Software Development
75,https://www.arbeitnow.com/jobs/companies/pt-software/full-stack-developer-frankfurt-am-main-477064,Full Stack Developer
75,https://www.arbeitnow.com/jobs/companies/deutsche-vermogensberatung-ag/vermogensberater-in-ratingen-80392,Vermögensberater/in
75,https://www.arbeitnow.com/jobs/companies/sk-software/frontend-developer-werkstudent-darmstadt-49919,Frontend Developer (m/w/d) - Werkstudent
75,https://www.arbeitnow.com/jobs/companies/sk-software/kundenbetreuung-und-telefonsupport-im-kunstmarkt-darmstadt-186977,Kundenbetreuung und Telefonsupport im Kunstmarkt
75,https://www.arbeitnow.com/jobs/companies/prosenio-ev/telefonische-kundenbetreuung-freelancer-halle-saale-60597,Telefonische Kundenbetreuung - Freelancer
75,https://www.arbeitnow.com/jobs/companies/medialine-eurotrade-ag/it-supporttechniker-in-dresden-257516,IT Supporttechniker (m/w/d) in Dresden
75,https://www.arbeitnow.com/jobs/companies/wirtschaftskanzlei-hannover/assistent-in-ronnenberg-341498,Assistent/-in (𝐦/𝐰/𝐝)
75,https://www.arbeitnow.com/jobs/companies/medialine-eurotrade-ag/it-backup-engineer-dresden-259153,IT Backup Engineer (m/w/d)
75,https://www.arbeitnow.com/jobs/companies/nextaudit/werkstudent-softwareentwickler-vuejs-aachen-480888,Werkstudent (w/m/d) Softwareentwickler - Vue.js
75,https://www.arbeitnow.com/jobs/companies/chenyang-technologies-gmbh-cokg/intern-in-the-area-sales-finsing-229747,Intern (m/w/d) in the area: Sales
75,https://www.arbeitnow.com/jobs/companies/lischke-consulting-gmbh/consultant-lean-production-hamburg-400847,Consultant Lean Production (m/w/d).
75,https://www.arbeitnow.com/jobs/companies/verwoehnwochenendede/praktikum-im-online-marketing-tourismus-krefeld-218913,Praktikum im - Online-Marketing (Tourismus) (m/w/d)
75,https://www.arbeitnow.com/jobs/companies/exorior-financial-services-gmbh/kaufmann-fur-versicherung-und-finanzen-haste-12909,Kaufmann für Versicherung und Finanzen (m/w/d)
75,https://www.arbeitnow.com/jobs/companies/forumfinanz-ag/ausbildung-zum-versicherungsfachmann-m-w-nach-34d-mit-ihk-abschluss-viernheim-320567,Ausbildung zum Versicherungsfachmann (m/w) nach §34d mit IHK-Abschluss
76,https://www.arbeitnow.com/jobs/companies/icdn-gmbh/kaufleute-im-it-system-management-horstmar-465463,Kaufleute im IT-System-Management (w/m/d)
76,https://www.arbeitnow.com/jobs/companies/fenstercom/frontend-developer-stuttgart-238885,Frontend Developer (m/w/d)
76,https://www.arbeitnow.com/jobs/companies/systhemis-ag/senior-lead-developer-und-architect-java-web-wurzburg-144183,Senior Lead Developer und Architect Java & Web (m/w/d)
76,https://www.arbeitnow.com/jobs/companies/deutsche-vermogensberatung/vermogensberater-essen-92781,Vermögensberater
76,https://www.arbeitnow.com/jobs/companies/der-finanzoptimist/praktikant-fur-nachhaltiges-investment-frankfurt-am-main-269998,Praktikant für Nachhaltiges Investment (m/w/d)
76,https://www.arbeitnow.com/jobs/companies/ebi-computerlosungen/it-administratorin-vollzeit-oder-teilzeit-ho-moglich-karlsruhe-432665,"IT - Administrator:in (Vollzeit oder Teilzeit), HO möglich"
76,https://www.arbeitnow.com/jobs/companies/p4-software-consulting-gmbh/erp-anwendungsentwickler-bad-munstereifel-491622,ERP Anwendungsentwickler (m/w/d)
76,https://www.arbeitnow.com/jobs/companies/witefield-gmbh/pflicht-praktikant-social-media-content-creation-frankfurt-am-main-198874,(Pflicht-)Praktikant Social Media/Content Creation (m/w/d)
76,https://www.arbeitnow.com/jobs/companies/ibuqas-gmbh-co-kg/sicherheitsingenieur-fachkraft-mossingen-391028,Sicherheitsingenieur/-Fachkraft
76,https://www.arbeitnow.com/jobs/companies/bizcon-ag/junior-it-consultant-pam-iam-munich-17377,Junior IT Consultant PAM/IAM
76,https://www.arbeitnow.com/jobs/companies/protectone-ek/it-security-consultant-engineer-network-security-m-w-dusseldorf-71612,IT Security Consultant / Engineer Network Security (m/w)
76,https://www.arbeitnow.com/jobs/companies/secosys-it/senior-it-support-spezialist-it-administrator-erfurt-236895,Senior IT-Support-Spezialist - IT-Administrator (m/w/d)
76,https://www.arbeitnow.com/jobs/companies/ruhl-partner-steuerberater-wirtschaftsprufer/steuerfachangestellte-in-teil-vollzeit-mit-flexwork-option-augsburg-410075,Steuerfachangestellte (m/w/d) in Teil-/Vollzeit mit FlexWork-Option
76,https://www.arbeitnow.com/jobs/companies/medialine-eurotrade-ag/system-engineer-raum-bayern-munich-306998,System Engineer (m/w/d) Raum Bayern
76,https://www.arbeitnow.com/jobs/companies/vioneers/praktikant-im-online-marketing-corporate-communication-backnang-182645,Praktikant im Online Marketing / Corporate Communication (w/m/d)
76,https://www.arbeitnow.com/jobs/companies/amz-advertise-gmbh/amazon-performance-marketing-manager-flensburg-466571,Amazon Performance Marketing Manager
76,https://www.arbeitnow.com/jobs/companies/medialine-eurotrade-ag/it-consultant-infrastructure-dell-emc-wiesbaden-493668,IT Consultant Infrastructure (DELL/EMC) (m/w/d)
76,https://www.arbeitnow.com/jobs/companies/hcf-hanse-coprorate-finance-gmbh/senior-ma-corporate-finance-manager-munich-405107,Senior M&A / Corporate Finance Manager
76,https://www.arbeitnow.com/jobs/companies/metzgerei-boneberger-gmbh/verkaufer-in-quereinsteiger-verkauf-metzgerei-in-vollzeit-teilzeit-in-starnberg-gauting-115470,Verkäufer/in -Quereinsteiger Verkauf Metzgerei (m/w/d) in Vollzeit / Teilzeit in Starnberg & Gauting
76,https://www.arbeitnow.com/jobs/companies/app-audit-gmbh-wirtschaftsprufungsgesellschaft/einsteiger-prufungsleiter-senior-wirtschaftsprufung-financial-services-mainz-371558,Einsteiger/Prüfungsleiter/Senior Wirtschaftsprüfung Financial Services (m/w/d)
76,https://www.arbeitnow.com/jobs/companies/schlegel-und-partner-gmbh/praktikum-internationale-trends-und-markt-analysen-weinheim-427530,Praktikum internationale Trends und Markt Analysen!
76,https://www.arbeitnow.com/jobs/companies/hgc-hamburg-gas-consult-gmbh/elektrotechnik-fur-energieerzeugung-planung-bauuberwachung-in-hamburg-357712,Elektrotechnik für Energieerzeugung - Planung/Bauüberwachung in Hamburg (m/w/d)
76,https://www.arbeitnow.com/jobs/companies/gurado-gmbh/online-marketing-manager-dortmund-88477,Online Marketing Manager
76,https://www.arbeitnow.com/jobs/companies/hgc-hamburg-gas-consult-gmbh/versorgungsinfrastruktur-planung-bauuberwachung-in-hamburg-350303,Versorgungsinfrastruktur - Planung/Bauüberwachung in Hamburg (m/w/d)
76,https://www.arbeitnow.com/jobs/companies/fluttera/call-center-agent-inbound-dsl-rheda-wiedenbruck-64258,Call Center Agent Inbound DSL
76,https://www.arbeitnow.com/jobs/companies/tivity/solution-architect-digital-product-development-full-remote-mwd-munich-260468,Solution Architect - Digital Product Development (FULL REMOTE) m|w|d
76,https://www.arbeitnow.com/jobs/companies/tivity/it-consultant-digital-product-development-full-remote-mwd-munich-78880,IT Consultant - Digital Product Development (FULL REMOTE) m|w|d
76,https://www.arbeitnow.com/jobs/companies/bitquarter-gmbh/java-fullstack-developer-limeshain-388518,JAVA Fullstack Developer (m/w/d)
76,https://www.arbeitnow.com/jobs/companies/plehn-media/typo3-senior-developer-in-voll-oder-teilzeit-gesucht-festanstellung-100-remote-osnabruck-163311,TYPO3 Senior Developer (m/w/d) in Voll- oder Teilzeit gesucht (Festanstellung) 100% remote
76,https://www.arbeitnow.com/jobs/companies/digitalbegleiter/praktikum-in-ux-design-branding-bezahlt-berlin-184416,Praktikum in UX Design & Branding (Bezahlt)
76,https://www.arbeitnow.com/jobs/companies/sparkasse-passau/ausbildung-zum-bankkaufmann-passau-419408,Ausbildung zum Bankkaufmann (m/w/d)
76,https://www.arbeitnow.com/jobs/companies/radmarkt-gurtner/verkaufer-landshut-80638,Verkäufer m/w/d
76,https://www.arbeitnow.com/jobs/companies/network-corporate-finance/associate-debt-advisory-frankfurt-am-main-457596,Associate Debt Advisory (m/f/d)
76,https://www.arbeitnow.com/jobs/companies/network-corporate-finance/analyst-debt-advisory-frankfurt-am-main-348199,Analyst Debt Advisory (m/f/d)
76,https://www.arbeitnow.com/jobs/companies/network-corporate-finance/associate-ma-advisory-in-dusseldorf-156155,Associate M&A Advisory (m/f/d) in Düsseldorf
76,https://www.arbeitnow.com/jobs/companies/network-corporate-finance/analyst-ma-advisory-in-dusseldorf-379292,Analyst M&A Advisory (m/f/d) in Düsseldorf
76,https://www.arbeitnow.com/jobs/companies/network-corporate-finance/internship-debt-advisory-frankfurt-am-main-44826,Internship Debt Advisory (m/f/d)
76,https://www.arbeitnow.com/jobs/companies/salopt-gmbh/lohnsachbearbeiter-lohnbuchhalter-berlin-193922,Lohnsachbearbeiter / Lohnbuchhalter (m/w/d)
76,https://www.arbeitnow.com/jobs/companies/fmbe-gmbh/elektroniker-elektriker-als-service-techniker-mobilfunk-gross-gerau-430365,Elektroniker/ Elektriker (m/w/d) als Service-Techniker Mobilfunk
76,https://www.arbeitnow.com/jobs/companies/medialine-eurotrade-ag/it-consultant-netzwerk-dresden-158672,IT Consultant Netzwerk (m/w/d)
76,https://www.arbeitnow.com/jobs/companies/netzproduzenten-gmbh/google-ads-sea-marketing-manager-e-commerce-performance-marketing-dresden-414609,Google Ads / SEA Marketing Manager (m/w/d) | E-Commerce | Performance Marketing
76,https://www.arbeitnow.com/jobs/companies/gramercy-global-media-gmbh/online-marketing-trainee-berlin-484896,Online Marketing Trainee
76,https://www.arbeitnow.com/jobs/companies/acelsis-gmbh/sap-abap-entwickler-in-vollzeit-teilzeit-leinfelden-echterdingen-72935,SAP ABAP Entwickler (m/w/d) in Vollzeit/Teilzeit
76,https://www.arbeitnow.com/jobs/companies/locaterisk-gmbh/junior-it-security-consultant-werkstudentin-german-c1-darmstadt-139122,Junior IT-Security Consultant/Werkstudent:in (m/w/d) German C1
76,https://www.arbeitnow.com/jobs/companies/digitaleboxde/praktikant-in-social-media-marketing-aachen-27056,Praktikant/in Social Media / Marketing
76,https://www.arbeitnow.com/jobs/companies/viccon-gmbh/senior-consultant-informationssicherheit-cybersicherheit-isms-iso-27001-lead-auditor-grundschutz-berater-bcm-ettlingen-284812,"Senior Consultant (m/w/d) Informationssicherheit Cybersicherheit (ISMS ISo 27001), Lead Auditor, Grundschutz Berater, BCM"
76,https://www.arbeitnow.com/jobs/companies/johanns-systemhaus-gmbh/fachinformatiker-fur-systemintegration-bitburg-72424,Fachinformatiker für Systemintegration (m/w/d)
76,https://www.arbeitnow.com/jobs/companies/salopt-gmbh/fachassistent-lohn-gehalt-berlin-39736,Fachassistent Lohn & Gehalt (m/w/d)
76,https://www.arbeitnow.com/jobs/companies/horbach-berlin/werkstudent-financial-consultant-berlin-300133,Werkstudent Financial Consultant
76,https://www.arbeitnow.com/jobs/companies/e1-management-consulting-gmbh/consultant-projektleiter-energiewirtschaft-hamburg-6382,Consultant / Projektleiter Energiewirtschaft (m/w/d)
77,https://www.arbeitnow.com/jobs/companies/swiss-life-select-herford-oliver-walkenhorst/duales-studium-wirtschaftspsychologie-oder-business-administration-betriebswirtschaft-hanover-150763,Duales Studium Wirtschaftspsychologie (m/w/d) oder Business Administration & Betriebswirtschaft
77,https://www.arbeitnow.com/jobs/companies/clairfield-international-gmbh/international-ma-praktikant-und-analyst-stuttgart-421774,International M&A Praktikant und Analyst (m/w/d)
77,https://www.arbeitnow.com/jobs/companies/strachwitzgerhard-next-level-interact/junior-projektmanager-werbung-berlin-477461,Junior Projektmanager (m/w/d) Werbung
77,https://www.arbeitnow.com/jobs/companies/bitsbirds-gmbh/praktikum-recruiting-operations-hamburg-374461,Praktikum Recruiting & Operations (m/w/d) Hamburg
77,https://www.arbeitnow.com/jobs/companies/bauwert-projektmanagement-gmbh-co-kg/projektmitarbeit-mit-schwerpunkt-vgv-verfahrensbetreuung-teilzeit-nach-absprache-limburg-137676,"Projektmitarbeit (m/w/d) mit Schwerpunkt VgV-Verfahrensbetreuung (Teilzeit, nach Absprache)"
77,https://www.arbeitnow.com/jobs/companies/bavaria-deminimis-gmbh/key-account-manager-vertrieb-stuttgart-ulm-nurnberg-frankfurt-munchen-garching-180860,"Key Account Manager (m/w/d) Vertrieb Stuttgart, Ulm, Nürnberg, Frankfurt, München"
77,https://www.arbeitnow.com/jobs/companies/pb3c-gmbh/trainee-public-relations-berlin-498792,Trainee Public Relations (m/w/d)
77,https://www.arbeitnow.com/jobs/companies/schalt-technik-huber-gmbh/projektleiterin-garching-326102,Projektleiter:in
77,https://www.arbeitnow.com/jobs/companies/horbach-center-frankfurt/praktikum-financial-consultant-frankfurt-am-main-408844,Praktikum Financial Consultant (m/w/d)
77,https://www.arbeitnow.com/jobs/companies/horbach-center-frankfurt/financial-consultant-internship-frankfurt-am-main-414517,Financial Consultant Internship (m/f/d)
77,https://www.arbeitnow.com/jobs/companies/compart-it-solutions-gmbh/ausbildung-zum-fachinformatiker-systemintegration-2025-lunen-17321,Ausbildung zum Fachinformatiker Systemintegration (m/w/d) (2025)
77,https://www.arbeitnow.com/jobs/companies/enmore-consulting-ag/senior-developer-sap-for-utilities-griesheim-283084,Senior Developer SAP for Utilities (m/w/d)
77,https://www.arbeitnow.com/jobs/companies/digital-trendteam/praktikum-hr-management-employer-branding-in-jungem-start-up-mainz-480034,Praktikum HR-Management & Employer Branding (m/w/d) in jungem Start-Up
77,https://www.arbeitnow.com/jobs/companies/franz-kohlack-consulting/werkstudent-aushilfe-im-bereich-marketing-jena-363755,Werkstudent - Aushilfe im Bereich Marketing (m/w/d)
77,https://www.arbeitnow.com/jobs/companies/chair-of-production-engineering-of-e-mobility-components/wissenschaftliche-r-mitarbeiter-in-consulting-in-den-bereichen-battery-engineering-safety-battery-production-aachen-39787,Wissenschaftliche/r Mitarbeiter/in (w/m/d) Consulting in den Bereichen Battery Engineering & Safety/ Battery Production
77,https://www.arbeitnow.com/jobs/companies/vielfalter-gmbh-co-kg/praktikum-kreation-bottrop-163606,Praktikum Kreation (m/w/d)
77,https://www.arbeitnow.com/jobs/companies/cloudworx/trainee-consulting-salesforce-entwickler-munich-54445,Trainee Consulting & Salesforce-Entwickler (m/w/d)
77,https://www.arbeitnow.com/jobs/companies/digitaleboxde/praktikant-in-graphikdesign-medien-social-media-ismaning-472840,Praktikant/in Graphikdesign / Medien / Social Media
77,https://www.arbeitnow.com/jobs/companies/kursfreunde-gmbh/strukturierter-digital-content-creator-munich-474472,Strukturierter Digital Content Creator
77,https://www.arbeitnow.com/jobs/companies/strachwitzgerhard-next-level-interact/junior-art-director-berlin-457638,Junior Art Director (m/w/d)
77,https://www.arbeitnow.com/jobs/companies/die-griechen/praktikum-marketing-social-media-manager-in-cologne-155959,Praktikum Marketing & Social Media Manager/in
77,https://www.arbeitnow.com/jobs/companies/seibertlink-steuerberatungsgesellschaft-mbh/steuerberater-in-stuttgart-345886,Steuerberater/-in (m/w/d)
77,https://www.arbeitnow.com/jobs/companies/bauwert-projektmanagement-gmbh-co-kg/architekt-ingenieur-lp-1-9-ab-sofort-gesucht-mit-mind-3-5-jahren-berufserfahrung-limburg-69617,"Architekt / Ingenieur (m/w/d) LP 1 9 ab sofort gesucht, mit mind. 3 5 Jahren Berufserfahrung"
77,https://www.arbeitnow.com/jobs/companies/rohrreinigung-bernhard-mayer/mitarbeiter-fur-rohrreinigung-klempner-in-und-installateur-in-in-neusass-gesucht-280397,Mitarbeiter (m/w/d) für Rohrreinigung (Klempner/in und Installateur/in) in Neusäß gesucht
77,https://www.arbeitnow.com/jobs/companies/doworks-gmbh/it-administrator-it-consultant-dortmund-119647,"IT-Administrator, IT-Consultant (m/w/d)"
77,https://www.arbeitnow.com/jobs/companies/ingenieurburo-moller-meyer-gotha-ingenieurgesellschaft-fur-technische-gebaudeausrustung-mbh/projektingenieur-technische-gebaudeausrustung-gotha-108913,Projektingenieur Technische Gebäudeausrüstung (m/w/d) (Gotha)
77,https://www.arbeitnow.com/jobs/companies/hcf-hanse-coprorate-finance-gmbh/praktikanten-m-w-fur-den-bereich-ma-corporate-finance-munich-159471,Praktikanten (m/w) für den Bereich M&A Corporate Finance
77,https://www.arbeitnow.com/jobs/companies/linkcare-gmbh/consultant-healthcare-berlin-104774,Consultant Healthcare (m/w/d)
77,https://www.arbeitnow.com/jobs/companies/vmapit-gmbh/praktikant-in-fur-praktisches-semester-in-den-bereichen-app-entwicklung-ui-design-projektmanagement-it-mannheim-312050,Praktikant/in für praktisches Semester (m/w/d) in den Bereichen App-Entwicklung / UI-Design / Projektmanagement-IT
77,https://www.arbeitnow.com/jobs/companies/oh-my-fantasy/jahrespraktikum-fos-im-e-commerce-munich-59017,Jahrespraktikum FOS (m/w/d) im E-Commerce
77,https://www.arbeitnow.com/jobs/companies/iff-engineering-consulting-gmbh/versuchsmechaniker-pruffeld-leipzig-164388,Versuchsmechaniker (m/w/d) Prüffeld
77,https://www.arbeitnow.com/jobs/companies/neumann-krause-gmbh/kundenberater-samsung-berlin-351788,Kundenberater (m/w/d) Samsung
77,https://www.arbeitnow.com/jobs/companies/autohaus-echterstrasse-gmbh/kfz-mechatroniker-karlstadt-am-main-82270,Kfz-Mechatroniker (m/w/d)
77,https://www.arbeitnow.com/jobs/companies/bahnelektroplanung-bep-gmbh/planer-leit-und-sicherungstechnik-karlsruhe-103522,Planer Leit- und Sicherungstechnik (m/w/d)
77,https://www.arbeitnow.com/jobs/companies/medialine-eurotrade-ag/system-engineer-consultant-microsoft-technologien-sobernheim-317230,System Engineer / Consultant Microsoft Technologien (m/w/d)
77,https://www.arbeitnow.com/jobs/companies/schulz-cie-consulting-gmbh/compliance-officer-unterfohring-225177,Compliance Officer (m/w/d)
77,https://www.arbeitnow.com/jobs/companies/ingenieurburo-moller-meyer-gotha-ingenieurgesellschaft-fur-technische-gebaudeausrustung-mbh/projektingenieur-technische-gebaudeausrustung-greifenberg-88497,Projektingenieur Technische Gebäudeausrüstung (m/w/d) (Greifenberg)
77,https://www.arbeitnow.com/jobs/companies/gantner-schmidt-wirtschaftskanzlei-gmbh/unternehmensberater-gesucht-fur-unsere-kanzlei-hamburg-332687,Unternehmensberater gesucht für unsere Kanzlei
77,https://www.arbeitnow.com/jobs/companies/schwab-industries-gmbh/fachkraft-arbeitssicherheit-sulzheim-212094,Fachkraft Arbeitssicherheit (m/w/d)
77,https://www.arbeitnow.com/jobs/companies/go-intech-it-service-net/it-servicetechniker-in-fur-it-supermarkt-rollouts-hamburg-175982,IT-Servicetechniker/in (M/W/D) für IT-Supermarkt- Rollouts
77,https://www.arbeitnow.com/jobs/companies/bajorath-energy-performance-solutions-gmbh/projektleiter-shk-ingenieur-meister-osnabruck-38885,Projektleiter SHK / Ingenieur / Meister
77,https://www.arbeitnow.com/jobs/companies/app-audit-gmbh-wirtschaftsprufungsgesellschaft/praktikant-werkstudent-wirtschaftsprufung-financial-services-gensingen-102736,Praktikant/Werkstudent Wirtschaftsprüfung Financial Services (m/w/d)
77,https://www.arbeitnow.com/jobs/companies/go-intech-it-service-net/it-servicetechniker-in-fur-it-schadensprufungen-berlin-89551,IT-Servicetechniker/in (M/W/D) für IT- Schadensprüfungen
77,https://www.arbeitnow.com/jobs/companies/medialine-eurotrade-ag/it-consultant-netzwerk-berlin-344335,IT Consultant Netzwerk (m/w/d)
77,https://www.arbeitnow.com/jobs/companies/medialine-eurotrade-ag/it-consultant-im-bereich-backup-berlin-12400,IT Consultant im Bereich Backup (m/w/d)
77,https://www.arbeitnow.com/jobs/companies/medialine-eurotrade-ag/it-consultant-vmware-dresden-478755,IT Consultant VMware (m/w/d)
77,https://www.arbeitnow.com/jobs/companies/rm-inkasso-gmbh/inkassosachbearbeitung-hofheim-36988,Inkassosachbearbeitung
77,https://www.arbeitnow.com/jobs/companies/aitad-gmbh/werkstudent-praktikant-im-bereich-embedded-produktion-leiterplattenfertigung-oder-data-science-offenburg-191929,"Werkstudent/Praktikant im Bereich Embedded, Produktion, Leiterplattenfertigung oder Data Science (m/w/d)"
77,https://www.arbeitnow.com/jobs/companies/kdw-care-gmbh/sachbearbeiter-gesucht-stralsund-229684,Sachbearbeiter gesucht (m/w/d)
77,https://www.arbeitnow.com/jobs/companies/incoretex-gmbh/junior-software-entwickler-software-engineer-aachen-494509,Junior Software-Entwickler / Software Engineer (m/w/d)
78,https://www.arbeitnow.com/jobs/companies/clinicom-gmbh/mediaberater-verl-28253,Mediaberater
78,https://www.arbeitnow.com/jobs/companies/ocean-fighter/pflichtpraktikum-schulerpraktikum-im-bereich-modedesign-auch-home-office-moglich-munich-311116,Pflichtpraktikum/Schülerpraktikum im Bereich Modedesign (auch Home-Office möglich)
78,https://www.arbeitnow.com/jobs/companies/ocean-fighter/pflichtpraktikum-schulerpraktikum-im-bereich-social-media-marketing-auch-home-office-moglich-munich-449748,Pflichtpraktikum/Schülerpraktikum im Bereich Social Media Marketing (auch Home-Office möglich)
78,https://www.arbeitnow.com/jobs/companies/gantner-schmidt-wirtschaftskanzlei-gmbh/unternehmensberater-gesucht-auch-in-ihrer-region-hamburg-167181,"Unternehmensberater gesucht, auch in Ihrer Region!"
78,https://www.arbeitnow.com/jobs/companies/energieberatung-giobbe/technischer-zeichner-heizung-velbert-146517,Technischer Zeichner Heizung
78,https://www.arbeitnow.com/jobs/companies/medialine-eurotrade-ag/it-consultant-linux-unix-berlin-271483,IT Consultant Linux/Unix (m/w/d)
78,https://www.arbeitnow.com/jobs/companies/medialine-eurotrade-ag/it-consultant-linux-unix-dresden-292125,IT Consultant Linux/Unix (m/w/d)
78,https://www.arbeitnow.com/jobs/companies/wiesingermedia-gmbh/ausbildungsplatz-mediengestalter-digital-und-print-fellbach-125528,Ausbildungsplatz Mediengestalter Digital und Print (w/m/d)
78,https://www.arbeitnow.com/jobs/companies/hock-und-partner-gmbh/pflicht-bzw-orientierungspraktikum-projektmanagement-hamburg-81845,Pflicht- bzw. Orientierungspraktikum Projektmanagement (w/m/d)
78,https://www.arbeitnow.com/jobs/companies/haskom-gmbh/account-manager-inside-sales-ehningen-411515,Account Manager Inside Sales (m/w/d)
78,https://www.arbeitnow.com/jobs/companies/ht-kommunikation-gmbh-cokg/it-techniker-2nd-level-oberkirch-422988,IT TECHNIKER 2nd Level (m/w/d)
78,https://www.arbeitnow.com/jobs/companies/oilroq-gmbh/leitung-verfahrenstechnik-ingenieur-in-chemietechnik-halle-saale-174489,Leitung Verfahrenstechnik (Ingenieur/in - Chemietechnik)
78,https://www.arbeitnow.com/jobs/companies/thomas-stunkel-engineering-gmbh/montageleitung-leitmonteur-emsr-anlagen-hanover-59692,Montageleitung/Leitmonteur EMSR-Anlagen
78,https://www.arbeitnow.com/jobs/companies/sport-forg-gmbh-cokg/flachenmanager-in-fur-den-verkauf-von-sportartikeln-hartware-schuhe-textil-in-voll-oder-teilzeit-in-unserem-sportoutlet-im-fabrikschloss-aug-338192,Flächenmanager/in (m/w/d) für den Verkauf von Sportartikeln (Hartware/Schuhe/Textil) in Voll- oder Teilzeit in unserem Sportoutlet im Fabrikschloß
78,https://www.arbeitnow.com/jobs/companies/phoneklinik/sales-manager-munich-176059,Sales Manager (w/m/d)
78,https://www.arbeitnow.com/jobs/companies/maconda/praktikum-in-der-unternehmensberatung-cologne-117953,Praktikum in der Unternehmensberatung
78,https://www.arbeitnow.com/jobs/companies/eepi-gmbh/bauingenieure-schwerpunkt-infrastrukturplanung-saarbrucken-228996,Bauingenieure | Schwerpunkt Infrastrukturplanung (m/w/d)
78,https://www.arbeitnow.com/jobs/companies/softwarestack-gmbh/praktikum-werkstudent-abschlussarbeit-bachelor-master-thesis-marketing-villingen-schwenningen-419412,Praktikum / Werkstudent / Abschlussarbeit Bachelor / Master Thesis (m/w/d) Marketing
78,https://www.arbeitnow.com/jobs/companies/diep-ingenieure/elektroingenieur-fachplaner-planungsingenieur-elektrotechnik-dresden-433468,Elektroingenieur | Fachplaner | Planungsingenieur Elektrotechnik (m/w/d)
78,https://www.arbeitnow.com/jobs/companies/zweidigital-gmbh/performance-marketing-manager-fur-b2b-frankfurt-am-main-487297,Performance Marketing Manager für B2B (m/w/d)
78,https://www.arbeitnow.com/jobs/companies/goacademy-sprachschule-dusseldorf/trainee-dusseldorf-442459,Trainee
78,https://www.arbeitnow.com/jobs/companies/go-intech/it-servicetechniker-in-fur-it-supermarkt-rollouts-hamburg-108087,IT-Servicetechniker/in (M/W/D) für IT-Supermarkt- Rollouts
78,https://www.arbeitnow.com/jobs/companies/go-intech/it-servicetechniker-in-fur-it-schadensprufungen-wiesbaden-175272,IT-Servicetechniker/in (M/W/D) für IT- Schadensprüfungen
78,https://www.arbeitnow.com/jobs/companies/more-bernhard-muller-gmbh/praktikantin-mobeldesign-hamburg-370990,Praktikant*in Möbeldesign
78,https://www.arbeitnow.com/jobs/companies/medialine-eurotrade-ag/it-backup-engineer-in-cottbus-445431,IT Backup Engineer (m/w/d) in Cottbus
78,https://www.arbeitnow.com/jobs/companies/eepi-gmbh/bauingenieur-als-fuhrungskraft-schwerpunkt-infrastrukturplanung-saarbrucken-262177,Bauingenieur als Führungskraft | Schwerpunkt Infrastrukturplanung (m/w/d)
78,https://www.arbeitnow.com/jobs/companies/jc-eckardt-gmbh/elektriker-gladbeck-50020,Elektriker (m/w/d)
78,https://www.arbeitnow.com/jobs/companies/horbach-investment-consulting/praktikum-financial-consultant-stuttgart-260372,Praktikum Financial Consultant (m/w/d)
78,https://www.arbeitnow.com/jobs/companies/horbach-investment-consulting/trainee-financial-consultant-stuttgart-44081,Trainee Financial Consultant (m/w/d)
78,https://www.arbeitnow.com/jobs/companies/medialine-eurotrade-ag/junior-it-consultant-infrastructure-wiesbaden-277146,Junior IT Consultant Infrastructure (m/w/d)
78,https://www.arbeitnow.com/jobs/companies/pflanzen-forum-gmbh/innenraumbegrunerinnen-gartnerinnen-zierpflanzenbau-bodenheim-257381,Innenraumbegrüner*Innen / Gärtner*Innen / Zierpflanzenbau (M/W/D)
78,https://www.arbeitnow.com/jobs/companies/interengineer-gmbh/safety-engineer-ingenieur-funktionale-sicherheit-wolfenbuttel-464436,Safety Engineer/ Ingenieur (m/w/d) Funktionale Sicherheit
78,https://www.arbeitnow.com/jobs/companies/incoretex-gmbh/werkstudent-in-softwareentwicklung-backend-data-processing-aachen-255729,Werkstudent/in Softwareentwicklung Backend & Data Processing (m/w/d)
78,https://www.arbeitnow.com/jobs/companies/mightycare-solutions-gmbh/it-system-administrator-frankfurt-am-main-26308,IT System Administrator (m/w/d)
78,https://www.arbeitnow.com/jobs/companies/italia-marketing-gmbh/internship-international-business-development-management-sales-focus-italy-bonn-236873,"Internship International Business Development Management, Sales (Focus Italy)"
78,https://www.arbeitnow.com/jobs/companies/schulz-cie-consulting-gmbh/risikocontrollerin-fur-finanzunternehmen-munich-324571,Risikocontroller:in für Finanzunternehmen
78,https://www.arbeitnow.com/jobs/companies/schulz-cie-consulting-gmbh/senior-legal-regulatory-compliance-officer-munich-272959,Senior Legal & Regulatory Compliance Officer (m/f/d)
78,https://www.arbeitnow.com/jobs/companies/schulz-cie-consulting-gmbh/legal-compliance-managerin-munich-191719,Legal Compliance Manager*in (m/w/d)
78,https://www.arbeitnow.com/jobs/companies/tutorize-gmbh/werksstudent-softwareentwicklerin-web-koblenz-346465,Werksstudent Softwareentwickler:in Web (m/w/d)
78,https://www.arbeitnow.com/jobs/companies/jc-eckardt-gmbh/elektriker-marl-171877,Elektriker (m/w/d)
78,https://www.arbeitnow.com/jobs/companies/jc-eckardt-gmbh/planer-emsr-technik-ludwigshafen-257697,Planer EMSR-Technik (m/w/d)
78,https://www.arbeitnow.com/jobs/companies/jc-eckardt-gmbh/obermonteur-ludwigshafen-452844,Obermonteur (m/w/d)
78,https://www.arbeitnow.com/jobs/companies/jc-eckardt-gmbh/monteur-msr-technik-gladbeck-454979,Monteur MSR-Technik (m/w/d)
78,https://www.arbeitnow.com/jobs/companies/interengineer-gmbh/ingenieur-techniker-funktionale-sicherheit-kollmar-421956,Ingenieur/ Techniker (m/w/d) Funktionale Sicherheit
78,https://www.arbeitnow.com/jobs/companies/lischke-consulting-gmbh/senior-consultant-operational-excellence-hamburg-57587,Senior Consultant Operational Excellence (m/w/d).
78,https://www.arbeitnow.com/jobs/companies/m-consult-gmbh/technischer-systemplanerin-technischer-zeichnerin-in-der-anlagen-und-rohrleitungsplanung-eching-276296,Technischer Systemplaner(in) (w/m/d) Technischer Zeichner(in) (w/m/d) in der Anlagen- und Rohrleitungsplanung
78,https://www.arbeitnow.com/jobs/companies/dfrost-retail-identity/pflichtpraktikum-social-media-pr-ab-marz-2027-stuttgart-498375,Pflichtpraktikum Social Media & Pr Ab März 2027 (W/M/D)
78,https://www.arbeitnow.com/jobs/companies/linkcare-gmbh/junior-consultant-healthcare-berlin-190910,Junior Consultant Healthcare
78,https://www.arbeitnow.com/jobs/companies/volle-kanne-immer-ug-cokg/servicetechniker-leipzig-58337,Servicetechniker (m/w/d)
78,https://www.arbeitnow.com/jobs/companies/dr-glade-konig-partner-gmbh/steuerberater-in-teilzeit-oder-4-tage-woche-moglich-neuss-166717,Steuerberater/in (w/m/d) Teilzeit oder 4 Tage Woche möglich
79,https://www.arbeitnow.com/jobs/companies/cortina-consult/auszubildender-kaufmann-fur-digitalisierungsmanagement-munster-270024,Auszubildender - Kaufmann für Digitalisierungsmanagement (m/w/d)
79,https://www.arbeitnow.com/jobs/companies/tup-tor-und-projektservice-gmbh/servicetechniker-monteur-tor-und-tursysteme-mit-elektroberuf-berlin-367239,Servicetechniker/ Monteur Tor- und Türsysteme (m/w/d) mit Elektroberuf
79,https://www.arbeitnow.com/jobs/companies/4imedia-gmbh/marketing-projektmanagerin-leipzig-266996,Marketing Projektmanager:in
79,https://www.arbeitnow.com/jobs/companies/bahnelektroplanung-bep-gmbh/planer-leit-und-sicherungstechnik-leipzig-6631,Planer Leit- und Sicherungstechnik (m/w/d)
79,https://www.arbeitnow.com/jobs/companies/formaxx-ag/teamleiter-trainee-verschiedene-standorte-deutschlandweit-eschborn-203893,Teamleiter-Trainee (m/w/d) verschiedene Standorte deutschlandweit
79,https://www.arbeitnow.com/jobs/companies/formaxx-ag/formaxx-berater-verschiedene-standorte-deutschlandweit-eschborn-293892,FORMAXX-Berater (m/w/d) verschiedene Standorte deutschlandweit
79,https://www.arbeitnow.com/jobs/companies/heyn-partner-gmbh/techniker-zerspanung-process-engineer-cnc-machining-einsatz-baden-wurttemberg-neckarsulm-252856,Techniker Zerspanung/Process Engineer CNC Machining / Einsatz Baden-Württemberg
79,https://www.arbeitnow.com/jobs/companies/attractive-media-gmbh/praktikant-social-media-munich-103675,Praktikant Social Media (m/w/d)
79,https://www.arbeitnow.com/jobs/companies/cortina-consult/werkstudent-online-redakteurin-content-writer-munster-455564,Werkstudent - Online-Redakteur*in / Content Writer (m/w/d)
79,https://www.arbeitnow.com/jobs/companies/tomoro-gmbh/senior-consultant-financial-services-frankfurt-am-main-5700,Senior-Consultant Financial Services (m/w/d)
79,https://www.arbeitnow.com/jobs/companies/sure-data-systems/netzwerkadministrator-hachenburg-82633,Netzwerkadministrator m/w/d
79,https://www.arbeitnow.com/jobs/companies/medialine-eurotrade-ag/it-consultant-azure-local-azure-hybrid-wiesbaden-77852,IT Consultant Azure local/ Azure Hybrid (m/w/d)
79,https://www.arbeitnow.com/jobs/companies/tup-tor-und-projektservice-gmbh/servicetechniker-monteur-tor-und-tursysteme-quereinsteiger-berlin-97941,Servicetechniker/ Monteur Tor- und Türsysteme (m/w/d) Quereinsteiger
79,https://www.arbeitnow.com/jobs/companies/soficon-gmbh/consultant-erp-manager-finance-controlling-neuss-427138,Consultant/ERP Manager Finance & Controlling (m/w/d)
79,https://www.arbeitnow.com/jobs/companies/studio-johanna-keimeyer/internship-video-editing-for-youtube-channel-and-social-media-berlin-111164,Internship video-editing for YouTube channel and Social Media
79,https://www.arbeitnow.com/jobs/companies/concept-reply-gmbh/aiot-backend-developer-munich-126330,AIoT Backend Developer
79,https://www.arbeitnow.com/jobs/companies/medialine-eurotrade-ag/oracle-dba-consultant-dresden-335472,Oracle DBA Consultant(m/w/d)
79,https://www.arbeitnow.com/jobs/companies/medialine-eurotrade-ag/oracle-dba-consultant-berlin-65621,Oracle DBA Consultant(m/w/d)
79,https://www.arbeitnow.com/jobs/companies/ecardon-payments-gmbh/risk-manager-in-vollzeit-dusseldorf-447018,Risk-Manager (m/w/d) in Vollzeit
79,https://www.arbeitnow.com/jobs/companies/sandra-dobovisek-reico-vertriebspartnerin/tierliebe-futterberater-in-gesucht-esslingen-414671,Tierliebe Futterberater/-in gesucht
79,https://www.arbeitnow.com/jobs/companies/hock-und-partner-gmbh/junior-kundenberaterin-online-und-print-hamburg-324119,Junior-Kundenberater:in Online und Print (w/m/x)
79,https://www.arbeitnow.com/jobs/companies/rsa-media-gmbh/trainee-influencer-marketing-berlin-107622,Trainee (m/w/d) Influencer Marketing
79,https://www.arbeitnow.com/jobs/companies/greenventory-gmbh/masterarbeit-energieplanung-in-stadten-freiburg-im-breisgau-390302,Masterarbeit Energieplanung in Städten
79,https://www.arbeitnow.com/jobs/companies/hofmann-ingenieur-technik/techniker-konstrukteur-hamburg-412873,Techniker / Konstrukteur (m/w/d)
79,https://www.arbeitnow.com/jobs/companies/w3-digital-brands-gmbh/grafik-prakti-konstanz-390937,Grafik-Prakti (m/w/d)
79,https://www.arbeitnow.com/jobs/companies/robovis/research-and-development-engineer-berlin-53553,Research And Development Engineer
79,https://www.arbeitnow.com/jobs/companies/soficon-gmbh/junior-consultant-finance-neuss-409103,Junior Consultant Finance (m/w/d)
79,https://www.arbeitnow.com/jobs/companies/priojet-gmbh/software-developer-full-stack-remote-option-hamburg-105157,Software Developer Full Stack (m/f/d) - remote option
79,https://www.arbeitnow.com/jobs/companies/priojet-gmbh/software-developer-full-stack-frankfurt-am-main-424309,Software Developer Full Stack (m/f/d)
79,https://www.arbeitnow.com/jobs/companies/priojet-gmbh/lead-software-developer-full-stack-possibly-cto-hamburg-157662,"Lead Software Developer Full Stack (m/f/d), possibly CTO"
79,https://www.arbeitnow.com/jobs/companies/amx-consulting/praktikum-praxissemester-im-recruiting-headhunting-bochum-302384,Praktikum/ Praxissemester im Recruiting & Headhunting
79,https://www.arbeitnow.com/jobs/companies/planungsburo-fiegl-gmbh/ausbildung-technischer-systemplaner-september-2026-baienfurt-452710,Ausbildung Technischer Systemplaner (m/w/d) - September 2026
79,https://www.arbeitnow.com/jobs/companies/planungsburo-fiegl-gmbh/technischer-systemplaner-baienfurt-483463,Technischer Systemplaner (m/w/d)
79,https://www.arbeitnow.com/jobs/companies/formaxx-ag/teamleiter-verschiedene-standorte-deutschlandweit-eschborn-111943,Teamleiter (m/w/d) - verschiedene Standorte deutschlandweit
79,https://www.arbeitnow.com/jobs/companies/priojet-gmbh/software-developer-full-stack-hamburg-364159,Software Developer Full Stack (m/f/d)
79,https://www.arbeitnow.com/jobs/companies/sgf-stahl-grundkomponenten-fertigung-gmbh-sachsen/leiter-vertrieb-wilkau-hasslau-291580,Leiter Vertrieb
79,https://www.arbeitnow.com/jobs/companies/sprachcaffe-reisen-gmbh/trainee-produktmanagement-frankfurt-am-main-342031,Trainee Produktmanagement (m/w/d)
79,https://www.arbeitnow.com/jobs/companies/priojet-gmbh/working-student-corporate-and-business-development-frankfurt-am-main-255183,Working Student Corporate and Business Development (m/f/d)
79,https://www.arbeitnow.com/jobs/companies/priojet-gmbh/working-student-corporate-and-business-development-hamburg-16339,Working Student Corporate and Business Development (m/f/d)
79,https://www.arbeitnow.com/jobs/companies/edva-gmbh/it-systemadministrator-oder-it-systemtechniker-m-w-d-leipzig-349415,"IT-Systemadministrator oder IT-Systemtechniker (m, w, d)"
79,https://www.arbeitnow.com/jobs/companies/sovi-socials/praktikantin-content-creation-instagram-social-media-aachen-471934,"Praktikantin Content creation, Instagram & social media"
79,https://www.arbeitnow.com/jobs/companies/moller-pr-gmbh/bezahltes-praktikum-in-kolner-pr-agentur-ab-fruhjahr-2027-mind-3-monate-cologne-127149,Bezahltes Praktikum in Kölner PR-Agentur: ab Frühjahr 2027 (mind. 3 Monate)
79,https://www.arbeitnow.com/jobs/companies/timpla-by-renggli/senior-projektleiter-gu-holzbau-eberswalde-485603,Senior Projektleiter - GU/Holzbau (w/m/d)
79,https://www.arbeitnow.com/jobs/companies/volksbank-westmunsterland-eg/mitarbeiter-im-personlichen-kundenservice-ludinghausen-169212,Mitarbeiter im persönlichen Kundenservice (m/w/d)
79,https://www.arbeitnow.com/jobs/companies/volksbank-westmunsterland-eg/mitarbeiter-im-personlich-digitalen-kundenservice-gescher-173832,Mitarbeiter im persönlich digitalen Kundenservice (m/w/d)
79,https://www.arbeitnow.com/jobs/companies/sifamo-gmbh/softwareentwickler-mit-bis-zu-90-remote-deutschlandweit-angular-spring-boot-ai-development-berlin-494447,"Softwareentwickler (m/w/d) mit bis zu 90% remote deutschlandweit! Angular, Spring Boot, AI Development"
79,https://www.arbeitnow.com/jobs/companies/concept-reply-gmbh/aiot-fullstack-developer-munich-186687,AIoT Fullstack Developer
79,https://www.arbeitnow.com/jobs/companies/webstake-gmbh/senior-fullstack-software-devops-engineer-hamburg-333155,Senior Fullstack Software/DevOps Engineer (m/w/d)
79,https://www.arbeitnow.com/jobs/companies/horn-glass-industries-ag/starkstromelektriker-techniker-plossberg-340455,Starkstromelektriker/Techniker (m/w/d)
79,https://www.arbeitnow.com/jobs/companies/enmore-consulting-ag/senior-consultant-sap-for-utilities-griesheim-486624,(Senior) Consultant SAP for Utilities (m/w/d)
80,https://www.arbeitnow.com/jobs/companies/unbound-media-gmbh/client-consultant-sea-performance-dusseldorf-420692,Client Consultant - SEA & Performance [m/w/d]
80,https://www.arbeitnow.com/jobs/companies/data4success-gmbh/uni-fertig-wir-machen-dich-zum-berater-business-intelligence-50-mehr-wochenende-eschborn-55526,Uni fertig? Wir machen dich zum Berater Business Intelligence (m/w/d) 50% mehr Wochenende!
80,https://www.arbeitnow.com/jobs/companies/eliotax-gmbh-steuerberatungsgesellschaft/hochschulabsolvent-berufseinsteiger-als-berater-in-der-steuerberatung-in-voll-oder-teilzeit-munster-367611,Hochschulabsolvent / Berufseinsteiger als Berater in der Steuerberatung (m/w/d) in Voll- oder Teilzeit
80,https://www.arbeitnow.com/jobs/companies/wegain-gmbh/praktikant-marketing-braunschweig-213749,Praktikant Marketing
80,https://www.arbeitnow.com/jobs/companies/consenzum-managementberatung-ug-haftungsbeschrankt-co-kg/unternehmensberater-dach-region-stuttgart-8621,Unternehmensberater DACH-Region (m/w/d)
80,https://www.arbeitnow.com/jobs/companies/ruthardt-softwaretechnik-gmbh/duales-studium-informatik-bsc-dhbw-stuttgart-horb-leinfelden-echterdingen-15792,Duales Studium Informatik (B.Sc.) DHBW Stuttgart/Horb
80,https://www.arbeitnow.com/jobs/companies/ingenieurburo-grassl-gmbh/bauingenieur-bauwerkserhaltung-schwerpunkt-bauwerksprufung-gn-munich-466075,Bauingenieur (Bauwerkserhaltung - Schwerpunkt Bauwerksprüfung) (gn)
80,https://www.arbeitnow.com/jobs/companies/ingenieurburo-grassl-gmbh/bauingenieur-tragwerksplanung-fur-brucken-und-tunnelbauwerke-gn-munich-326208,Bauingenieur (Tragwerksplanung) für Brücken- und Tunnelbauwerke (gn)
80,https://www.arbeitnow.com/jobs/companies/op-consult-gmbh/praktikum-im-bereich-personal-und-organisationsentwicklung-mannheim-220092,Praktikum im Bereich Personal- und Organisationsentwicklung
80,https://www.arbeitnow.com/jobs/companies/konzeptwerk-gmbh/auszubildende-r-fachinformatiker-in-anwendungsentwicklung-dusseldorf-355226,Auszubildende/r Fachinformatiker/in Anwendungsentwicklung (m/w/d)
80,https://www.arbeitnow.com/jobs/companies/simar-gmbh/project-manager-material-handling-drying-and-special-systems-oberderdingen-333100,"Project Manager (m/w/d) Material Handling, Drying and Special Systems"
80,https://www.arbeitnow.com/jobs/companies/braschoss-brandschutz/brandschutztechniker-niederkassel-142919,Brandschutztechniker (m/w/d)
80,https://www.arbeitnow.com/jobs/companies/uniqbit-ag/initiativbewerbung-augsburg-11171,Initiativbewerbung
80,https://www.arbeitnow.com/jobs/companies/braschoss-brandschutz/helfer-im-brandschutzunternehmen-niederkassel-339485,Helfer im Brandschutzunternehmen (m/w/d)
80,https://www.arbeitnow.com/jobs/companies/eliotax-gmbh-steuerberatungsgesellschaft/steuerfachleute-steuerfachangestellter-steuerfachwirt-bilanzbuchhalter-oder-fachassistent-fur-rechnungswesen-und-controlling-in-voll-oder-370441,"Steuerfachleute: Steuerfachangestellter, Steuerfachwirt, Bilanzbuchhalter oder Fachassistent für Rechnungswesen und Controlling (w/m/d) in Voll-/oder Teilzeit"
80,https://www.arbeitnow.com/jobs/companies/nexuro-gmbh/duales-studium-bachelor-of-arts-b-a-business-administration-saarbrucken-310340,Duales Studium Bachelor of Arts (B. A.) - Business Administration
80,https://www.arbeitnow.com/jobs/companies/maxplus-advertising-gmbh/pflichtpraktikum-influencer-marketing-kommunikation-kampagnenbetreuung-wiesbaden-299462,Pflichtpraktikum Influencer Marketing (m/w/d) - Kommunikation & Kampagnenbetreuung
80,https://www.arbeitnow.com/jobs/companies/ahw-gmbh/burokaufmann-frau-siegen-128943,Bürokaufmann/ -frau (m/w/d)
80,https://www.arbeitnow.com/jobs/companies/keysolution-it-gmbh/it-support-1st-2nd-level-it-benutzerberater-oftersheim-38177,"IT-Support 1st & 2nd Level, IT-Benutzerberater (m/w/d)"
80,https://www.arbeitnow.com/jobs/companies/wustenrot-bausparkasse-ag-vertriebsdirektion-erfurt/quereinsteiger-kundenberater-rund-um-die-immobilie-erfurt-242643,"Quereinsteiger Kundenberater (m/w/d) ""Rund um die Immobilie"""
80,https://www.arbeitnow.com/jobs/companies/wustenrot-bausparkasse-ag-vertriebsdirektion-erfurt/quereinsteiger-kundenberater-rund-um-die-immobilie-jena-74000,"Quereinsteiger Kundenberater (m/w/d) ""Rund um die Immobilie"""
80,https://www.arbeitnow.com/jobs/companies/proforg/relocation-manager-x-eschborn-198993,"""Relocation Manager"" (m/w/d/x)"
80,https://www.arbeitnow.com/jobs/companies/nakoa-digital-gmbh/account-manager-retail-media-marketplace-consultant-munich-294191,Account Manager Retail Media / Marketplace Consultant (m/w/d)
80,https://www.arbeitnow.com/jobs/companies/cpu-consulting-software-gmbh/fachlicher-softwaretester-bankanwendungen-munich-429010,Fachlicher Softwaretester (m/w/d) Bankanwendungen
80,https://www.arbeitnow.com/jobs/companies/itconex-gmbh/elo-ecm-application-specialist-zimmern-ob-rottweil-274971,ELO ECM Application Specialist (m/w/d)
80,https://www.arbeitnow.com/jobs/companies/friedrich-albert-lange-berufskolleg-duisburg/schulische-ausbildung-zum-game-developer-duisburg-46341,Schulische Ausbildung zum Game Developer
80,https://www.arbeitnow.com/jobs/companies/novo-ai/data-engineer-intern-mandatory-pflichtpraktikum-hanover-53806,Data Engineer Intern (Mandatory/Pflichtpraktikum) (w/m/d)
80,https://www.arbeitnow.com/jobs/companies/falkhofen-steuerberatungs-mbh/kaufmannische-assistenz-im-rechnungs-finanzwesen-straelen-170457,Kaufmännische Assistenz im Rechnungs- & Finanzwesen (m/w/d)
80,https://www.arbeitnow.com/jobs/companies/blumenhaus-breckwoldt-gmbh-co-kg/florist-in-ab-sofort-gesucht-moorrege-37992,Florist/in (m/w/d) ab sofort gesucht!
80,https://www.arbeitnow.com/jobs/companies/novaerion-gmbh/praktikant-im-consulting-ma-beratung-dusseldorf-336963,Praktikant im Consulting/M&A/Beratung
80,https://www.arbeitnow.com/jobs/companies/ambient-tv-sales-services-gmbh/sales-manager-hamburg-260272,Sales-Manager
80,https://www.arbeitnow.com/jobs/companies/wealthapi-gmbh/senior-backend-engineer-java-spring-boot-remote-berlin-349112,Senior Backend Engineer Java / Spring Boot - remote
80,https://www.arbeitnow.com/jobs/companies/zara/inditex-praktikum-im-bereich-recruitment-hamburg-366509,INDITEX | Praktikum im Bereich Recruitment
80,https://www.arbeitnow.com/jobs/companies/media-marketing-ek-inhaber-andre-horing/mediaberater-kundenberater-vertriebsinnendienst-winsen-314932,Mediaberater/ Kundenberater/ Vertriebsinnendienst (m/w/d)
80,https://www.arbeitnow.com/jobs/companies/musikschule-rhein-ruhr-ggmbh/lehrkrafte-auf-honorarbasis-fur-die-musikalische-fruherziehung-gesucht-essen-133581,Lehrkräfte auf Honorarbasis für die Musikalische Früherziehung gesucht
80,https://www.arbeitnow.com/jobs/companies/art-science-node-berlin-asn/only-for-erasmus-turing-internship-ai-it-graphic-designer-and-or-computer-sciencetechnologies-on-ma-level-berlin-89364,"Only for Erasmus/Turing Internship: AI/IT, Graphic Designer and/or Computer Science&Technologies on MA-Level"
80,https://www.arbeitnow.com/jobs/companies/entratek-gmbh/praktikant-im-technischen-support-photovoltaik-elektromobilitat-neu-wulmstorf-357657,Praktikant im Technischen Support (m/w/d) Photovoltaik / Elektromobilität
80,https://www.arbeitnow.com/jobs/companies/vr-makler-gmbh/kundenbetreuerin-sachbearbeiterin-gewerbliche-versicherungen-hanover-380876,Kundenbetreuer(in)/Sachbearbeiter(in) (m/w/d) gewerbliche Versicherungen
80,https://www.arbeitnow.com/jobs/companies/estethikmedia/iu-duales-studium-mediendesign-marketing-goslar-33672,IU DUALES STUDIUM Mediendesign/Marketing
80,https://www.arbeitnow.com/jobs/companies/estethikmedia/dein-fos-praktikum-fur-gestaltung-webdesign-und-marketing-in-goslar-105393,"Dein FOS Praktikum für Gestaltung, Webdesign und Marketing in Goslar"
80,https://www.arbeitnow.com/jobs/companies/twigbit-technologies-gmbh/werde-teil-unserer-ai-reise-praktikum-in-vollzeit-marketing-branding-berlin-347331,Werde Teil unserer AI-Reise! Praktikum in Vollzeit Marketing & Branding (m/w/d)
80,https://www.arbeitnow.com/jobs/companies/infowerk-medien-technik-gmbh/veranstaltungstechniker-in-festanstellung-gerlingen-360538,Veranstaltungstechniker (m/w/d/) in Festanstellung
80,https://www.arbeitnow.com/jobs/companies/matuschek-design-management/senior-industrial-designer-aalen-185463,Senior Industrial Designer
80,https://www.arbeitnow.com/jobs/companies/pfp-privatefinancepartners-gmbh/werkstudentin-support-financial-consulting-freiburg-im-breisgau-301177,Werkstudent:in (m/w/d) Support Financial Consulting
80,https://www.arbeitnow.com/jobs/companies/pfp-privatefinancepartners-gmbh/junior-consultant-financial-consulting-heidelberg-140858,Junior Consultant (m/w/d) Financial Consulting
80,https://www.arbeitnow.com/jobs/companies/pfp-privatefinancepartners-gmbh/junior-consultant-financial-consulting-freiburg-im-breisgau-425783,Junior Consultant (m/w/d) Financial Consulting
80,https://www.arbeitnow.com/jobs/companies/pfp-privatefinancepartners-gmbh/junior-consultant-financial-consulting-frankfurt-am-main-347803,Junior Consultant (m/w/d) Financial Consulting
80,https://www.arbeitnow.com/jobs/companies/schulz-cie-consulting-gmbh/geldwasche-compliance-officerin-munich-265717,Geldwäsche & Compliance Officer:in (m/w/d)
80,https://www.arbeitnow.com/jobs/companies/picadera/pflicht-praktikum-online-marketing-social-media-mannheim-71457,Pflicht Praktikum (w/m/d) Online Marketing & Social Media
80,https://www.arbeitnow.com/jobs/companies/go-company/intern-ma-corporate-finance-praktikumsstelle-in-hamburg-frankfurt-166757,Intern M&A / Corporate Finance Praktikumsstelle (m/w/d) in Hamburg/ Frankfurt
81,https://www.arbeitnow.com/jobs/companies/muhleisen-rohrreinigung-gmbh/fachkraft-rohr-kanal-rohrreiniger-kanalreiniger-monteur-rohrsanierer-fellbach-474660,Fachkraft Rohr Kanal / Rohrreiniger / Kanalreiniger / Monteur / Rohrsanierer (m/w/d)
81,https://www.arbeitnow.com/jobs/companies/spilker-collegen/werksstudentin-im-bereich-unternehmenskommunikation-social-media-management-erfurt-137802,Werksstudent:in im Bereich Unternehmenskommunikation/Social-Media-Management (m/w/d)
81,https://www.arbeitnow.com/jobs/companies/bachertpartner/junior-consultant-restructuring-and-turnaround-management-stuttgart-munchen-frankfurt-am-main-koln-355613,"(Junior) Consultant Restructuring and Turnaround Management(m/w/d) - Stuttgart, München, Frankfurt am Main, Köln"
81,https://www.arbeitnow.com/jobs/companies/infowerk-medien-technik-gmbh/medientechniker-sowie-medientechnik-helfer-fur-die-installation-von-audio-video-anlagen-gerlingen-487432,Medientechniker (m/w/d) sowie Medientechnik Helfer (m/w/d) für die Installation von Audio/Video Anlagen
81,https://www.arbeitnow.com/jobs/companies/qinlox-consulting-gmbh/sap-ewm-consultant-mannheim-407733,SAP EWM Consultant (w/m/d)
81,https://www.arbeitnow.com/jobs/companies/comline-elektronik-elektrotechnik-gmbh/systemplaner-elektrotechnik-arbeitsvorbereitung-wackersdorf-141803,Systemplaner Elektrotechnik - Arbeitsvorbereitung (m/w/d)
81,https://www.arbeitnow.com/jobs/companies/mrh-halbow-reitzenstein-partg-mbb-steuerberater/auszubildende-r-steuerfachangestellte-r-bad-vilbel-156453,Auszubildende/r Steuerfachangestellte/r (m/w/d)
81,https://www.arbeitnow.com/jobs/companies/depeur-ug/remote-praktikum-im-bereich-online-marketing-digital-publishing-hamburg-75813,REMOTE Praktikum im Bereich Online-Marketing (Digital Publishing)
81,https://www.arbeitnow.com/jobs/companies/bege-consulting-gmbh/projektmanager-im-kostenmanagement-luhden-350378,Projektmanager (m/w/d) im Kostenmanagement
81,https://www.arbeitnow.com/jobs/companies/haebmau-ag/pr-praktikum-munchen-munich-309388,(PR-)Praktikum München (m/w/d)
81,https://www.arbeitnow.com/jobs/companies/analog-microelectronics-gmbh/ingenieur-elektrotechnik-und-sensorik-mainz-306539,Ingenieur Elektrotechnik und Sensorik (m/w/d)
81,https://www.arbeitnow.com/jobs/companies/finanzfuchse/finanzberater-bei-den-finanzfuchsen-herrenberg-85618,Finanzberater (m/w/d) bei den Finanzfüchsen
81,https://www.arbeitnow.com/jobs/companies/waits-software-und-prozessberatungsgesellschaft-mbh/senior-ki-ai-c-net-aspnet-entwickler-remote-cologne-491283,Senior KI (AI) / C# / .NET / ASP.NET - Entwickler (m/w/d) - remote
81,https://www.arbeitnow.com/jobs/companies/surveycircle/praktikantin-entrepreneur-in-residence-mannheim-440067,Praktikant:in Entrepreneur in Residence (m/w/d)
81,https://www.arbeitnow.com/jobs/companies/wild-consulting-training-coaching-gmbh/praktikum-im-bereich-consulting-training-und-coaching-konigswinter-117285,"Praktikum (m/w/d) im Bereich Consulting, Training und Coaching"
81,https://www.arbeitnow.com/jobs/companies/digibang/praktikum-als-social-media-manager-hanover-33888,Praktikum als Social Media Manager (m/w/d)
81,https://www.arbeitnow.com/jobs/companies/bachertpartner/praktikant-werkstudent-ma-corporate-finance-stuttgart-272807,Praktikant / Werkstudent M&A / Corporate Finance (m/w/d) - Stuttgart
81,https://www.arbeitnow.com/jobs/companies/motionminers-gmbh/praktikantin-process-engineering-dortmund-91980,Praktikant:in Process Engineering (m/w/d)
81,https://www.arbeitnow.com/jobs/companies/chenyang-technologies-gmbh-cokg/sales-marketing-intern-b2b-technology-finsing-360484,Sales & Marketing Intern (m/f/d) B2B Technology
81,https://www.arbeitnow.com/jobs/companies/qualityminds-gmbh/senior-backend-developer-nuremberg-245970,Senior Backend Developer (m/w/d)
81,https://www.arbeitnow.com/jobs/companies/ki-reply-gmbh/senior-software-developer-hanover-412508,SENIOR SOFTWARE DEVELOPER (M/W/D)
81,https://www.arbeitnow.com/jobs/companies/ki-reply-gmbh/senior-software-developer-munich-88628,SENIOR SOFTWARE DEVELOPER (M/W/D)
81,https://www.arbeitnow.com/jobs/companies/pentest-factory-gmbh/senior-penetration-tester-100-home-office-moglich-berlin-59912,Senior Penetration-Tester (m/w/d) - 100 % Home-Office möglich
81,https://www.arbeitnow.com/jobs/companies/waits-software-und-prozessberatungsgesellschaft-mbh/senior-business-process-analyst-mit-tiefen-bpmn-kenntnissen-und-adonis-remote-cologne-243028,Senior Business (Process) Analyst (m/w/d) mit tiefen BPMN-Kenntnissen und ADONIS - remote
81,https://www.arbeitnow.com/jobs/companies/wts-advisory-ag/senior-product-manager-platform-munich-203505,Senior Product Manager Platform (w/m/d)
81,https://www.arbeitnow.com/jobs/companies/jwgeyssel-gmbhcokg/elektrokonstrukteur-sondermaschinenentwicklung-ing-techniker-quereinsteiger-cologne-198076,Elektrokonstrukteur Sondermaschinenentwicklung (m/w/d) Ing. / Techniker / Quereinsteiger
81,https://www.arbeitnow.com/jobs/companies/smarts-engineering-gmbh/projektingenieur-automatisierungstechnik-cologne-427712,Projektingenieur Automatisierungstechnik (m/w/d)
81,https://www.arbeitnow.com/jobs/companies/smarts-engineering-gmbh/techniker-meister-automatisierungstechnik-cologne-119767,Techniker / Meister Automatisierungstechnik (m/w/d)
81,https://www.arbeitnow.com/jobs/companies/mhg-telekommunikation-gmbh/servicetechniker-telekommunikation-frankfurt-am-main-46292,Servicetechniker Telekommunikation (m/w/d)
81,https://www.arbeitnow.com/jobs/companies/cjh-family-office-gmbh/praktikant-in-beteiligungen-dusseldorf-295420,Praktikant/-in Beteiligungen
81,https://www.arbeitnow.com/jobs/companies/corporate-finance-mittelstandsberatung-gmbh-cf-mb/praktikum-praktikant-corporate-finance-ma-dusseldorf-113915,Praktikum / Praktikant - Corporate Finance / M&A
81,https://www.arbeitnow.com/jobs/companies/prosenio-ev/senioren-hotline-und-onlinebetreuung-halle-saale-270138,Senioren-Hotline und Onlinebetreuung
81,https://www.arbeitnow.com/jobs/companies/clc-xinteg-gmbh/senior-entwickler-fur-objektorientierte-programmierung-mit-50-homeoffice-in-66450-bexbach-311303,Senior Entwickler (m/w/d) für objektorientierte Programmierung mit 50% Homeoffice in 66450 Bexbach
81,https://www.arbeitnow.com/jobs/companies/solarize/projektmanagerin-onboarding-managerin-erneuerbare-energien-berlin-417625,Projektmanager:in / Onboarding Manager:in (m/w/d) Erneuerbare Energien
81,https://www.arbeitnow.com/jobs/companies/abosco-gmbh/softwareentwicklerin-java-c-senior-botzingen-242309,Softwareentwickler:in Java/C# (Senior) (m/w/d)
81,https://www.arbeitnow.com/jobs/companies/multihyp-gmbh/baufinanzierungsberater-in-festanstellung-mwd-recklinghausen-108745,"Baufinanzierungsberater in Festanstellung m,w,d"
81,https://www.arbeitnow.com/jobs/companies/adconova-gmbh/cloud-finops-engineer-aws-ms-azure-gcp-alibaba-cloud-weiterstadt-107493,"Cloud & FinOps Engineer (AWS, MS Azure, GCP, Alibaba Cloud) (m/w/d)"
81,https://www.arbeitnow.com/jobs/companies/ergo-beratung-vertrieb-ag-niederlassung-rhein-main-88582/werde-agenturpartner-nachfolger-bei-ergo-bundesweite-ausschreibung-frankfurt-am-main-81146,Werde Agenturpartner/-nachfolger bei ERGO (bundesweite Ausschreibung)
81,https://www.arbeitnow.com/jobs/companies/adconova-gmbh/senior-cloud-ai-infrastructure-engineer-weiterstadt-406081,Senior Cloud & AI Infrastructure Engineer (m/w/d)
81,https://www.arbeitnow.com/jobs/companies/marketer-ux-gmbh/webflow-developer-im-medienhafen-dusseldorf-145303,Webflow-Developer (m/w/d) im Medienhafen Düsseldorf
81,https://www.arbeitnow.com/jobs/companies/hoenicke-systembetreuung-gmbh/it-service-techniker-schemmerhofen-139031,IT-Service Techniker (m/w/d)
81,https://www.arbeitnow.com/jobs/companies/smarts-engineering-gmbh/ingenieur-als-emsr-planer-cologne-308813,Ingenieur als EMSR-Planer (m/w/d)
81,https://www.arbeitnow.com/jobs/companies/smarts-engineering-gmbh/techniker-meister-als-emsr-planer-cologne-281124,Techniker / Meister als EMSR-Planer (m/w/d)
81,https://www.arbeitnow.com/jobs/companies/sifamo-gmbh/softwareentwicklerin-bis-zu-95-remote-deutschlandweit-software-developer-fur-ki-webanwendungen-angular-spring-boot-ai-development-munich-53589,"Softwareentwickler:in bis zu 95% remote - deutschlandweit! Software Developer für KI-Webanwendungen Angular, Spring Boot, AI Development"
81,https://www.arbeitnow.com/jobs/companies/druckhaus-harms-ekgemeindebriefdruckerei/softwareentwickler-web-full-stack-gross-oesingen-302043,Softwareentwickler Web Full-Stack (m/w/d)
81,https://www.arbeitnow.com/jobs/companies/schulz-cie-consulting-gmbh/dora-information-security-officer-munich-4932,DORA & Information Security Officer (m/w/d)
81,https://www.arbeitnow.com/jobs/companies/microfin-unternehmensberatung-gmbh/senior-consultants-it-architektur-bad-homburg-45821,Senior Consultants IT Architektur m/w/d
81,https://www.arbeitnow.com/jobs/companies/microfin-unternehmensberatung-gmbh/senior-consultants-it-security-bad-homburg-179393,Senior Consultants IT-Security m/w/d
81,https://www.arbeitnow.com/jobs/companies/bassetti-deutschland-gmbh/praktikant-im-projektmanagement-ab-september-oktober-munich-307965,Praktikant (M/W/D) Im Projektmanagement Ab September/Oktober
81,https://www.arbeitnow.com/jobs/companies/heyn-partner-gmbh/it-administrator-edv-techniker-einsatz-baden-wurttemberg-schramberg-65932,It-Administrator / Edv-Techniker (M/W/D) Einsatz Baden-Württemberg
82,https://www.arbeitnow.com/jobs/companies/sifamo-gmbh/softwareentwickler-bis-zu-90-remote-moglich-deutschlandweit-angular-spring-boot-ai-development-darmstadt-93947,"Softwareentwickler (m/w/d) bis zu 90% remote möglich - deutschlandweit! Angular, Spring Boot, AI Development"
82,https://www.arbeitnow.com/jobs/companies/ogaenics/werkstudent-customer-happiness-beratung-20-std-hamburg-396560,Werkstudent Customer Happiness/Beratung (m/w/d) 20 Std.
82,https://www.arbeitnow.com/jobs/companies/ing-buro-tun/vermessungstechniker-in-ascheberg-221854,Vermessungstechniker/in
82,https://www.arbeitnow.com/jobs/companies/gfic/us-west-coast-metzgermeister-meat-scientist-munich-84404,US West Coast Metzgermeister / Meat Scientist m/f/d
82,https://www.arbeitnow.com/jobs/companies/elkomsolutions-gmbh/support-analyst-business-solutions-tuttlingen-445071,Support Analyst Business Solutions (m/w/d)
82,https://www.arbeitnow.com/jobs/companies/coyooco/praktikum-marketing-vertrieb-coyooco-start-up-fur-barista-zubehor-mannheim-91200,Praktikum (m/w/d) Marketing & Vertrieb - Coyooco (Start-Up für Barista Zubehör)
82,https://www.arbeitnow.com/jobs/companies/i-advise-ag-wpg/praktikum-ma-transaction-advisory-services-valuation-services-dusseldorf-231969,Praktikum M&A / Transaction Advisory Services / Valuation Services
82,https://www.arbeitnow.com/jobs/companies/cink-ag/lead-sap-consultant-fur-finanzen-hamburg-310681,Lead SAP Consultant für Finanzen (w/d/m)
82,https://www.arbeitnow.com/jobs/companies/infotip-service-gmbh/salesforce-developer-all-genders-georgensgmund-10612,Salesforce Developer (all genders)
82,https://www.arbeitnow.com/jobs/companies/moin-marketing-gmbh/junior-amazon-advertising-manager-vollzeit-in-hamburg-24586,(Junior) Amazon Advertising Manager (m/w/d) (Vollzeit in Hamburg)
82,https://www.arbeitnow.com/jobs/companies/fainin-gmbh/praktikum-im-impact-startup-hamburg-194382,Praktikum im Impact Startup
82,https://www.arbeitnow.com/jobs/companies/tauber-unternehmensgruppe/geo-trainee-geophysiker-greven-469494,Geo-Trainee / Geophysiker (m/w/d) - Greven
82,https://www.arbeitnow.com/jobs/companies/oestreicher-gmbh/full-stack-entwicklerin-heidenheim-305978,Full-Stack-Entwickler:in - m/w/d
82,https://www.arbeitnow.com/jobs/companies/medialine-eurotrade-ag/it-systemadministrator-cologne-492028,IT Systemadministrator (m/w/d)
82,https://www.arbeitnow.com/jobs/companies/picadera/pflicht-praktikum-grafikdesign-mannheim-368873,Pflicht Praktikum (w/m/d) Grafikdesign
82,https://www.arbeitnow.com/jobs/companies/sig-hessen-ingenieure-prof-steffen-hutteroth-schroder-gmbh/projektleiter-landschaftsarchitektur-immenhausen-266255,Projektleiter Landschaftsarchitektur (m/w/d)
82,https://www.arbeitnow.com/jobs/companies/beckconsult-gmbh/werkstudent-marketing-dulmen-401159,Werkstudent (m/w/d) Marketing - Dülmen
82,https://www.arbeitnow.com/jobs/companies/bauer-concept-gmbh/staatlich-geprufte-r-techniker-in-stade-79741,Staatlich geprüfte/r Techniker/in
82,https://www.arbeitnow.com/jobs/companies/williams-connect-management/redakteur-buro-sozialmedia-obernzell-455696,Redakteur / Büro / Sozialmedia m/w/d
82,https://www.arbeitnow.com/jobs/companies/bergler-gmbh-co-kg/ausbildung-zum-zur-kfz-mechatroniker-in-fur-nutzfahrzeugtechnik-weiherhammer-78067,Ausbildung zum/zur Kfz-Mechatroniker/-in für Nutzfahrzeugtechnik
82,https://www.arbeitnow.com/jobs/companies/bergler-gmbh-co-kg/ausbildung-zum-zur-kaufmann-frau-fur-buromanagement-weiherhammer-91696,Ausbildung zum/zur Kaufmann/-frau für Büromanagement
82,https://www.arbeitnow.com/jobs/companies/shape-your-life/international-online-marketing-business-coach-fully-remote-wurselen-83170,International Online Marketing Business Coach (fully remote)
82,https://www.arbeitnow.com/jobs/companies/krach-jugendhilfen-nrw-gmbh/schulbegleiter-inklusionshelfer-fur-verschiedene-standorte-gesucht-duren-32728,Schulbegleiter/ Inklusionshelfer (w/m/d) für verschiedene Standorte gesucht
82,https://www.arbeitnow.com/jobs/companies/muller-immobilien-management-gmbh/nebenkostenabrechnerin-jahresabrechnung-nach-weg-oder-miete-im-immobilen-management-friedrichsdorf-9315,Nebenkostenabrechner*in / Jahresabrechnung nach WEG oder Miete im Immobilen Management
82,https://www.arbeitnow.com/jobs/companies/certified-security-operations-center-gmbh/system-engineer-gn-linux-administration-bornheim-449232,System Engineer (gn*) Linux Administration
82,https://www.arbeitnow.com/jobs/companies/atg108-team-gesundheit/freiberufliche-nebentatigkeit-direkt-vertrieb-netzwerk-teamwork-global-remote-nachhaltig-unabhangig-dusseldorf-211186,-Freiberufliche Nebentätigkeit/ Direkt-Vertrieb/ Netzwerk/Teamwork /Global /Remote/ Nachhaltig/ Unabhängig/(w/m/d)
82,https://www.arbeitnow.com/jobs/companies/ms-marketing-consult-gmbh/praktikant-fur-den-bereich-social-media-pflichtpraktikum-taunusstein-444856,Praktikant (m/w/d) für den Bereich Social Media (Pflichtpraktikum)
82,https://www.arbeitnow.com/jobs/companies/bausparkasse-schwabisch-hall-ag-bezirksdirektion-michael-blum/bezirksleiter-in-der-region-sudpfalz-landau-bad-bergzabern-pirmasens-460488,"Bezirksleiter (m/w/d) in der Region Südpfalz (Landau, Bad Bergzabern, Pirmasens)"
82,https://www.arbeitnow.com/jobs/companies/bausparkasse-schwabisch-hall-ag-bezirksdirektion-michael-blum/bezirksleiter-in-der-region-sudpfalz-landau-bad-bergzabern-pirmasens-89786,"Bezirksleiter (m/w/d) in der Region Südpfalz (Landau, Bad Bergzabern, Pirmasens)"
82,https://www.arbeitnow.com/jobs/companies/treatfuls/influencer-marketing-hybrid-dusseldorf-remote-praktikum-398863,Influencer Marketing (m/w/d) - Hybrid (Düsseldorf/Remote) (Praktikum)
82,https://www.arbeitnow.com/jobs/companies/telecomputer-gmbh/mitarbeiter-kundenservice-chemnitz-125201,Mitarbeiter Kundenservice (m/w/d)
82,https://www.arbeitnow.com/jobs/companies/atg108-team-gesundheit/zusatzeinkommen-nebenwerb-fur-senioreninnen-im-empfehlungs-geschaft-dusseldorf-47415,Zusatzeinkommen / Nebenwerb für Senioren*Innen (w/m/d) im Empfehlungs-Geschäft
82,https://www.arbeitnow.com/jobs/companies/medialine-eurotrade-ag/storage-consultant-dresden-492919,Storage Consultant (m/w/d)
82,https://www.arbeitnow.com/jobs/companies/das-bernsteinzimmer/schmuckverkaufer-in-voll-teilzeit-binz-350013,Schmuckverkäufer (m/w/d) in Voll-/ Teilzeit
82,https://www.arbeitnow.com/jobs/companies/wortmann-wember-gmbh/ingenieur-versorgungstechnik-tga-hls-bochum-394201,Ingenieur Versorgungstechnik (TGA-HLS) m/w/d
82,https://www.arbeitnow.com/jobs/companies/roomhero-gmbh/projektkoordinator-operations-frankfurt-am-main-426781,Projektkoordinator Operations (m/w/d/)
82,https://www.arbeitnow.com/jobs/companies/quintessence-consulting-gmbh/berater-fur-unternehmens-software-touristik-hanover-282049,Berater für Unternehmens-Software (m/w/d) - Touristik
82,https://www.arbeitnow.com/jobs/companies/ingenieurburo-format-gmbh/technischer-redakteur-und-projektmanager-wilhelmshaven-159965,Technischer Redakteur und Projektmanager (w/m/d)
82,https://www.arbeitnow.com/jobs/companies/shape-your-life/remote-business-development-partner-leadership-personal-growth-global-wurselen-181760,Remote Business Development Partner | Leadership & Personal Growth (Global)
82,https://www.arbeitnow.com/jobs/companies/pb3c-gmbh/social-media-managerin-berlin-277415,Social Media Manager:in (m/w/d)
82,https://www.arbeitnow.com/jobs/companies/prosenio-ev/assistentin-des-vorstandes-sales-marketing-fur-ukraine-und-europa-wuppertal-235420,Assistentin des Vorstandes Sales / Marketing für Ukraine und Europa
82,https://www.arbeitnow.com/jobs/companies/pb3c-gmbh/pflichtpraktikum-pr-presse-und-offentlichkeitsarbeit-bezahlt-berlin-135924,Pflichtpraktikum - PR / Presse- und Öffentlichkeitsarbeit (m/w/d) - bezahlt
82,https://www.arbeitnow.com/jobs/companies/wwk-versicherungsagentur-andreas-kunstner/aussendienstmitarbeiter-im-vertrieb-versicherung-auch-als-quereinstieg-moglich-landshut-40496,Außendienstmitarbeiter im Vertrieb (Versicherung) - auch als Quereinstieg möglich
82,https://www.arbeitnow.com/jobs/companies/second-elements-gmbh-co-kg/sea-smm-digital-marketing-consultant-mensch-hybrid-in-vollzeit-berlin-442643,SEA/SMM Digital Marketing Consultant (Mensch) Hybrid in Vollzeit
82,https://www.arbeitnow.com/jobs/companies/industrial-application-software-gmbh/erp-consultant-karlsruhe-271358,ERP Consultant (m/w/d)
82,https://www.arbeitnow.com/jobs/companies/hgc-hamburg-gas-consult-gmbh/versorgungsinfrastruktur-studentische-hilfskraft-in-hamburg-166123,Versorgungsinfrastruktur - studentische Hilfskraft in Hamburg (m/w/d)
82,https://www.arbeitnow.com/jobs/companies/italia-marketing-gmbh/praktikant-account-management-sales-fokus-italien-bonn-346662,Praktikant Account Management / Sales (m/w/d) - Fokus Italien
82,https://www.arbeitnow.com/jobs/companies/italia-marketing-gmbh/praktikant-business-development-bonn-102867,Praktikant (m/w/d) - Business Development
82,https://www.arbeitnow.com/jobs/companies/italia-marketing-gmbh/praktikant-sales-vertrieb-fokus-italien-bonn-148970,Praktikant Sales / Vertrieb (m/w/d) - Fokus Italien
82,https://www.arbeitnow.com/jobs/companies/invisible-brands-gmbh/direct-response-copywriter-paderborn-79596,Direct Response Copywriter (m/w/d)
83,https://www.arbeitnow.com/jobs/companies/lysant/it-consultants-fur-die-bereiche-projektmanagement-requirements-engineering-test-und-qualitatsmanagement-stuttgart-135792,"IT-Consultants (m/w/d) für die Bereiche Projektmanagement, Requirements Engineering, Test- und Qualitätsmanagement"
83,https://www.arbeitnow.com/jobs/companies/innosystec-gmbh/senior-softwareentwickler-salem-194512,Senior Softwareentwickler (m/w/d) - Salem
83,https://www.arbeitnow.com/jobs/companies/metzgerei-boneberger-gmbh/fachverkaufer-frische-experte-im-lebensmittelhandwerk-munich-448183,Fachverkäufer / Frische Experte im Lebensmittelhandwerk (m/w/d)
83,https://www.arbeitnow.com/jobs/companies/metzgerei-boneberger-gmbh/verkaufer-in-quereinsteiger-verkauf-metzgerei-in-vollzeit-teilzeit-in-freising-erding-neufahrn-86779,"Verkäufer/in -Quereinsteiger Verkauf Metzgerei (m/w/d) in Vollzeit / Teilzeit in Freising, Erding & Neufahrn"
83,https://www.arbeitnow.com/jobs/companies/metzgerei-boneberger-gmbh/verkaufer-in-quereinsteiger-verkauf-metzgerei-in-vollzeit-teilzeit-in-schongau-weilheim-416738,Verkäufer/in -Quereinsteiger Verkauf Metzgerei (m/w/d) in Vollzeit / Teilzeit in Schongau & Weilheim
83,https://www.arbeitnow.com/jobs/companies/specific-group-germany-gmbh/rpg-entwickler-ibmi-landshut-301052,RPG- Entwickler (IBMi) (w/m/d)
83,https://www.arbeitnow.com/jobs/companies/jc-eckardt-gmbh/elektriker-herne-71752,Elektriker (m/w/d)
83,https://www.arbeitnow.com/jobs/companies/flowlogix-gmbh/fullstack-softwareentwickler-dresden-215306,Fullstack Softwareentwickler (w/m/d)
83,https://www.arbeitnow.com/jobs/companies/automobile-robert-kotting-ek/kfz-meister-coesfeld-278063,KfZ-Meister (m/w/d)
83,https://www.arbeitnow.com/jobs/companies/investec-advisory/praktikant-werkstudent-im-investment-banking-wiesbaden-442963,Praktikant / Werkstudent im Investment Banking
83,https://www.arbeitnow.com/jobs/companies/atg-group-gmbh/technischer-leiter-projektleiter-unterwellenborn-352927,Technischer Leiter/ Projektleiter (w/m/d)
83,https://www.arbeitnow.com/jobs/companies/salesfive-gmbh/salesforce-consultant-hamburg-360514,Salesforce Consultant (m/f/x)
83,https://www.arbeitnow.com/jobs/companies/salesfive-gmbh/senior-salesforce-consultant-dusseldorf-137862,Senior Salesforce Consultant (m/f/x)
83,https://www.arbeitnow.com/jobs/companies/flowprime/sap-ewm-senior-consultant-munich-210497,SAP EWM Senior Consultant (m/w/d)
83,https://www.arbeitnow.com/jobs/companies/bsl-managementberatung/werkstudentin-public-sector-consulting-remote-mainz-395266,WerkstudentIn Public Sector Consulting (m/w/d) - remote
83,https://www.arbeitnow.com/jobs/companies/bermuda-digital-studio/product-manager-ai-bochum-439791,Product Manager AI (m/w/d)
83,https://www.arbeitnow.com/jobs/companies/maxplus-advertising-gmbh/praktikum-influencer-marketing-kampagnenbetreuung-wiesbaden-134888,Praktikum Influencer Marketing (m/w/d) - Kampagnenbetreuung
83,https://www.arbeitnow.com/jobs/companies/zweidigital-gmbh/initiativbewerbung-frankfurt-am-main-476278,Initiativbewerbung (m/w/d)
83,https://www.arbeitnow.com/jobs/companies/ao-profil-gmbh-partner-fur-integrierte-kommunikation/praktikant-pr-marketing-bergisch-gladbach-62887,Praktikant PR & Marketing
83,https://www.arbeitnow.com/jobs/companies/marketer-ux-gmbh/werkstudent-design-mediengestaltung-dusseldorf-medienhafen-98608,Werkstudent (m/w/d) - Design / Mediengestaltung | Düsseldorf Medienhafen
83,https://www.arbeitnow.com/jobs/companies/deepsoul-marketing-und-design/praktikum-mediengestalter-digital-print-braunschweig-241145,Praktikum Mediengestalter Digital & Print
83,https://www.arbeitnow.com/jobs/companies/brainstormunich-media-gmbh/filmemacherin-als-pflichtpraktikantin-planegg-494190,Filmemacher:in als Pflichtpraktikant:in
83,https://www.arbeitnow.com/jobs/companies/focus-media-gmbh/call-center-agent-bremen-312135,Call Center Agent
83,https://www.arbeitnow.com/jobs/companies/salesfive-gmbh/salesforce-commerce-cloud-b2b-software-engineer-berlin-121525,Salesforce Commerce Cloud B2B Software Engineer (m/f/x)
83,https://www.arbeitnow.com/jobs/companies/salesfive-gmbh/salesforce-consultant-berlin-272063,Salesforce Consultant (m/f/x)
83,https://www.arbeitnow.com/jobs/companies/hypercampus-gmbh/weiterbildung-online-125-monate-it-fachkraft-im-gesundheitswesen-mit-schwerpunkt-it-systemadministration-weiden-in-der-oberpfalz-149396,"Weiterbildung Online - 12,5 Monate - IT-Fachkraft (m/w/d) im Gesundheitswesen mit Schwerpunkt IT-Systemadministration"
83,https://www.arbeitnow.com/jobs/companies/kreativsohne/full-stack-entwicklerin-leipzig-291633,Full - Stack - Entwickler:in
83,https://www.arbeitnow.com/jobs/companies/frohlich-partner/datenerfassungsmitarbeiterin-oberviechtach-486297,Datenerfassungsmitarbeiter:in
83,https://www.arbeitnow.com/jobs/companies/ectacom-gmbh/senior-vendor-development-manager-cybersecurity-hohenbrunn-284375,Senior Vendor Development Manager CyberSecurity (m/w/d)
83,https://www.arbeitnow.com/jobs/companies/wir-machen-content/pflichtpraktikum-schulerpraktikum-social-media-management-und-content-creator-auch-remote-home-office-moglich-munich-266050,Pflichtpraktikum/ Schülerpraktikum: Social Media Management und Content Creator auch Remote - Home-Office möglich
83,https://www.arbeitnow.com/jobs/companies/wir-machen-content/pflichtpraktikum-schulerpraktikum-tittok-creator-video-cutter-auch-remote-home-office-moglich-munich-378850,Pflichtpraktikum/ Schülerpraktikum: TitTok Creator-Video Cutter auch Remote - Home-Office möglich
83,https://www.arbeitnow.com/jobs/companies/pentest-factory-gmbh/web-penetration-tester-100-home-office-moglich-berlin-136423,Web-Penetration-Tester (m/w/d) - 100 % Home-Office möglich
83,https://www.arbeitnow.com/jobs/companies/eprocessing/werkstudent-im-bereich-marketing-monchengladbach-403626,Werkstudent (m/w/d) im Bereich Marketing
83,https://www.arbeitnow.com/jobs/companies/medialine-eurotrade-ag/operations-engineer-vmware-infrastructure-wiesbaden-112718,Operations Engineer / VMware Infrastructure (m/w/d)
83,https://www.arbeitnow.com/jobs/companies/solvi-gmbh/festanstellung-softwareentwicklung-waldems-411371,Festanstellung Softwareentwicklung (m/w/d)
83,https://www.arbeitnow.com/jobs/companies/picotours-gmbh/trainee-im-tourismus-freiburg-im-breisgau-37708,Trainee im Tourismus
83,https://www.arbeitnow.com/jobs/companies/wild-schwarzwaldbrennerei-weingut-gmbh/praxissemester-human-resources-gengenbach-343784,Praxissemester (m/w/d) Human Resources
83,https://www.arbeitnow.com/jobs/companies/medialine-eurotrade-ag/it-system-engineer-in-berlin-adlershof-425374,IT System Engineer (m/w/d) in Berlin Adlershof
83,https://www.arbeitnow.com/jobs/companies/van-bramborg-eventcatering-gmbh/event-managerin-wildau-8809,Event - Manager:in
83,https://www.arbeitnow.com/jobs/companies/nc-newmedia/pflicht-praktikum-online-redaktion-100-remote-voll-teilzeit-ilmenau-250719,Pflicht-Praktikum Online-Redaktion | 100% Remote | Voll & Teilzeit
83,https://www.arbeitnow.com/jobs/companies/planer-kollegen-gmbh/sanierungsberater-landsberg-am-lech-418829,Sanierungsberater (m/w/d)
83,https://www.arbeitnow.com/jobs/companies/liganova-gmbh/praktikum-porsche-brand-store-all-genders-sept-okt-2026-stuttgart-146805,Praktikum Porsche Brand Store (all genders) – Sept/ Okt 2026
83,https://www.arbeitnow.com/jobs/companies/playful-media/junior-videographer-berlin-74347,(Junior) Videographer (m/w/d)
83,https://www.arbeitnow.com/jobs/companies/greenventory-gmbh/werkstudentin-im-team-energy-projects-freiburg-im-breisgau-476382,Werkstudent:in im Team Energy Projects
83,https://www.arbeitnow.com/jobs/companies/bauer-concept-gmbh/zfp-phased-array-pruferin-brunsbuttel-32550,ZfP Phased Array Prüfer(in)
83,https://www.arbeitnow.com/jobs/companies/saxenhammer/ma-intern-berlin-352625,M&A Intern (m/w/d) Berlin
83,https://www.arbeitnow.com/jobs/companies/scplan-gmbh/sap-supply-chain-planung-senior-berater-in-frankfurt-am-main-138248,SAP Supply Chain Planung (Senior) Berater/in (m/w/d)
83,https://www.arbeitnow.com/jobs/companies/amapharm-gmbh/elektriker-industriemechaniker-neunkirchen-67507,Elektriker/ Industriemechaniker (m/w/d)
83,https://www.arbeitnow.com/jobs/companies/diqz-deutsches-institut-fur-qualitat-zertifizierung-gmbh/auditor-in-iso-9001-iso-14001-iso-27001-berlin-hamburg-schleswig-holstein-als-freelancer-kiel-428784,"Auditor/in ISO 9001, ISO 14001, ISO 27001 (Berlin, Hamburg, Schleswig-Holstein) als Freelancer"
83,https://www.arbeitnow.com/jobs/companies/loyos-bi-gmbh/finance-consultant-accounting-reporting-data-hamburg-296327,"Finance Consultant - Accounting, Reporting & Data (m/w/d)"
84,https://www.arbeitnow.com/jobs/companies/public-relations-partners-gesellschaft-fur-kommunikation-mbh/junior-pr-manager-vollzeit-teilzeit-mwd-kronberg-279075,Junior PR Manager Vollzeit/Teilzeit (mwd)
84,https://www.arbeitnow.com/jobs/companies/watch-gmbh/chemie-ingenieurin-verfahrenstechnikerin-fur-vertrieb-mannheim-260639,Chemie-Ingenieur(in) / Verfahrenstechniker(in) für Vertrieb
84,https://www.arbeitnow.com/jobs/companies/european-dynamics/business-analyst-product-owner-fluent-in-german-bapog-09-2026-berlin-48364,Business Analyst / Product Owner fluent in German (m/w/d) BAPOG/09/2026
84,https://www.arbeitnow.com/jobs/companies/perfect-jobs/selbststandiger-geschaftsfuhrerin-home-office-zukunftsmarkt-thundorf-in-unterfranken-250897,Selbstständiger Geschäftsführer*in (m/w/d) | Home-Office | Zukunftsmarkt
84,https://www.arbeitnow.com/jobs/companies/digitale-schmiede/pflichtpraktikum-social-media-und-influencer-marketing-dusseldorf-226183,Pflichtpraktikum (m/w/d) Social Media und Influencer Marketing
84,https://www.arbeitnow.com/jobs/companies/soconit-gmbh/erp-consultant-straubing-57044,ERP Consultant (m/w/d)
84,https://www.arbeitnow.com/jobs/companies/desta-dekoloniale-stadtfuhrung/bezahltes-praktikum-dekoloniale-stadtfuhrung-berlin-264829,Bezahltes Praktikum - Dekoloniale Stadtführung Berlin (w/m/d)
84,https://www.arbeitnow.com/jobs/companies/inbeso-consulting-gmbh/werkstudent-it-strategie-erp-beratung-wurzburg-38140,Werkstudent (m/w/d) - IT-Strategie & ERP-Beratung
84,https://www.arbeitnow.com/jobs/companies/ewald-consulting-gmbh-co-kg/unternehmer-im-unternehmen-fur-sap-ps-eam-oder-service-dortmund-35273,"Unternehmer im Unternehmen für SAP PS, EAM oder Service (M/W/D)"
84,https://www.arbeitnow.com/jobs/companies/interkultura-verlag/verlagspraktikum-im-grafikdesign-ki-kunst-mediengestaltung-250-eur-3-monate-in-siegen-home-office-183347,"Verlagspraktikum im Grafikdesign, KI-Kunst, Mediengestaltung, 250 €, 3 Monate in Siegen Home-Office"
84,https://www.arbeitnow.com/jobs/companies/sp-robots-gmbh/automatisierungsspezialistin-salzgitter-304212,Automatisierungsspezialist:in
84,https://www.arbeitnow.com/jobs/companies/upsters-energy-gmbh/praktikum-im-business-development-startup-frankfurt-am-main-304316,Praktikum im Business Development (w/m/d) | Startup
84,https://www.arbeitnow.com/jobs/companies/metzgerei-boneberger-gmbh/verkaufer-in-quereinsteiger-verkauf-metzgerei-in-vollzeit-teilzeit-in-kaufbeuren-marktoberdorf-34760,Verkäufer/in -Quereinsteiger Verkauf Metzgerei (m/w/d) in Vollzeit / Teilzeit in Kaufbeuren & Marktoberdorf
84,https://www.arbeitnow.com/jobs/companies/metzgerei-boneberger-gmbh/verkaufer-in-quereinsteiger-verkauf-metzgerei-in-vollzeit-teilzeit-in-augsburg-landsberg-344938,Verkäufer/in -Quereinsteiger Verkauf Metzgerei (m/w/d) in Vollzeit / Teilzeit in Augsburg & Landsberg
84,https://www.arbeitnow.com/jobs/companies/amc-group/praktikum-unternehmensberatung-bonn-302608,Praktikum Unternehmensberatung
84,https://www.arbeitnow.com/jobs/companies/medialine-eurotrade-ag/technical-consultant-elo-sobernheim-341118,Technical Consultant ELO (m/w/d)
84,https://www.arbeitnow.com/jobs/companies/sempora-consulting-gmbh/consultant-strategieberatung-bad-homburg-346044,Consultant Strategieberatung
84,https://www.arbeitnow.com/jobs/companies/agilam-consulting-gmbh/scrum-master-projektmanager-mulheim-258791,Scrum Master / Projektmanager (m/w/d)
84,https://www.arbeitnow.com/jobs/companies/n-toussaint-co-gmbh/werkstudent-marketing-kleinblittersdorf-172687,Werkstudent Marketing (m/w/d)
84,https://www.arbeitnow.com/jobs/companies/metzgerei-boneberger-gmbh/versand-verpackungsmitarbeiter-in-in-vollzeit-in-schongau-70171,Versand-/ Verpackungsmitarbeiter/in (m/w/d) in Vollzeit in Schongau
84,https://www.arbeitnow.com/jobs/companies/metzgerei-boneberger-gmbh/metzger-in-in-vollzeit-fur-die-fullerei-schongau-101194,Metzger/in (m/w/d) in Vollzeit für die Füllerei
84,https://www.arbeitnow.com/jobs/companies/metzgerei-boneberger-gmbh/metzger-meister-in-voll-oder-teilzeit-fur-die-zerlegung-schongau-454596,Metzger-/ meister (m/w/d) in Voll oder Teilzeit für die Zerlegung
84,https://www.arbeitnow.com/jobs/companies/metzgerei-boneberger-gmbh/filialleiter-in-in-vollzeit-fur-ein-boneberger-fachgeschaft-in-munchen-oder-umland-munich-456347,Filialleiter/in (m/w/d) in Vollzeit für ein Boneberger Fachgeschäft in München oder Umland
84,https://www.arbeitnow.com/jobs/companies/metzgerei-boneberger-gmbh/personalsachbearbeiter-in-fachkraft-fur-lohnbuchhaltung-in-vollzeit-oder-teilzeit-in-schongau-280944,Personalsachbearbeiter/in - Fachkraft für Lohnbuchhaltung (m/w/d) in Vollzeit- oder Teilzeit in Schongau
84,https://www.arbeitnow.com/jobs/companies/lagom-kosmetikstudio/kosmetikerin-fusspflegerin-nageldesignerin-hanover-487522,"Kosmetikerin, Fußpflegerin, Nageldesignerin (w/m/d)"
84,https://www.arbeitnow.com/jobs/companies/limes-gmbh/auszubildender-baustoffprufer-in-der-geotechnik-gesucht-essen-439299,"Auszubildender (m/w/d) ""Baustoffprüfer in der Geotechnik"" gesucht"
84,https://www.arbeitnow.com/jobs/companies/bauer-concept-gmbh/staatlich-geprufte-r-techniker-in-im-bereich-verfahrens-maschinen-oder-umwelttechnik-brunsbuttel-293400,"Staatlich geprüfte/r Techniker/in im Bereich Verfahrens-, Maschinen- oder Umwelttechnik"
84,https://www.arbeitnow.com/jobs/companies/soconit-gmbh/erp-support-helpdesk-straubing-102257,ERP Support - Helpdesk (m/w/d)
84,https://www.arbeitnow.com/jobs/companies/b-degrees-gmbh/web-user-interface-designer-frankfurt-am-main-493936,Web / User Interface Designer
84,https://www.arbeitnow.com/jobs/companies/corporate-finance-mittelstandsberatung-gmbh-cf-mb/werkstudent-im-bereich-vertrieb-marketing-dusseldorf-51479,Werkstudent (m/w/d) im Bereich Vertrieb/Marketing
84,https://www.arbeitnow.com/jobs/companies/2w-com-gmbh/technische-r-leiter-in-isernhagen-25727,Technische/r Leiter/in (m/w/d)
84,https://www.arbeitnow.com/jobs/companies/retito-gmbh/e-mail-marketing-customer-retention-manager-cologne-65513,E-Mail-Marketing | Customer Retention Manager (m/w/d)
84,https://www.arbeitnow.com/jobs/companies/addsales/werkstudent-sales-20h-woche-wesel-261553,Werkstudent Sales (m/w/d) - 20h/Woche
84,https://www.arbeitnow.com/jobs/companies/kokenschmidt-gmbh/praktikant-im-bereich-umwelt-und-arbeitsschutz-erstellung-von-dokumentationen-meppen-4069,Praktikant (m/w/d) im Bereich Umwelt- und Arbeitsschutz - Erstellung von Dokumentationen
84,https://www.arbeitnow.com/jobs/companies/apfelhilfe-it-management-dr-med-it/fachinformatiker-systemintegration-systemadministrator-schwabisch-hall-117071,Fachinformatiker Systemintegration / Systemadministrator (m/w/d)
84,https://www.arbeitnow.com/jobs/companies/contio-enabling-innovation/praktikum-content-creation-social-media-insbesondere-linkedin-3-monate-dusseldorf-162039,"Praktikum Content Creation (Social Media, insbesondere LinkedIn) (3 Monate) (m/w/d)"
84,https://www.arbeitnow.com/jobs/companies/inbeso-consulting-gmbh/senior-consultant-digitale-transformation-und-erp-wurzburg-43795,(Senior) Consultant digitale Transformation und ERP (m/w/d)
84,https://www.arbeitnow.com/jobs/companies/mightycare-solutions-gmbh/it-system-administrator-hennef-330294,IT System Administrator (m/w/d)
84,https://www.arbeitnow.com/jobs/companies/cjh-family-office-gmbh/werkstudent-im-bereich-vertrieb-marketing-dusseldorf-318411,Werkstudent (m/w/d) im Bereich Vertrieb/Marketing
84,https://www.arbeitnow.com/jobs/companies/facts-and-stories-gmbh/praktikantin-ki-marketing-innovation-storytelling-hamburg-313074,Praktikant:in KI / Marketing / Innovation / Storytelling
84,https://www.arbeitnow.com/jobs/companies/aerion/senior-full-stack-engineer-munich-172812,Senior Full Stack Engineer (m/w/d)
84,https://www.arbeitnow.com/jobs/companies/arteo-asthetische-plastische-chirurgie-gmbh/social-media-creator-allrounder-dusseldorf-338036,Social Media Creator/Allrounder
84,https://www.arbeitnow.com/jobs/companies/niologic/physikerin-in-der-ki-beratung-kundenkontakt-hurth-350513,Physiker:in in der KI-Beratung (Kundenkontakt) (m/w/d)
84,https://www.arbeitnow.com/jobs/companies/retito-gmbh/media-buyer-paid-media-manager-meta-tiktok-cologne-166885,"Media Buyer | Paid Media Manager - Meta, TikTok (m/w/d)"
84,https://www.arbeitnow.com/jobs/companies/timpla-by-renggli/holzbauingenieur-eberswalde-391515,Holzbauingenieur (w/m/d)
84,https://www.arbeitnow.com/jobs/companies/aed-automation-gmbh/servicemonteur-dornstadt-57925,Servicemonteur m/w/d
84,https://www.arbeitnow.com/jobs/companies/brandi-igh-salzgitter-gmbh/ingenieur-master-bachelor-techniker-hlse-heizung-luftung-sanitar-elektro-tga-salzgitter-151736,"Ingenieur/Master/Bachelor/Techniker HLSE (Heizung, Lüftung, Sanitär, Elektro) TGA"
84,https://www.arbeitnow.com/jobs/companies/spirit-onside-consulting-gmbh/test-automation-engineer-munich-320882,Test Automation Engineer (m/w/d)
84,https://www.arbeitnow.com/jobs/companies/sikwel-gmbh/data-engineer-oldenburg-239188,Data Engineer (w/m/d)
84,https://www.arbeitnow.com/jobs/companies/bochtler-medientechnik-gmbh/av-medientechniker-schemmerhofen-26597,AV Medientechniker (m/w/d)
85,https://www.arbeitnow.com/jobs/companies/playful-media/social-media-manager-berlin-260245,Social Media Manager (m/w/d)
85,https://www.arbeitnow.com/jobs/companies/michael-blachy-hausverwaltung/hausverwalter-an-der-aussenalster-hamburg-397613,Hausverwalter an der Außenalster (m/w/d)
85,https://www.arbeitnow.com/jobs/companies/second-elements-gmbh-co-kg/seo-digital-performance-marketing-consultant-in-vollzeit-oder-teilzeit-hamburg-422442,SEO Digital Performance Marketing Consultant (w/m/d) in Vollzeit oder Teilzeit
85,https://www.arbeitnow.com/jobs/companies/finanzen-mit-frauglitterboss/vertrieb-kundenbetreuung-neukundenakquise-aussendienstmitarbeiter-wuppertal-128797,"Vertrieb, Kundenbetreuung, Neukundenakquise, Außendienstmitarbeiter"
85,https://www.arbeitnow.com/jobs/companies/ceneos-gmbh/praktikum-zum-fachinformatiker-in-systemintegration-sankt-augustin-73270,Praktikum zum Fachinformatiker/in - Systemintegration (m/w/d)
85,https://www.arbeitnow.com/jobs/companies/nc-newmedia/pflicht-praktikum-online-redaktion-100-remote-voll-teilzeit-bezahlung-ilmenau-222259,Pflicht-Praktikum Online-Redaktion | 100% Remote | Voll & Teilzeit + Bezahlung
85,https://www.arbeitnow.com/jobs/companies/surveycircle/praktikantin-marketing-social-media-mannheim-197035,Praktikant:in Marketing & Social Media (m/w/d)
85,https://www.arbeitnow.com/jobs/companies/excav/werkstudent-im-bereich-software-entwicklung-erlangen-15004,Werkstudent im Bereich Software-Entwicklung
85,https://www.arbeitnow.com/jobs/companies/fcf-fox-corporate-finance-gmbh/praktikant-im-investment-banking-attraktive-vergutung-in-hohe-von-brutto-eur3500-pro-monat-munich-385139,"Praktikant im Investment Banking (m/w/d) - Attraktive Vergütung in Höhe von (brutto) €3.500,- pro Monat"
85,https://www.arbeitnow.com/jobs/companies/fcf-fox-corporate-finance-gmbh/investment-banking-analyst-uberdurchschnittlich-attraktive-vergutung-im-topquartil-der-investmentbanken-munich-115722,Investment Banking Analyst (m/w/d) - Überdurchschnittlich attraktive Vergütung im Topquartil der Investmentbanken
85,https://www.arbeitnow.com/jobs/companies/blp-software-gmbh/fullstack-entwicklerin-schorndorf-183618,Fullstack Entwickler:in
85,https://www.arbeitnow.com/jobs/companies/amberger-consulting-gmbh/senior-consultant-sanierung-ma-im-gesundheitswesen-dusseldorf-395589,Senior Consultant - Sanierung & M&A im Gesundheitswesen (m/w/d)
85,https://www.arbeitnow.com/jobs/companies/nonstop-gmbh/burokraft-fur-minijob-in-buchhaltung-mit-remote-aussicht-stuttgart-257593,Bürokraft für Minijob in Buchhaltung (mit Remote-Aussicht)
85,https://www.arbeitnow.com/jobs/companies/interkultura-verlag/verlagspraktikum-praktikantin-im-praktikum-im-bereichen-lektorat-e-learning-deutsch-als-fremdsprache-3-monate-in-home-office-cologne-477425,"Verlagspraktikum: Praktikant(in) im Praktikum (m/w/d) im Bereichen Lektorat, E-Learning, Deutsch als Fremdsprache 3 Monate in Home-Office"
85,https://www.arbeitnow.com/jobs/companies/proxia-software-ag/servicetechniker-forstinning-40929,Servicetechniker (w/w/d)
85,https://www.arbeitnow.com/jobs/companies/innobrain-gmbh/werkstudent-fullstack-entwickler-laravel-wurzburg-123807,Werkstudent: Fullstack-Entwickler Laravel (m/w/d)
85,https://www.arbeitnow.com/jobs/companies/fortis-it-services-gmbh/senior-sap-fi-co-beraterin-hamburg-287529,Senior SAP FI/CO Berater*in (Hamburg)
85,https://www.arbeitnow.com/jobs/companies/prepmymeal-gmbh/praktikum-marketing-kommunikation-italienisch-frankfurt-am-main-61762,Praktikum Marketing & Kommunikation (Italienisch) (m/w/d)
85,https://www.arbeitnow.com/jobs/companies/startup57/bezahltes-praktikum-praxissemester-informatik-ki-software-entwicklung-wissen-393902,"Bezahltes Praktikum / Praxissemester - Informatik, KI, Software-Entwicklung"
85,https://www.arbeitnow.com/jobs/companies/egs-plan-ingenieurgesellschaft-fur-energie-gebaude-und-solartechnik-mbh/auszubildender-technischer-systemplaner-versorgungs-und-ausrustungstechnik-zum-01092027-stuttgart-175346,Auszubildender Technischer Systemplaner - Versorgungs- und Ausrüstungstechnik zum 01.09.2027 (m/w/d)
85,https://www.arbeitnow.com/jobs/companies/arktisquelle/partnermanager-akquise-affiliate-hamminkeln-441084,Partnermanager - Akquise & Affiliate (m/w/d)
85,https://www.arbeitnow.com/jobs/companies/eueco-gmbh/projektleiterin-burgerbeteiligung-munich-52834,Projektleiter:in Bürgerbeteiligung
85,https://www.arbeitnow.com/jobs/companies/finanture/finanzberater-finanzcoach-auch-als-nebenberuf-remote-work-mannheim-283395,Finanzberater / Finanzcoach (m/w/d) auch als Nebenberuf / Remote Work
85,https://www.arbeitnow.com/jobs/companies/mintano-gmbh/pflichtpraktikum-projekt-und-eventmanagement-m-w-d-dusseldorf-73648,Pflichtpraktikum Pro­jekt- und Event­ma­nage­ment (m/ w/ d)
85,https://www.arbeitnow.com/jobs/companies/cosoft-computer-consulting-gmbh/it-systemadministrator-it-techniker-coesfeld-455385,IT-Systemadministrator / IT-Techniker (m/w/d)
85,https://www.arbeitnow.com/jobs/companies/nicmatec/senior-java-softwareentwickler-dusseldorf-313143,(Senior) Java Softwareentwickler (m/w/d)
85,https://www.arbeitnow.com/jobs/companies/sirius-facilities-gmbh/outbound-sales-agent-everyone-is-welcome-berlin-205668,Outbound Sales Agent (everyone is welcome) - Berlin
85,https://www.arbeitnow.com/jobs/companies/wealthapi-gmbh/senior-banking-and-brokerage-api-developer-berlin-435735,Senior Banking and Brokerage API Developer - Berlin
85,https://www.arbeitnow.com/jobs/companies/carmasec-gmbh-co-kg/senior-cloud-engineer-microsoft-azure-in-der-it-beratung-essen-336219,(Senior) Cloud Engineer Microsoft Azure (m/w/d) in der IT-Beratung
85,https://www.arbeitnow.com/jobs/companies/vub-gmbh/werkstudent-customer-success-cologne-35440,Werkstudent - Customer Success (m/w/d)
85,https://www.arbeitnow.com/jobs/companies/horbach-finanzberatung-center-stuttgart-iv-frank-egger/quereinsteiger-vertrieb-stuttgart-359821,Quereinsteiger Vertrieb (m/w/d)
85,https://www.arbeitnow.com/jobs/companies/amx-consulting/praktikum-praxissemester-im-recruiting-digitalmarketing-bochum-149092,Praktikum/ Praxissemester im Recruiting & Digitalmarketing
85,https://www.arbeitnow.com/jobs/companies/amx-consulting/praktikum-praxissemester-im-digitalmarketing-bochum-293544,Praktikum/ Praxissemester im Digitalmarketing
85,https://www.arbeitnow.com/jobs/companies/mirantus-health/senior-frontend-developer-berlin-274430,Senior Frontend Developer
85,https://www.arbeitnow.com/jobs/companies/emma-grun-gmbh/pflicht-praktikum-umschulung-produktmanagement-onlineshop-betreuung-e-commerce-100-remote-weil-205853,(Pflicht-)Praktikum/Umschulung: Produktmanagement & Onlineshop Betreuung - E-Commerce - 100% remote
85,https://www.arbeitnow.com/jobs/companies/benstotz/leiterin-digital-organizing-hub-berlin-131248,Leiter:in Digital Organizing Hub
85,https://www.arbeitnow.com/jobs/companies/volksbank-raiffeisenbank-furstenfeldbruck-eg/privatkundenberater-gn-puchheim-olching-310264,"Privatkundenberater (gn*) Puchheim, Olching"
85,https://www.arbeitnow.com/jobs/companies/little-dot-studios-deutschland/praktikum-social-media-cutter-standort-munchen-oder-remote-deutschlandweit-munich-212943,Praktikum Social Media Cutter (m/w/d) Standort München oder Remote deutschlandweit
85,https://www.arbeitnow.com/jobs/companies/little-dot-studios-deutschland/praktikum-social-media-management-standort-munchen-oder-remote-deutschlandweit-munich-91708,Praktikum Social Media Management (m/w/d) Standort München oder Remote deutschlandweit
85,https://www.arbeitnow.com/jobs/companies/incas-gmbh/it-administrator-mit-schwerpunkt-it-security-krefeld-401179,IT-Administrator mit Schwerpunkt IT-Security (m/w/d)
85,https://www.arbeitnow.com/jobs/companies/smarts-engineering-gmbh/sps-programmierer-cologne-395873,SPS-Programmierer (m/w/d)
85,https://www.arbeitnow.com/jobs/companies/nettrek-gmbh-co-kg/duales-studium-bachelor-of-science-dorsten-377650,Duales Studium - Bachelor of Science (m/w/d)
85,https://www.arbeitnow.com/jobs/companies/nt-neue-technologie-ag/it-netzwerkadministrator-fur-unser-rechenzentrum-erfurt-374188,IT Netzwerkadministrator (m/w/d) für unser Rechenzentrum
85,https://www.arbeitnow.com/jobs/companies/in-puncto-position/agenturberaterinnen-kreation-oder-strategie-oder-beratung-hamburg-256758,Agenturberater*innen (Kreation oder Strategie oder Beratung)
85,https://www.arbeitnow.com/jobs/companies/brand-rising/content-writer-manager-werkstudentin-berlin-438355,Content Writer / Manager - Werkstudent:in (m/w/d)
85,https://www.arbeitnow.com/jobs/companies/fixfirst/venture-development-intern-berlin-289498,Venture Development - Intern
85,https://www.arbeitnow.com/jobs/companies/fixfirst/founders-associate-intern-berlin-218230,Founders Associate - Intern
85,https://www.arbeitnow.com/jobs/companies/cosoft-computer-consulting-gmbh/junior-it-systemadministrator-junior-it-techniker-coesfeld-354701,Junior IT-Systemadministrator / Junior IT-Techniker (m/w/d)
85,https://www.arbeitnow.com/jobs/companies/w-schmidt-diehler-gmbh/kalkulator-bad-soden-321335,Kalkulator (m/w/d)
85,https://www.arbeitnow.com/jobs/companies/fullhouse-it-services-ag/it-administrator-geretsried-413357,IT-Administrator (w/m/d)
86,https://www.arbeitnow.com/jobs/companies/visioncheckout/werkstudentin-customer-success-karlsruhe-287521,Werkstudent:in Customer Success
86,https://www.arbeitnow.com/jobs/companies/moonscale/senior-fullstack-engineer-munich-213391,Senior Fullstack Engineer (m/f/d)
86,https://www.arbeitnow.com/jobs/companies/funded/consultant-capital-raising-for-start-ups-munich-211825,Consultant (Capital raising for Start-ups)
86,https://www.arbeitnow.com/jobs/companies/labrigartdesign-shopify-agentur/programmierer-shopify-developer-biberach-387614,Programmierer | Shopify Developer m/w/d
86,https://www.arbeitnow.com/jobs/companies/kps-kottmeier-partner-steuerberater/steuerberater-bad-oeynhausen-466016,Steuerberater (m/w/d)
86,https://www.arbeitnow.com/jobs/companies/kps-kottmeier-partner-steuerberater/steuerfachangestellter-finanzbuchhalter-bad-oeynhausen-129770,Steuerfachangestellter/Finanzbuchhalter (m/w/d)
86,https://www.arbeitnow.com/jobs/companies/vonberswordt-verkaufskommunikation/testkaufer-fur-den-grossraum-bochum-gesucht-raesfeld-340135,Testkäufer (w/m/d) für den Großraum Bochum gesucht!
86,https://www.arbeitnow.com/jobs/companies/towa-the-digital-growth-company/initiativbewerbung-fur-unseren-standort-munchen-munich-366182,Initiativbewerbung für unseren Standort München
86,https://www.arbeitnow.com/jobs/companies/digitalagenten/pflichtpraktikant-digitales-marketing-content-design-berlin-456481,Pflichtpraktikant Digitales Marketing & Content Design (m/w/d)
86,https://www.arbeitnow.com/jobs/companies/freedos-it-gmbh/software-developer-karlsruhe-203177,Software Developer (m/w/d)
86,https://www.arbeitnow.com/jobs/companies/altruan-gmbh/ausbildung-zum-zur-fachinformatikerin-massing-13737,Ausbildung zum/zur Fachinformatiker*in
86,https://www.arbeitnow.com/jobs/companies/deep-media-technologies/junior-managerin-customer-success-all-genders-hamburg-32293,(Junior) Manager:in Customer Success (all genders)
86,https://www.arbeitnow.com/jobs/companies/forder-u-krantechnik-meister-gmbh/servicetechniker-garbsen-149367,Servicetechniker (m/w/d)
86,https://www.arbeitnow.com/jobs/companies/ptg-consulting-ag/sap-berater-rechnungswesen-wurzburg-71762,SAP Berater Rechnungswesen (m/w/d)
86,https://www.arbeitnow.com/jobs/companies/ptg-consulting-ag/sap-berater-logistik-wurzburg-461205,SAP Berater Logistik (m/w/d)
86,https://www.arbeitnow.com/jobs/companies/caredox-gmbh/personaldienstleistungskaufmann-frau-vollzeit-oberursel-414291,Personaldienstleistungskaufmann/-frau (Vollzeit)
86,https://www.arbeitnow.com/jobs/companies/hera-digital-gmbh/webflow-entwickler-webdesigner-dresden-127963,Webflow Entwickler | Webdesigner
86,https://www.arbeitnow.com/jobs/companies/allocator-one-group/fonds-und-bilanzbuchhalter-in-alle-geschlechter-berlin-338049,Fonds- und Bilanzbuchhalter/in (alle Geschlechter)
86,https://www.arbeitnow.com/jobs/companies/leafworks-gmbh/initiativbewerbung-berlin-119215,Initiativbewerbung
86,https://www.arbeitnow.com/jobs/companies/leafworks-gmbh/it-consultant-berlin-16656,IT-Consultant (m/w/d)
86,https://www.arbeitnow.com/jobs/companies/beilmann-marketing-gmbh/media-buyerin-performance-managerin-google-ads-100-remote-berlin-154979,Media Buyer:in / Performance Manager:in Google Ads - 100% Remote (m/w/d)
86,https://www.arbeitnow.com/jobs/companies/machineering/praktikum-fur-digital-twin-und-virtuelle-inbetriebnahme-munich-398955,Praktikum für Digital Twin und virtuelle Inbetriebnahme (m/w/d)
86,https://www.arbeitnow.com/jobs/companies/zauber-der-gewurze-gmbh/praktikum-online-marketing-ahrensburg-212293,Praktikum Online-Marketing
86,https://www.arbeitnow.com/jobs/companies/solarize/projektmanagerin-onboarding-managerin-erneuerbare-energien-stuttgart-133637,Projektmanager:in / Onboarding Manager:in (m/w/d) Erneuerbare Energien
86,https://www.arbeitnow.com/jobs/companies/sailwithus/praktikum-pflichtpraktikum-business-development-in-frankfurt-nach-absprache-frankfurt-am-main-26159,Praktikum Pflichtpraktikum Business Development (m/w/d) in Frankfurt nach Absprache
86,https://www.arbeitnow.com/jobs/companies/sailwithus/praktikum-pflichtpraktikum-online-marketing-in-frankfurt-frankfurt-am-main-467844,Praktikum Pflichtpraktikum Online Marketing (m/w/d) in Frankfurt
86,https://www.arbeitnow.com/jobs/companies/red-ad-media-gmbh/praktikant-im-online-marketing-social-media-bremen-463032,Praktikant im Online Marketing/Social Media (m/w/d)
86,https://www.arbeitnow.com/jobs/companies/mca-gmbh/zweiradmechaniker-motorrad-kfz-mechaniker-altendiez-57721,Zweiradmechaniker Motorrad / Kfz-Mechaniker (m/w/d) - Altendiez
86,https://www.arbeitnow.com/jobs/companies/limitd-by-wunderproducts-gmbh/marketing-social-media-manager-berlin-94840,Marketing & Social Media Manager (m/w/d)
86,https://www.arbeitnow.com/jobs/companies/we-site-gmbh-shopify-agentur/projektmanagerin-shopify-agentur-in-vollzeit-hamburg-201306,Projektmanager:in Shopify Agentur (m/w/d) in Vollzeit
86,https://www.arbeitnow.com/jobs/companies/fairsource/java-fullstack-entwickler-fur-munchen-frankfurt-oder-remote-festanstellung-munich-180321,"Java Fullstack Entwickler (m/w/d) für München, Frankfurt oder Remote (Festanstellung)"
86,https://www.arbeitnow.com/jobs/companies/ecs-engineering-consulting-solutions-gmbh/teamcenter-engineer-neumarkt-in-der-oberpfalz-267496,Teamcenter Engineer (m/w/d)
86,https://www.arbeitnow.com/jobs/companies/acteno-energy-gmbh/praktika-werkstudium-im-bereich-der-erneuerbaren-energiesysteme-heidelberg-387354,Praktika / Werkstudium im Bereich der Erneuerbaren Energiesysteme
86,https://www.arbeitnow.com/jobs/companies/mwd-gmbh-co-kg/praktikum-design-berlin-28442,Praktikum Design (M/W/D)
86,https://www.arbeitnow.com/jobs/companies/sbit-ag/senior-cloud-engineer-m365-azure-frankfurt-am-main-240620,(Senior) Cloud Engineer (m/w/d) M365 & Azure
86,https://www.arbeitnow.com/jobs/companies/gsl-gross-gmbh/it-systemadministrator-it-techniker-fur-den-2nd-level-support-idar-oberstein-468195,IT-Systemadministrator / IT-Techniker (m/w/d) für den 2nd Level Support
86,https://www.arbeitnow.com/jobs/companies/smilodox-gmbh-cokg/ausbildung-e-commerce-manager-es-sind-auch-weitere-ausbildungen-moglich-hamburg-430455,Ausbildung E-Commerce-Manager (w/m/d) Es sind auch weitere Ausbildungen möglich!
86,https://www.arbeitnow.com/jobs/companies/acteno-energy-gmbh/praktika-werkstudent-ki-trifft-energie-hybride-energiesysteme-fur-h2-speicher-erneuerbare-energien-heidelberg-408071,Praktika ­­/­­ Werkstudent KI Trifft Energie - Hybride Energiesysteme für H2 ­­/­­ Speicher ­­/­­ Erneuerbare Energien
86,https://www.arbeitnow.com/jobs/companies/performance-one/senior-performance-marketing-managerin-multi-channel-mannheim-329362,Senior Performance Marketing Manager:in - Multi-Channel (M/W/D)
86,https://www.arbeitnow.com/jobs/companies/inaia-gmbh/franzosischsprachiger-kundenservice-mitarbeiter-frankfurt-am-main-277274,Französischsprachiger Kundenservice-Mitarbeiter (m/w/d)
86,https://www.arbeitnow.com/jobs/companies/timpla-by-renggli/kalkulator-kostenplaner-eberswalde-89117,Kalkulator / Kostenplaner (w/m/d)
86,https://www.arbeitnow.com/jobs/companies/bitac-gmbh/business-intelligence-spezialist-gn-wegberg-228912,Business Intelligence Spezialist (gn)
86,https://www.arbeitnow.com/jobs/companies/nextaudit/praktikum-praxissemester-softwareentwickler-vuejs-aachen-418281,Praktikum/Praxissemester (w/m/d) Softwareentwickler - Vue.js
86,https://www.arbeitnow.com/jobs/companies/looma-gmbh/werkstudent-praktikant-im-it-bereich-magdeburg-348435,Werkstudent / Praktikant im IT Bereich (m/w/d)
86,https://www.arbeitnow.com/jobs/companies/looma-gmbh/agentic-ai-engineer-magdeburg-314190,Agentic AI Engineer (m/w/d)
86,https://www.arbeitnow.com/jobs/companies/ihr-zahnarzt-dr-philippe-dachert/zfa-zahnmedizinische-fachangestellte-ab-sofort-florsheim-am-main-243272,ZFA - Zahnmedizinische Fachangestellte ab sofort
86,https://www.arbeitnow.com/jobs/companies/everest-systems-gmbh/business-application-developers-heidelberg-77179,Business Application Developers
86,https://www.arbeitnow.com/jobs/companies/solit-marketing-gmbh/werkstudentin-im-online-marketing-cologne-362153,Werkstudent*in im Online Marketing (m/w/d)
86,https://www.arbeitnow.com/jobs/companies/beck-operative-office-ug/sap-gts-berater-mit-s-4hana-kenntnissen-frankfurt-am-main-66901,SAP GTS Berater (m/w/d) mit S/4HANA-Kenntnissen
86,https://www.arbeitnow.com/jobs/companies/qinlox-consulting-gmbh/sap-mfs-consultant-mannheim-143806,SAP MFS Consultant (w/m/d)
87,https://www.arbeitnow.com/jobs/companies/elkomsolutions-gmbh/project-consultant-business-solutions-tuttlingen-289079,Project Consultant Business Solutions (m/w/d)
87,https://www.arbeitnow.com/jobs/companies/realyze-ventures-management-gmbh/praktikantin-venture-capital-in-koln-cologne-489476,Praktikant:In (m/w/d) Venture Capital in KÖLN
87,https://www.arbeitnow.com/jobs/companies/carmasec-gmbh-co-kg/senior-it-security-engineer-consultant-in-der-it-beratung-cologne-111309,Senior IT-Security Engineer / Consultant (m/w/d) in der IT-Beratung
87,https://www.arbeitnow.com/jobs/companies/acteno-energy-gmbh/marketing-sales-praktika-werkstudium-im-bereich-der-erneuerbaren-energiesysteme-heidelberg-147515,Marketing & Sales Praktika / Werkstudium im Bereich der Erneuerbaren Energiesysteme
87,https://www.arbeitnow.com/jobs/companies/abacus-hr-services-gmbh/quereinsteiger-willkommen-software-berater-in-erp-im-bereich-lohnbuchhaltung-waiblingen-127731,Quereinsteiger willkommen! Software Berater/in ERP (m/w/d) im Bereich Lohnbuchhaltung
87,https://www.arbeitnow.com/jobs/companies/drivar/praktikum-im-online-marketing-bei-drivar-webdesign-seo-sem-influencer-marketing-magdeburg-61383,Praktikum im Online-Marketing bei DRIVAR®: Webdesign / SEO / SEM / Influencer Marketing
87,https://www.arbeitnow.com/jobs/companies/horbach-wirtschaftsberatung-gmbh-frankfurt-am-main/praktikum-finanzberatung-frankfurt-am-main-488055,Praktikum Finanzberatung (m/w/d)
87,https://www.arbeitnow.com/jobs/companies/gammel-engineering/planer-ingenieur-elektrotechnik-tga-cham-48957,Planer / Ingenieur Elektrotechnik / TGA (m/w/d)
87,https://www.arbeitnow.com/jobs/companies/srcon-gmbh/recruitment-consultant-bochum-320456,Recruitment Consultant (m/w/d)
87,https://www.arbeitnow.com/jobs/companies/carmasec-gmbh-co-kg/senior-it-security-engineer-consultant-in-der-it-beratung-essen-453651,Senior IT-Security Engineer / Consultant (m/w/d) in der IT-Beratung
87,https://www.arbeitnow.com/jobs/companies/taynie/mitarbeiterin-marketing-und-kooperationen-wesseling-40299,Mitarbeiter*in Marketing und Kooperationen
87,https://www.arbeitnow.com/jobs/companies/liquam-gmbh-elmshorn/unternehmensberaterin-digitale-transformation-elmshorn-447466,Unternehmensberater:in Digitale Transformation
87,https://www.arbeitnow.com/jobs/companies/greb-und-friends-gmbh/grafiker-kreativer-mediengestalter-mit-schwerpunkt-print-in-teil-oder-vollzeit-fulda-104226,Grafiker / Kreativer Mediengestalter (w/m/d) mit Schwerpunkt Print in Teil- oder Vollzeit
87,https://www.arbeitnow.com/jobs/companies/stay-awesome-gmbh/praktikum-marketing-fur-nachhaltige-hotellerie-kassel-7702,Praktikum Marketing (m/w/d) für nachhaltige Hotellerie
87,https://www.arbeitnow.com/jobs/companies/little-dot-studios-deutschland/praktikum-social-media-munchen-munich-358560,Praktikum Social Media - München
87,https://www.arbeitnow.com/jobs/companies/oco-global-gmbh/praktikum-im-consulting-wirtschaftsforderung-standortmarketing-aussenwirtschaft-international-business-development-frankfurt-am-main-461002,Praktikum im Consulting (Wirtschaftsförderung / Standortmarketing / Außenwirtschaft / International Business Development (m/w/d))
87,https://www.arbeitnow.com/jobs/companies/ykone-gmbh/praktikantin-influencer-marketing-munich-315212,PraktikantIn Influencer Marketing (m/w/d)
87,https://www.arbeitnow.com/jobs/companies/eggersmann-gruppe/werkstudent-tga-harsewinkel-85705,Werkstudent TGA (m/w/d)
87,https://www.arbeitnow.com/jobs/companies/volksbank-raiffeisenbank-furstenfeldbruck-eg/versicherungsbetreuer-gn-fur-vorhandenen-privatkunden-stamm-germering-394897,Versicherungsbetreuer (gn*) für vorhandenen Privatkunden-Stamm
87,https://www.arbeitnow.com/jobs/companies/meta-five-gmbh/praktikum-unternehmensberatung-schwerpunkt-personalentwicklung-cologne-450384,Praktikum Unternehmensberatung - Schwerpunkt Personalentwicklung (m/w/d)
87,https://www.arbeitnow.com/jobs/companies/findways/praktikant-business-developper-manager-munich-154195,Praktikant Business Developper Manager (m/f/d)
87,https://www.arbeitnow.com/jobs/companies/oroba-sprachdienste/pflichtpraktikum-im-bereich-it-w-m-d-beim-reiseveranstalter-oroba-in-mannheim-am-hbf-245331,Pflichtpraktikum im Bereich IT (w / m / d) beim Reiseveranstalter Oroba in Mannheim am Hbf.
87,https://www.arbeitnow.com/jobs/companies/stackgini-gmbh/founders-associate-intern-berlin-26029,Founders Associate Intern (m/f/d)
87,https://www.arbeitnow.com/jobs/companies/pace-it-gmbh/senior-it-systemadministrator-in-krefeld-333892,Senior IT-Systemadministrator (m/w/d) in Krefeld
87,https://www.arbeitnow.com/jobs/companies/landschaftsplanung-mergner/biologe-bereich-artenschutzrechtliche-prufung-bad-nauheim-342110,Biologe Bereich Artenschutzrechtliche Prüfung
87,https://www.arbeitnow.com/jobs/companies/bodygen-gmbh/werkstudent-grafikdesigner-in-berlin-396866,Werkstudent Grafikdesigner/in
87,https://www.arbeitnow.com/jobs/companies/sdv-studios-gmbh-co-kg/full-stack-entwickler-calw-276971,Full - Stack - Entwickler (m/w/d)
87,https://www.arbeitnow.com/jobs/companies/personalberatung-pillong/ingenieur-im-sachgebiet-hkls-saarbrucken-196792,Ingenieur im Sachgebiet HKLS (m/w/d)
87,https://www.arbeitnow.com/jobs/companies/workist-gmbh/ai-solution-engineer-berlin-387873,AI Solution Engineer (f/m/d)
87,https://www.arbeitnow.com/jobs/companies/large-space-structures-gmbh/structural-analysis-engineer-garching-229685,Structural Analysis Engineer
87,https://www.arbeitnow.com/jobs/companies/starrag-service-center-gmbh-co-kg/automatisierungstechniker-amt-wachsenburg-31118,Automatisierungstechniker
87,https://www.arbeitnow.com/jobs/companies/the-better-cat/influencer-marketing-manager-dach-hamburg-495275,Influencer Marketing Manager DACH (m/f/d)
87,https://www.arbeitnow.com/jobs/companies/daniel-pertschi-global-finanz/quereinsteiger-als-selbststandiger-finanzberater-in-vollzeit-winnenden-93181,Quereinsteiger als selbstständiger Finanzberater (m/w/d) in Vollzeit
87,https://www.arbeitnow.com/jobs/companies/daniel-pertschi-global-finanz/selbststandiger-finanzberater-in-vollzeit-winnenden-103708,Selbstständiger Finanzberater (m/w/d) in Vollzeit
87,https://www.arbeitnow.com/jobs/companies/mischok-gmbh/fullstack-developer-augsburg-318239,Fullstack-Developer (m/w/d)
87,https://www.arbeitnow.com/jobs/companies/primest/lead-funnel-architect-cro-manager-kulmbach-30492,Lead Funnel Architect / CRO Manager
87,https://www.arbeitnow.com/jobs/companies/creavo-projekt-gmbh/php-webentwickler-fur-abwechslungsreiche-projekte-limburg-281109,PHP-Webentwickler (m/w/d) für abwechslungsreiche Projekte
87,https://www.arbeitnow.com/jobs/companies/shavent-ara-sustainable-products/praktikum-marketing-sales-growth-bei-shavent-remote-in-de-moglich-munich-229295,Praktikum Marketing & Sales (Growth) bei SHAVENT - Remote in DE möglich
87,https://www.arbeitnow.com/jobs/companies/malermeister-ziegeler-gmbh/sanierungshelfer-wrestedt-439559,Sanierungshelfer
87,https://www.arbeitnow.com/jobs/companies/studio-belize-gmbh/social-media-pflicht-praktikum-editor-content-creation-berlin-289487,Social Media (Pflicht-Praktikum) - Editor / Content Creation
87,https://www.arbeitnow.com/jobs/companies/luxregia-gmbh/praktikum-im-bereich-social-media-marketing-2-6-monate-100-remote-recklinghausen-26897,Praktikum im Bereich Social Media Marketing (2-6 Monate) 100% Remote
87,https://www.arbeitnow.com/jobs/companies/coma-gmbh/werkstudent-web-entwicklung-munich-246105,Werkstudent Web-Entwicklung (w/m/d)
87,https://www.arbeitnow.com/jobs/companies/schnepf-planungsgruppe/projektleiter-tga-hlsk-nagold-391123,Projektleiter TGA HLSK (m/w/d)
87,https://www.arbeitnow.com/jobs/companies/q-media-world/volontar-in-fur-redaktion-per-sofort-gesucht-munich-143819,Volontär/ In M/W/D für Redaktion per sofort gesucht
87,https://www.arbeitnow.com/jobs/companies/thoks-gmbh/klimatechniker-fur-lebensmittelindustrie-waltershausen-422308,Klimatechniker für Lebensmittelindustrie (m/w/d)
87,https://www.arbeitnow.com/jobs/companies/plstr-digital-gmbh/senior-performance-marketing-manager-mannheim-337303,Senior Performance Marketing Manager (m/w/d)
87,https://www.arbeitnow.com/jobs/companies/pinkstone-ventures-gmbh/senior-advisor-digital-marketing-technologie-berlin-121085,Senior Advisor Digital Marketing & Technologie (m/w/d)
87,https://www.arbeitnow.com/jobs/companies/geschaftsstelle-dennis-haselhorst/quereinsteiger-im-vertrieb-in-der-finanzdienstleistungsbranche-paderborn-27268,Quereinsteiger (m/w/d) im Vertrieb in der Finanzdienstleistungsbranche
87,https://www.arbeitnow.com/jobs/companies/biteam-gesellschaft-fur-softwareberatung-mbh/consultant-microsoft-dynamics-365-business-central-karlsruhe-405379,Consultant Microsoft Dynamics 365 Business Central (m/w/d)
87,https://www.arbeitnow.com/jobs/companies/before-eight-group-gmbh/ar-trainee-program-at-chapter-eight-records-now-accepting-application-for-september-and-october-2026-bochum-173293,A&R Trainee Program at CHAPTER EIGHT Records [Now accepting application for September and October 2026]
88,https://www.arbeitnow.com/jobs/companies/allairt-gmbh/pflichtpraktikum-social-media-marketing-fur-3-6-monate-karlsruhe-105138,Pflichtpraktikum Social Media Marketing für 3-6 Monate (m/w/d)
88,https://www.arbeitnow.com/jobs/companies/heidelberger-druckmaschinen-ag/abschlussarbeit-praktikum-modellbasierte-regelungstechnik-wiesloch-80937,Abschlussarbeit / Praktikum: Modellbasierte Regelungstechnik
88,https://www.arbeitnow.com/jobs/companies/nextaudit/initiativbewerbung-fur-deine-abschlussarbeit-bachelor-master-aachen-259353,Initiativbewerbung (w/m/d) für Deine Abschlussarbeit (Bachelor/Master)
88,https://www.arbeitnow.com/jobs/companies/medirion/embedded-full-stack-sw-developer-mwd-duisburg-169740,"Embedded / Full Stack SW Developer (m,w,d)"
88,https://www.arbeitnow.com/jobs/companies/hmc-systemhaus-ohg/azubi-fachinformatiker-systemintegration-lippstadt-225003,Azubi Fachinformatiker Systemintegration
88,https://www.arbeitnow.com/jobs/companies/hmc-systemhaus-ohg/azubi-kaufmann-fur-it-system-management-lippstadt-399930,Azubi Kaufmann für IT-System-Management
88,https://www.arbeitnow.com/jobs/companies/wortmann-wember-gmbh/leiter-planungsabteilung-versorgungstechnik-tga-hls-bochum-329803,Leiter Planungsabteilung Versorgungstechnik (TGA HLS) m/w/d
88,https://www.arbeitnow.com/jobs/companies/horbach-finanzberatung-center-stuttgart-iv-frank-egger/trainee-vertrieb-stuttgart-27848,Trainee Vertrieb m/w/d:
88,https://www.arbeitnow.com/jobs/companies/concept-reply-gmbh/aiot-solution-architekt-munich-425959,AIoT Solution Architekt
88,https://www.arbeitnow.com/jobs/companies/in-puncto-position/organisationsberaterinnen-change-transformation-business-performance-hamburg-361002,"Organisationsberater*innen (Change, Transformation, Business Performance)"
88,https://www.arbeitnow.com/jobs/companies/stellacoach-first-virtual-ai-coach/praktikum-backend-developer-schwerpunkt-python-azure-berlin-349923,Praktikum Backend Developer (m/w/d) - Schwerpunkt Python / Azure
88,https://www.arbeitnow.com/jobs/companies/kvg-meisterbetrieb-artur-von-ganski/werkstattleiterin-berlin-286045,Werkstattleiter:in
88,https://www.arbeitnow.com/jobs/companies/ab-in-die-cloud/azure-solution-architect-hamburg-351836,Azure Solution Architect (m/w/d)
88,https://www.arbeitnow.com/jobs/companies/footking-franchise-gmbh/ausbildung-zum-fusspfleger-weimar-299463,Ausbildung zum Fußpfleger (m/w/d)
88,https://www.arbeitnow.com/jobs/companies/haeger-consulting-gmbh/senior-software-entwickler-java-fullstack-bonn-384461,Senior Software Entwickler Java Fullstack*
88,https://www.arbeitnow.com/jobs/companies/itk-ingenieure-service-gmbh/fachplaner-fur-gebaude-und-campusverkabelung-essen-50320,Fachplaner (m/w/d) für Gebäude- und Campusverkabelung
88,https://www.arbeitnow.com/jobs/companies/wts-gmbh/steuerfachangestellter-steuerfachwirt-mit-schwerpunkt-bilanzierung-frankfurt-am-main-66536,Steuerfachangestellter / Steuerfachwirt (w/m/d) mit Schwerpunkt Bilanzierung
88,https://www.arbeitnow.com/jobs/companies/ecoplanfinanz-ag/nachhaltiger-finanzberater-hamburg-445068,Nachhaltiger Finanzberater (M/W/D)
88,https://www.arbeitnow.com/jobs/companies/kassenkompass-gmbh/praktikum-im-insurtech-marketing-hamburg-396365,Praktikum im InsurTech | Marketing (m/w/d)
88,https://www.arbeitnow.com/jobs/companies/suxxeed-sales-for-your-success-gmbh/trainee-zur-fuhrungskraft-im-b2b-vertrieb-cologne-475441,Trainee (m/w/d) zur Führungskraft im B2B-Vertrieb
88,https://www.arbeitnow.com/jobs/companies/dell-technologies/inside-sales-account-representative-i-dein-einstieg-in-it-sales-halle-saale-191807,Inside Sales Account Representative I Dein Einstieg in IT-Sales
88,https://www.arbeitnow.com/jobs/companies/gcon-gmbh/iam-experte-pam-pullach-317552,IAM Experte (PAM) (m/w/d)
88,https://www.arbeitnow.com/jobs/companies/itk-ingenieure-service-gmbh/fachplaner-fur-rechenzentren-essen-491400,Fachplaner (m/w/d) für Rechenzentren
88,https://www.arbeitnow.com/jobs/companies/webworks/senior-seo-manager-berlin-256140,Senior SEO Manager (m/w/d)
88,https://www.arbeitnow.com/jobs/companies/limitd-by-wunderproducts-gmbh/praktikantin-marketing-und-social-media-berlin-121885,Praktikant*in Marketing und Social Media (m/w/d)
88,https://www.arbeitnow.com/jobs/companies/gs-it-group-gmbh/ausbildung-zum-fachinformatiker-2026-schwerpunkt-anwendungsentwicklung-osnabruck-97802,Ausbildung zum Fachinformatiker 2026 (m/w/d) Schwerpunkt: Anwendungsentwicklung
88,https://www.arbeitnow.com/jobs/companies/priedemann-facade-experts/projektleiterin-fassadensanierung-landshut-343303,Projektleiter:in Fassadensanierung
88,https://www.arbeitnow.com/jobs/companies/helder/praktikum-brand-design-berlin-224950,Praktikum Brand Design
88,https://www.arbeitnow.com/jobs/companies/noris-network-ag/it-security-engineer-pki-berlin-446666,IT Security Engineer PKI (m/w/d)
88,https://www.arbeitnow.com/jobs/companies/suxxeed-sales-for-your-success-gmbh/trainee-zur-fuhrungskraft-im-b2b-vertrieb-nuremberg-275201,Trainee (m/w/d) zur Führungskraft im B2B-Vertrieb
88,https://www.arbeitnow.com/jobs/companies/secure089/security-fur-die-allianz-arena-in-munchen-grafelfing-55097,SECURITY FÜR DIE ALLIANZ ARENA IN MÜNCHEN
88,https://www.arbeitnow.com/jobs/companies/immobilienaufbau/assistenz-fur-den-bereich-controlling-und-kundenbetreuung-hamburg-190563,Assistenz für den Bereich Controlling und Kundenbetreuung
88,https://www.arbeitnow.com/jobs/companies/lbs-sud/selbstandiger-kundenberater-im-vertrieb-fur-bausparen-und-baufinanzierung-auch-fur-quereinsteiger-standort-boblingen-256274,Selbständiger Kundenberater im Vertrieb für Bausparen und Baufinanzierung - auch für Quereinsteiger (m/w/d) - Standort Böblingen
88,https://www.arbeitnow.com/jobs/companies/augletics-gmbh/mitarbeiter-in-buchhaltung-und-controlling-in-teilzeit-konigs-wusterhausen-164428,Mitarbeiter/in Buchhaltung und Controlling (m/w/d) in Teilzeit
88,https://www.arbeitnow.com/jobs/companies/triowind-gmbh/servicetechniker-und-mechatroniker-fur-windenergieanlagen-gesucht-rostock-80876,Servicetechniker und Mechatroniker für Windenergieanlagen (m/w/d) gesucht!
88,https://www.arbeitnow.com/jobs/companies/timpla-by-renggli/vertriebsingenieur-gu-holzbau-eberswalde-314679,Vertriebsingenieur – GU/Holzbau (w/m/d)
88,https://www.arbeitnow.com/jobs/companies/ctg-consulting-gmbh/praktikum-human-resources-recruiting-hamburg-hybrid-46782,Praktikum Human Resources (Recruiting) // Hamburg (hybrid)
88,https://www.arbeitnow.com/jobs/companies/prokasse-kassensysteme/mitarbeiter-fur-support-vertrieb-von-pos-kassensystemen-30h-woche-bous-277554,Mitarbeiter (m/w/d) für Support & Vertrieb von POS Kassensystemen (30h/Woche)
88,https://www.arbeitnow.com/jobs/companies/priedemann-facade-experts/projektleiterin-fassadenplanung-grossbeeren-161300,Projektleiter:in Fassadenplanung
88,https://www.arbeitnow.com/jobs/companies/tacticx-consulting-gmbh/senior-consultant-informationssicherheit-home-office-hybrid-geldern-255450,Senior Consultant Informationssicherheit (m/w/d) - Home Office / Hybrid
88,https://www.arbeitnow.com/jobs/companies/agn-transportgerate-gmbh/servicetechniker-fur-flurforderzeuge-in-der-eifel-gerne-auch-als-quereinsteiger-troisdorf-119426,"Servicetechniker (m/w/d) für Flurförderzeuge in der Eifel, gerne auch als Quereinsteiger"
88,https://www.arbeitnow.com/jobs/companies/ipri-international-performance-research-institute/praxisnahe-promotion-im-bereich-unternehmensfuhrung-und-controlling-stuttgart-106301,Praxisnahe Promotion im Bereich Unternehmensführung und Controlling
88,https://www.arbeitnow.com/jobs/companies/custom-careers-factory-gmbh/bilanzbuchhalter-fur-breitgefachertes-aufgabenspektrum-bei-hidden-champion-gesucht-bis-zu-82000-eur-pa-munich-324463,Bilanzbuchhalter (m/w/d) für breitgefächertes Aufgabenspektrum bei Hidden-Champion gesucht - bis zu 82.000 EUR p.a.
88,https://www.arbeitnow.com/jobs/companies/bhv-automation-gmbh/mechaniker-automationstechnik-sondermaschinenbau-arnsberg-447216,Mechaniker (m/w/d) Automationstechnik / Sondermaschinenbau
88,https://www.arbeitnow.com/jobs/companies/additivestream4d-gmbh/business-developer-additve-manufacturing-fertigungsindustrie-berlin-134868,Business Developer (m/w/d) Additve Manufacturing // Fertigungsindustrie
88,https://www.arbeitnow.com/jobs/companies/hcm-computer-gmbh/it-support-im-innendienst-oldenburg-257388,IT-Support im Innendienst (m/w/d)
88,https://www.arbeitnow.com/jobs/companies/hypertegrity-ag/senior-devops-engineer-smart-city-open-source-buren-186330,Senior DevOps Engineer * - Smart City Open Source
88,https://www.arbeitnow.com/jobs/companies/wts-gmbh/berufseinsteiger-corporate-tax-international-tax-dusseldorf-319070,Berufseinsteiger (w/m/d) Corporate Tax / International Tax
88,https://www.arbeitnow.com/jobs/companies/ogaenics/teilzeitstelle-im-online-marketing-hamburg-303198,Teilzeitstelle im Online-Marketing
88,https://www.arbeitnow.com/jobs/companies/global-finanz-ag/quereinsteiger-in-der-finanzberatung-starte-jetzt-durch-als-finanzberaterin-bonn-313082,Quereinsteiger (m/w/d) in der Finanzberatung - Starte jetzt durch als Finanzberater:in
89,https://www.arbeitnow.com/jobs/companies/rianthis/werkstudent-shopify-e-commerce-stuttgart-460241,Werkstudent Shopify & E-Commerce (m/w/d)
89,https://www.arbeitnow.com/jobs/companies/saleshax-consulting-gmbh/trainee-kundenberater-hamburg-256983,Trainee Kundenberater
89,https://www.arbeitnow.com/jobs/companies/contens-software-gmbh/senior-full-stack-web-entwickler-munich-56787,Senior Full Stack Web Entwickler (w/m/d)
89,https://www.arbeitnow.com/jobs/companies/hoffmannrecruiting-more/projektmanagerin-bau-und-facility-management-betriebsgastronomie-i-rhein-main-wiesbaden-200846,Projektmanager*in Bau- und Facility Management - Betriebsgastronomie I Rhein-Main
89,https://www.arbeitnow.com/jobs/companies/novo-ai/pflichtpraktikum-marketing-mandatory-pflichtpraktikum-hanover-22467,Pflichtpraktikum Marketing (Mandatory/Pflichtpraktikum) (w/m/d)
89,https://www.arbeitnow.com/jobs/companies/af-marcotec-gmbh/sachbearbeiter-in-teilzeit-part-time-20-std-0900-1300-uhr-griesheim-34115,Sachbearbeiter (m/w/d) in Teilzeit (Part Time) 20 Std. (09:00 - 13:00 Uhr)
89,https://www.arbeitnow.com/jobs/companies/greenboatsolutions-gmbh/schuler-praktikum-im-marketing-boote-elektromotoren-dusseldorf-71229,[Schüler-] Praktikum im Marketing (Boote/Elektromotoren) (m/w/d)
89,https://www.arbeitnow.com/jobs/companies/lulf-premergency-gmbh/werkstudent-in-software-entwicklung-fur-feuerwehren-und-rettungsdienst-hurth-471555,Werkstudent/in Software-Entwicklung für Feuerwehren und Rettungsdienst (m/w/d)
89,https://www.arbeitnow.com/jobs/companies/vitalcentrum-hodey-kg/auszubildende-kauffrau-im-einzelhandel-im-sanitatshaus-fur-aachen-322733,Auszubildende Kauffrau im Einzelhandel (m/w/d) im Sanitätshaus (m/w/d) für Aachen
89,https://www.arbeitnow.com/jobs/companies/vision-markets-your-global-growth-in-machine-vision/regional-sales-manager-emea-munich-398772,Regional Sales Manager EMEA (m/f/d)
89,https://www.arbeitnow.com/jobs/companies/lunary/internship-founders-associate-hamburg-338576,Internship Founders Associate (m/w/d)
89,https://www.arbeitnow.com/jobs/companies/webmatch-gmbh/shopware-developer-cologne-53846,Shopware Developer (m/w/d)
89,https://www.arbeitnow.com/jobs/companies/wonder-waffel-berlin/e-commerce-leiterin-berlin-217494,E - Commerce - Leiter:in
89,https://www.arbeitnow.com/jobs/companies/architekt-des-erfolgs/agenturleiter-agency-director-skaliere-mit-ki-system-klartext-ludwigshafen-142698,"Agenturleiter / Agency Director (m/w/d) - Skaliere mit KI, System & Klartext"
89,https://www.arbeitnow.com/jobs/companies/kahl-it/ausbildung-oder-umschulung-it-fachinformatiker-in-systemintegration-offenburg-389521,Ausbildung oder Umschulung IT Fachinformatiker/-in Systemintegration (m/w/d)
89,https://www.arbeitnow.com/jobs/companies/mint-solutions/software-architekt-fur-fertigungsprozesse-munich-127551,Software Architekt (w/m/d) für Fertigungsprozesse
89,https://www.arbeitnow.com/jobs/companies/mint-solutions/software-architekt-mes-software-fur-echtzeit-produktionsuberwachung-munich-322426,Software Architekt (m/w/d) MES-Software für Echtzeit-Produktionsüberwachung
89,https://www.arbeitnow.com/jobs/companies/rinas-ingenieurgesellschaft-mbh-co-kg/vermessungsingenieur-monheim-am-rhein-464617,Vermessungsingenieur (m/w/d)
89,https://www.arbeitnow.com/jobs/companies/aq-digital-academy-gmbh/media-manager-praktikum-fur-die-fachhochschulreife-ludwigsburg-348666,Media Manager - Praktikum für die Fachhochschulreife (m/w/d)
89,https://www.arbeitnow.com/jobs/companies/aq-digital-academy-gmbh/marketing-und-kundenbetreuung-praktikum-fur-die-fachhochschulreife-ludwigsburg-380769,Marketing und Kundenbetreuung - Praktikum für die Fachhochschulreife (m/w/d)
89,https://www.arbeitnow.com/jobs/companies/hubert-beyer-umwelt-consult-gmbh/projektingenieur-im-bereich-altlasten-bodenschutz-leipzig-429440,Projektingenieur (m/w/d) im Bereich Altlasten / Bodenschutz
89,https://www.arbeitnow.com/jobs/companies/horn-glass-industries-ag/technischer-mitarbeiter-versorgungstechnik-plossberg-352994,Technischer Mitarbeiter Versorgungstechnik (m/w/d)
89,https://www.arbeitnow.com/jobs/companies/hallo-welt-gmbh/product-devops-engineer-regensburg-140824,Product DevOps Engineer (m/w/d)
89,https://www.arbeitnow.com/jobs/companies/mothership-talents-gmbh/senior-business-development-manager-gaming-cologne-91090,Senior Business Development Manager (m/f/d): Gaming
89,https://www.arbeitnow.com/jobs/companies/callmai/co-founder-sales-marketing-berlin-308553,Co-Founder (Sales & Marketing) m/f/d
89,https://www.arbeitnow.com/jobs/companies/atharicommerce/frontend-developer-fur-shopify-vollzeit-cologne-335363,"Frontend Developer für Shopify (m/w/d), Vollzeit"
89,https://www.arbeitnow.com/jobs/companies/peil-und-partner-ingenieure-gmbh/senior-systemplanerin-fur-versorgungstechnik-hlsk-kiel-441557,(Senior-) Systemplaner:in für Versorgungstechnik/HLSK (m/w/d)
89,https://www.arbeitnow.com/jobs/companies/peil-und-partner-ingenieure-gmbh/senior-projektingenieurin-fur-tga-versorgungstechnik-hlsk-braunschweig-28175,(Senior-) Projektingenieur:in für TGA / Versorgungstechnik/HLSK (m/w/d)
89,https://www.arbeitnow.com/jobs/companies/peil-und-partner-ingenieure-gmbh/senior-projektingenieurin-fur-tga-gebaudeautomation-braunschweig-84303,(Senior-) Projektingenieur:in für TGA / Gebäudeautomation (m/w/d)
89,https://www.arbeitnow.com/jobs/companies/peil-und-partner-ingenieure-gmbh/senior-projektingenieurin-fur-tga-versorgungstechnik-hlsk-halle-saale-149099,(Senior-) Projektingenieur:in für TGA / Versorgungstechnik/HLSK (m/w/d)
89,https://www.arbeitnow.com/jobs/companies/clairfield-international-gmbh/associate-partner-fur-den-bereich-mergers-acquisitions-stuttgart-302608,Associate Partner (w/m/d) für den Bereich Mergers & Acquisitions
89,https://www.arbeitnow.com/jobs/companies/medic-assist-gmbh/account-manager-corporate-clients-key-accounts-bochum-24515,Account Manager - Corporate Clients / Key Accounts (m/f/d)
89,https://www.arbeitnow.com/jobs/companies/financial-guidance-mitnorm/trainee-zur-fuhrungskraft-und-berater-cologne-273654,Trainee zur Führungskraft und Berater (m/w/d)
89,https://www.arbeitnow.com/jobs/companies/mint-solutions/leiter-rechnungswesen-fur-e-mobility-green-tech-munich-356228,Leiter (m/w/d) Rechnungswesen für E-Mobility & Green Tech
89,https://www.arbeitnow.com/jobs/companies/summa-consult/buchhalter-accountant-im-startup-berlin-422311,Buchhalter / Accountant im Startup (m/w/d)
89,https://www.arbeitnow.com/jobs/companies/peil-und-partner-ingenieure-gmbh/azubi-technischer-systemplanerin-fur-versorgungstechnik-hlsk-oder-elektrotechnik-berlin-126400,Azubi Technische:r Systemplaner:in für Versorgungstechnik/HLSK ODER Elektrotechnik (m/w/d)
89,https://www.arbeitnow.com/jobs/companies/loser-personalberatung/finanzierungsberater-fur-baufinanzierungen-frankfurt-an-der-oder-421367,Finanzierungsberater (m/w/d) für Baufinanzierungen
89,https://www.arbeitnow.com/jobs/companies/peil-und-partner-ingenieure-gmbh/senior-projektingenieurin-fur-tga-hls-kiel-418739,(Senior-) Projektingenieur:in für TGA / HLS (m/w/d)
89,https://www.arbeitnow.com/jobs/companies/peil-und-partner-ingenieure-gmbh/senior-projektingenieurin-fur-gebaudeautomation-ga-kiel-345549,(Senior-) Projektingenieur:in für Gebäudeautomation / GA (m/w/d)
89,https://www.arbeitnow.com/jobs/companies/vdpconsulting-ag/junior-consultant-senior-consultant-hamburg-159017,Junior Consultant / Senior Consultant (m/w/d)
89,https://www.arbeitnow.com/jobs/companies/mint-solutions/mitarbeiter-finanzbuchhaltung-controlling-fur-privat-equity-firma-in-munchen-gesucht-munich-171733,Mitarbeiter (m/w/d) Finanzbuchhaltung & Controlling für Privat Equity Firma in München gesucht
89,https://www.arbeitnow.com/jobs/companies/truphysics-gmbh/automatisierungsingenieurin-mwd-stuttgart-374334,Automatisierungsingenieur:in (MWD)
89,https://www.arbeitnow.com/jobs/companies/mediawave-commerce-gmbh/solution-consultant-munich-385441,Solution Consultant (m/w/d)
89,https://www.arbeitnow.com/jobs/companies/truphysics-gmbh/it-gaming-engineer-robotik-mwd-stuttgart-9638,IT Gaming Engineer - Robotik mwd
89,https://www.arbeitnow.com/jobs/companies/timleon/social-media-manager-intern-wuppertal-81141,Social Media Manager (m/w/d) (Intern)
89,https://www.arbeitnow.com/jobs/companies/mint-solutions/head-of-finance-accounting-munich-59829,Head of Finance & Accounting
89,https://www.arbeitnow.com/jobs/companies/pgm-portgermany-metall-gmbhcokg/kalkulator-im-anlagenbau-standort-rastede-183236,Kalkulator (m/w/d) im Anlagenbau Standort Rastede!
89,https://www.arbeitnow.com/jobs/companies/machineseeker-group-gmbh/werkstudent-software-development-frontend-essen-240593,Werkstudent Software Development Frontend (m/w/d)
89,https://www.arbeitnow.com/jobs/companies/axess-intelligence-gmbh/operations-manager-intern-cologne-71284,Operations Manager Intern
89,https://www.arbeitnow.com/jobs/companies/migrando-gmbh/syndikus-steuerberater-in-cottbus-369673,Syndikus-Steuerberater/in (w/m/d)
90,https://www.arbeitnow.com/jobs/companies/tobias-hinrichs-kanzlei-fur-finanzplanung/vertriebsassistenz-gmund-am-tegernsee-278592,Vertriebsassistenz (m/w/d)
90,https://www.arbeitnow.com/jobs/companies/lanos-computer-gmbh-cie-kg/it-systemadministrator-schloss-holte-stukenbrock-348268,IT-Systemadministrator (m/w/d)
90,https://www.arbeitnow.com/jobs/companies/vdpconsulting-ag/praktikantin-hamburg-302219,Praktikant:in (m/w/d)
90,https://www.arbeitnow.com/jobs/companies/swiss-life-select-hamburg/duales-studium-bachelor-of-arts-business-administration-hamburg-464791,Duales Studium Bachelor of Arts Business Administration
90,https://www.arbeitnow.com/jobs/companies/get-it-easy-ek/praxissemester-e-commerce-iphofen-339544,Praxissemester E-Commerce (m/w/d)
90,https://www.arbeitnow.com/jobs/companies/media-magnetix/freiberuflicher-akquise-vertrieblerin-im-buro-lubeck-129072,Freiberufliche:r Akquise-Vertriebler:in (Im Büro - Lübeck)
90,https://www.arbeitnow.com/jobs/companies/logotek-gesellschaft-fur-informationstechnologie-mbh/projektleiter-automatisierungstechnik-duisburg-31077,Projektleiter (m/w/d) Automatisierungstechnik
90,https://www.arbeitnow.com/jobs/companies/horbach-wirtschaftsberatung-gmbh-frankfurt-am-main/trainee-finanzberatung-frankfurt-am-main-317950,Trainee Finanzberatung (m/w/d)
90,https://www.arbeitnow.com/jobs/companies/mitblick-ag/berater-stuttgart-367979,Berater (m/w/d)
90,https://www.arbeitnow.com/jobs/companies/ssm-agentur-fur-sportliche-marken/praktikum-im-sportmanagement-marketing-und-sponsoring-stuttgart-418150,"Praktikum im Sportmanagement, -marketing und -sponsoring"
90,https://www.arbeitnow.com/jobs/companies/lilacard/online-marketing-sales-jahres-praktikum-duales-studium-hannover-deutschlandweit-hanover-423318,Online Marketing & Sales (w/m/d) - Jahres Praktikum / Duales Studium - Hannover / Deutschlandweit
90,https://www.arbeitnow.com/jobs/companies/gfic/germany-sales-manager-flavours-heidelberg-364312,Germany Sales Manager Flavours m/f/d
90,https://www.arbeitnow.com/jobs/companies/finanzfuchse/einstieg-als-finanzberater-starte-flexibel-im-nebenjob-herrenberg-251968,Einstieg als Finanzberater (m/w/d) - Starte flexibel im Nebenjob
90,https://www.arbeitnow.com/jobs/companies/gibbon-id-sports-gmbh/werkstudent-messe-event-sales-verkauf-stuttgart-139781,Werkstudent Messe & Event Sales/ Verkauf
90,https://www.arbeitnow.com/jobs/companies/media-magnetix/minijob-556eur-basis-content-creation-darstellerin-im-buro-lubeck-235487,Minijob - 556€ Basis - Content Creation Darsteller:in (Im Büro - Lübeck)
90,https://www.arbeitnow.com/jobs/companies/integrate-it-netzwerke-gmbh/it-mitarbeiter-im-systemhaus-mit-schwerpunkt-microsoft-365-berlin-400333,IT-Mitarbeiter (m/w/d) im Systemhaus mit Schwerpunkt Microsoft 365
90,https://www.arbeitnow.com/jobs/companies/lbs-sud/kundenberater-im-kooperationsvertrieb-mit-der-bw-bank-fur-bausparen-und-baufinanzierung-auf-selbstandiger-basis-gem-84-92-hgb-stuttgar-334057,"Kundenberater im Kooperationsvertrieb mit der BW-Bank (m/w/d) für Bausparen und Baufinanzierung auf selbständiger Basis (gem. §§ 84, 92 HGB)"
90,https://www.arbeitnow.com/jobs/companies/join-gmbh/initiativbewerbung-magdeburg-183161,Initiativbewerbung
90,https://www.arbeitnow.com/jobs/companies/secosys-it/system-und-netzwerkadministrator-erfurt-336021,System- und Netzwerkadministrator (m/w/d)
90,https://www.arbeitnow.com/jobs/companies/nexus-deutschland/it-service-desk-berlin-110370,IT- Service Desk
90,https://www.arbeitnow.com/jobs/companies/volksbank-westmunsterland-eg/kundenberater-in-voll-oder-teilzeit-ludinghausen-98652,Kundenberater (m/w/d) - in Voll- oder Teilzeit
90,https://www.arbeitnow.com/jobs/companies/codeculture-gmbh/devops-engineer-chemnitz-46944,DevOps Engineer
90,https://www.arbeitnow.com/jobs/companies/helferline-gmbh/technischer-support-fur-privatpersonen-40eur-h-stuttgart-365839,Technischer Support für Privatpersonen (40€/h) - Stuttgart
90,https://www.arbeitnow.com/jobs/companies/aaads/werkstudent-in-google-ads-cologne-267827,Werkstudent/in Google Ads (m/w/d)
90,https://www.arbeitnow.com/jobs/companies/medical-fly-consulting-gmbh/wir-suchen-verstarkung-fur-social-media-berlin-72425,Wir Suchen Verstärkung Für Social Media
90,https://www.arbeitnow.com/jobs/companies/re-green/projektleiterin-warme-und-solar-mit-schwerpunkt-regelungstechnik-frankfurt-am-main-154807,Projektleiter:in Wärme und Solar mit Schwerpunkt Regelungstechnik
90,https://www.arbeitnow.com/jobs/companies/efactory1-gmbh/werkstudent-projektmanagement-fur-nachhilfe-plattform-cologne-21041,Werkstudent Projektmanagement (m/w/d) für Nachhilfe-Plattform
90,https://www.arbeitnow.com/jobs/companies/studio-be/mediengestalter-in-digital-und-print-i-grafikdesigner-webdesigner-greven-71576,Mediengestalter/in Digital und Print I Grafikdesigner - Webdesigner (m/w/d)
90,https://www.arbeitnow.com/jobs/companies/mint-solutions/senior-konsolidierungsexperte-fur-aus-und-neugrundung-frankfurt-am-main-362652,Senior Konsolidierungsexperte (m/w/d) für Aus- und Neugründung
90,https://www.arbeitnow.com/jobs/companies/shavent-ara-sustainable-products/praktikum-business-development-in-nachhaltigem-start-up-remote-in-de-munich-64633,Praktikum Business Development in nachhaltigem Start-Up (w/m/d) Remote in DE
90,https://www.arbeitnow.com/jobs/companies/mgrp/manager-it-strategieberatung-frankfurt-am-main-380959,Manager IT-Strategieberatung (m/w/d)
90,https://www.arbeitnow.com/jobs/companies/therapiezentrum-boostedt/masseurin-und-med-bademeisterin-fur-therapiezentrum-boostedt-gesucht-271050,Masseur:in und med. Bademeister:in (m/w/d) für Therapiezentrum Boostedt gesucht!
90,https://www.arbeitnow.com/jobs/companies/hypercampus-gmbh/weiterbildung-online-45-monate-it-fachkraft-im-gesundheitswesen-mit-schwerpunkt-it-projektmanagement-weiden-in-der-oberpfalz-121807,"Weiterbildung Online - 4,5 Monate - IT-Fachkraft im Gesundheitswesen mit Schwerpunkt IT-Projektmanagement (m/w/d)"
90,https://www.arbeitnow.com/jobs/companies/magnosphere/burokauffrau-serviceassistentin-teilzeit-oder-vollzeit-troisdorf-470765,"Bürokauffrau / Serviceassistentin (m/w/d) Teilzeit oder Vollzeit, Troisdorf"
90,https://www.arbeitnow.com/jobs/companies/maass-coaching-and-consulting/leitung-finanzen-interim-hamburg-327813,Leitung Finanzen interim (m/w/d)
90,https://www.arbeitnow.com/jobs/companies/cross-alm/sap-application-lifecycle-management-alm-consultant-berlin-239191,SAP Application Lifecycle Management (ALM-) Consultant
90,https://www.arbeitnow.com/jobs/companies/optimedia-consulting-gmbh/kundenberaterin-account-manager-100000eur-brutto-im-ersten-jahr-moglich-hagen-377115,Kundenberater:in (Account Manager) 100.000€ Brutto im ersten Jahr möglich!
90,https://www.arbeitnow.com/jobs/companies/fenchem-biochemie-gmbh/finance-manager-mit-sehr-guten-chinesischkenntnissen-cologne-63542,Finance Manager (m/w/d) mit sehr guten Chinesischkenntnissen
90,https://www.arbeitnow.com/jobs/companies/rtm-gmbh/call-center-agent-in-wustermark-233363,Call Center Agent/in
90,https://www.arbeitnow.com/jobs/companies/inanna-gmbh/100-staatlich-geprufte-kosmetikerin-in-vollzeit-berlin-483744,100 %: Staatlich geprüfte Kosmetikerin in Vollzeit
90,https://www.arbeitnow.com/jobs/companies/codeculture-gmbh/it-administrator-chemnitz-452681,IT-Administrator (m/w/d)
90,https://www.arbeitnow.com/jobs/companies/developx-gmbh/business-lead-berlin-421474,Business Lead (w/m/d)
90,https://www.arbeitnow.com/jobs/companies/wow-museum-room-for-illusions-munich/volontariat-marketing-museumsbetrieb-12monate-danach-option-auf-festanstellung-munich-303058,Volontariat Marketing & Museumsbetrieb (m/w/d) -12Monate (danach Option auf Festanstellung)
90,https://www.arbeitnow.com/jobs/companies/iws-innovations-und-wissensstrategien-gmbh/innovationsberater-zim-forschungszulage-hamburg-381900,Innovationsberater (m/w/d) ZIM / Forschungszulage
90,https://www.arbeitnow.com/jobs/companies/lilacard/online-marketing-sales-praktikum-duales-studium-frankfurt-am-main-292160,Online Marketing & Sales (w/m/d) - Praktikum / Duales Studium - Frankfurt am Main
90,https://www.arbeitnow.com/jobs/companies/mtt-media/online-marketing-manager-performance-marketing-google-ads-meta-ads-nottuln-24955,Online-Marketing-Manager (m/w/d) - Performance-Marketing (Google Ads & Meta Ads)
90,https://www.arbeitnow.com/jobs/companies/vermogensberater-daniel-miletitsch/vermogensberater-aachendurenkoln-kerpen-184311,"Vermögensberater (m/w/d) Aachen,Düren,Köln"
90,https://www.arbeitnow.com/jobs/companies/vieweger-gmbh-co-kg/tankstellen-leiter-wettstetten-241903,Tankstellen-Leiter m/w/d
90,https://www.arbeitnow.com/jobs/companies/good-bank/qualitatsmanagement-pflichtpraktikum-x-good-bank-berlin-266935,Qualitätsmanagement - Pflichtpraktikum (m/w/d/x) - Good Bank
90,https://www.arbeitnow.com/jobs/companies/brandung-gmbh/senior-php-developer-typo3-berlin-344239,(Senior) PHP Developer TYPO3 (w/m/d)
91,https://www.arbeitnow.com/jobs/companies/fenstercom/senior-online-marketing-manager-schwerpunkt-paid-media-stuttgart-140910,Senior Online Marketing Manager (m/w/d) - Schwerpunkt Paid Media
91,https://www.arbeitnow.com/jobs/companies/it-beratung-d-meyer-talentplatzde/werkstudent-automatisierung-mit-ki-und-lowcode-tools-18eur-remote-essen-419683,Werkstudent Automatisierung mit KI und LowCode Tools 18€ / Remote
91,https://www.arbeitnow.com/jobs/companies/thomas-loew-kollegen-ergo-group-ag-freiburg/berater-versicherung-finanzen-festanstellung-ohne-kaltakquise-freiburg-im-breisgau-382075,"Berater (m/w/d) Versicherung & Finanzen - Festanstellung, ohne Kaltakquise"
91,https://www.arbeitnow.com/jobs/companies/fercon/second-level-support-fur-den-offentlichen-sektor-gesucht-berlin-209978,Second Level Support - für den öffentlichen Sektor gesucht! (m/w/d)
91,https://www.arbeitnow.com/jobs/companies/pragma-technologies/social-media-video-creator-brand-face-hamburg-282288,Social Media Video Creator & Brand Face (m/w/d)
91,https://www.arbeitnow.com/jobs/companies/mingabyte/senior-technology-consultant-systems-engineering-munich-332923,Senior Technology Consultant Systems Engineering (m/w/d)
91,https://www.arbeitnow.com/jobs/companies/klapp-cosmetics-gmbh/ausbildung-zum-fachinformatiker-systemintegration-hessisch-lichtenau-91470,Ausbildung zum Fachinformatiker Systemintegration (m/w/d)
91,https://www.arbeitnow.com/jobs/companies/arevipharma-gmbh/chemikant-radebeul-496031,Chemikant (m/w/d)
91,https://www.arbeitnow.com/jobs/companies/dsb-deutsche-sanierungsberatung-gmbh/werkstudent-energieberatung-berlin-218347,Werkstudent (m/w/d) Energieberatung
91,https://www.arbeitnow.com/jobs/companies/pflegia/junior-customer-success-manager-berlin-203108,Junior Customer Success Manager (m/w/d)
91,https://www.arbeitnow.com/jobs/companies/pflegia/junior-customer-success-manager-berlin-140616,Junior Customer Success Manager (m/w/d)
91,https://www.arbeitnow.com/jobs/companies/maass-coaching-and-consulting/personalentwicklung-eutin-224179,Personalentwicklung
91,https://www.arbeitnow.com/jobs/companies/right-search/sap-consultant-logistik-module-karlsruhe-242782,SAP Consultant (w/m/d) Logistik Module
91,https://www.arbeitnow.com/jobs/companies/hans-brainfood-gmbh/lets-grow-together-pflicht-praktikantin-bwl-marketing-e-commerce-fur-ws-26-27-regensburg-382642,"LET'S GROW TOGETHER! Pflicht-Praktikant:in (m/w/d) - BWL, Marketing, E-Commerce für WS 26/27"
91,https://www.arbeitnow.com/jobs/companies/aventux-gmbh/marketingassistentin-greifenstein-198170,Marketingassistent:in
91,https://www.arbeitnow.com/jobs/companies/aventux-gmbh/entwicklerin-greifenstein-191820,Entwickler:in
91,https://www.arbeitnow.com/jobs/companies/anding-company/strategy-consultant-dusseldorf-211106,Strategy Consultant
91,https://www.arbeitnow.com/jobs/companies/wisada-gmbh/teamassistenz-administration-in-voll-oder-teilzeit-job-teningen-259009,Teamassistenz Administration in Voll oder Teilzeit (m/w/d) Job
91,https://www.arbeitnow.com/jobs/companies/staha-systemhallen-gmbh/projektleiterin-lamstedt-190915,Projektleiter:in
91,https://www.arbeitnow.com/jobs/companies/anue-education-solutions/bezahltes-praktikum-social-media-bei-berliner-start-up-138607,Bezahltes Praktikum Social Media bei Berliner Start-Up
91,https://www.arbeitnow.com/jobs/companies/make-it-fix-gmbh/junior-system-administrator-berlin-464438,Junior System Administrator (f/m/d)
91,https://www.arbeitnow.com/jobs/companies/envidual/senior-android-developer-munich-178024,Senior Android Developer
91,https://www.arbeitnow.com/jobs/companies/awaqe-global-gmbh/marketing-manager-in-vollzeit-strasslach-dingharting-375061,Marketing Manager (m/w/d) in Vollzeit
91,https://www.arbeitnow.com/jobs/companies/allert-co-gmbh/associate-investment-banking-ma-mannheim-244611,Associate Investment Banking / M&A (m/w/d)
91,https://www.arbeitnow.com/jobs/companies/certa/inbound-vetriebsmitarbeiter-in-koln-cologne-292852,Inbound Vetriebsmitarbeiter in Köln (m/w/d)
91,https://www.arbeitnow.com/jobs/companies/network-corporate-finance/associate-director-debt-advisory-frankfurt-am-main-69596,Associate Director - Debt Advisory (m/f/d)
91,https://www.arbeitnow.com/jobs/companies/bacnext-gmbh/fachplanerin-gebaudeautomation-neumarkt-in-der-oberpfalz-227202,Fachplaner:in Gebäudeautomation
91,https://www.arbeitnow.com/jobs/companies/kraftblock/projekt-manager-sulzbach-77246,Projekt Manager (m/w/d)
91,https://www.arbeitnow.com/jobs/companies/upskale-media/praktikum-social-media-marketing-darmstadt-92151,Praktikum Social Media Marketing (m/w/d)
91,https://www.arbeitnow.com/jobs/companies/netzdenke-ohg/online-marketing-projektmanager-hanover-75643,Online-Marketing Projektmanager (m/w/d)
91,https://www.arbeitnow.com/jobs/companies/dein-assistenzdienst-gmbh/teamkoordinatorin-in-vollzeit-cologne-178558,Teamkoordinator*in (w/m/d) in Vollzeit
91,https://www.arbeitnow.com/jobs/companies/ruckenwind-markenerlebnis-gmbh/auszubildende-eventmanagement-talents-wanted-munich-204470,Auszubildende (m/w/d) Eventmanagement | TALENTS WANTED!
91,https://www.arbeitnow.com/jobs/companies/mediadock-hamburg-gmbh/paid-social-manager-hamburg-425654,Paid Social Manager (m/w/d)
91,https://www.arbeitnow.com/jobs/companies/layer7-gmbh/it-project-engineer-eimeldingen-74628,IT Project Engineer (m/w/d)
91,https://www.arbeitnow.com/jobs/companies/pfp-privatefinancepartners-gmbh/praktikantin-werkstudentin-medieninformatik-frankfurt-am-main-240464,Praktikant:in/Werkstudent:in Medieninformatik (m/w/d)
91,https://www.arbeitnow.com/jobs/companies/qm-software-gmbh/auszubildender-fachinformatiker-systemintegration-mulheim-karlich-53948,Auszubildende(r) Fachinformatiker Systemintegration
91,https://www.arbeitnow.com/jobs/companies/miske-loeck-assekuranz-makler-gmbh/kundenbetreuerin-hausverwalterkunden-sachversicherung-im-innendienst-hamburg-477884,Kundenbetreuer:in Hausverwalterkunden - Sachversicherung im Innendienst (m/w/d)
91,https://www.arbeitnow.com/jobs/companies/keyplayer-interim-management-gmbh-co-kg/associate-director-automotive-munich-94339,Associate Director - Automotive (m/w/d)
91,https://www.arbeitnow.com/jobs/companies/starface-gmbh/werkstudent-softwaretesting-und-test-automatisierung-all-genders-karlsruhe-161828,Werkstudent Softwaretesting und Test-Automatisierung (all genders)
91,https://www.arbeitnow.com/jobs/companies/decorami-gmbh/praktikum-remote-social-media-content-marketing-customer-service-berlin-107754,"Praktikum (m/w/d) Remote: Social Media, Content Marketing & Customer Service"
91,https://www.arbeitnow.com/jobs/companies/swing2sleep/influencer-managerin-neumunster-448511,Influencer Manager:in
91,https://www.arbeitnow.com/jobs/companies/pato-pickleball/werkstudentin-content-creation-marketing-munich-249176,Werkstudent:in (m/w/d) Content Creation & Marketing
91,https://www.arbeitnow.com/jobs/companies/meromix-merocare-gmbh/werkstudent-marketing-social-media-aachen-24399,Werkstudent Marketing & Social Media (m/w/d)
91,https://www.arbeitnow.com/jobs/companies/konex-marketing/ausbildung-kauffrau-mann-fur-marketingkommunikation-wiesbaden-390542,Ausbildung Kauffrau/-mann für Marketingkommunikation (w/m/d)
91,https://www.arbeitnow.com/jobs/companies/bachertpartner/praktikant-werkstudent-ma-corporate-finance-frankfurt-frankfurt-am-main-301235,Praktikant / Werkstudent M&A / Corporate Finance (m/w/d) - Frankfurt
91,https://www.arbeitnow.com/jobs/companies/schubert-system-elektronik-gmbh/ausbildung-it-systemelektroniker-neuhausen-ob-eck-484463,Ausbildung IT-Systemelektroniker (m/w/d)
91,https://www.arbeitnow.com/jobs/companies/it-security-coach-gmbh/senior-manager-isms-beratung-und-audits-olpe-250614,Senior Manager ISMS Beratung und Audits (m/w/d)
91,https://www.arbeitnow.com/jobs/companies/3f-bbq-gmbh/fachverkaufer-vollzeit-teilzeit-gutersloh-495445,Fachverkäufer (m/w/d) Vollzeit/Teilzeit
91,https://www.arbeitnow.com/jobs/companies/kera-collections-gmbh-co-kg/designerin-krefeld-454876,Designer:in
91,https://www.arbeitnow.com/jobs/companies/limitd-by-wunderproducts-gmbh/brand-business-development-manager-berlin-445000,Brand & Business Development Manager (m/w/d)
92,https://www.arbeitnow.com/jobs/companies/serview-gmbh/it-service-management-berater-bad-homburg-201774,IT Service Management Berater (m/w/d)
92,https://www.arbeitnow.com/jobs/companies/herosoftware-gmbh/customer-success-manager-in-werkstudent-100-remote-mannheim-458993,Customer Success Manager/in (Werkstudent - 100% Remote)
92,https://www.arbeitnow.com/jobs/companies/binkert-plan-gmbh/tga-fachplanerin-projektleiterin-albbruck-271312,TGA-Fachplaner:in / Projektleiter:in (m/w/d)
92,https://www.arbeitnow.com/jobs/companies/social-consulting/marketing-kundenbetreuung-balingen-369965,Marketing & Kundenbetreuung (m/w/d)
92,https://www.arbeitnow.com/jobs/companies/taod-consulting-gmbh/junior-data-engineer-cologne-24133,Junior Data Engineer (m/w/d)
92,https://www.arbeitnow.com/jobs/companies/bluebead-gmbh-heidelberg/sap-hcm-berater-fur-berlin-ffm-koln-walldorf-frankfurt-am-main-258778,SAP HCM Berater (m/w/d) für Berlin/FFM/Köln/Walldorf
92,https://www.arbeitnow.com/jobs/companies/atlas-mortag-baumaschinen-und-fahrzeugtechnik-ek/werkstattmeister-werkstattleiter-erfurt-397246,Werkstattmeister / Werkstattleiter (m/w/d)
92,https://www.arbeitnow.com/jobs/companies/vsl-media/video-cutter-wurzburg-196442,Video Cutter
92,https://www.arbeitnow.com/jobs/companies/systhemis-ag/lead-developer-java-web-wurzburg-491251,Lead Developer Java & Web (m/w/d)
92,https://www.arbeitnow.com/jobs/companies/konvoi-gmbh/founders-associate-pflichtpraktikum-hamburg-286701,Founders Associate - Pflichtpraktikum (f/m/x)
92,https://www.arbeitnow.com/jobs/companies/die-netzwerker-it-services-gmbh/fachinformatiker-kirchheim-unter-teck-75163,Fachinformatiker (m/w/d)
92,https://www.arbeitnow.com/jobs/companies/monday-marketing-gmbh/praktikum-online-und-social-media-marketing-braunschweig-120744,Praktikum - Online und Social Media Marketing (m/w/d)
92,https://www.arbeitnow.com/jobs/companies/fugro-germany-gmbh/senior-geophysiker-berlin-241099,Senior Geophysiker (m/w/d)
92,https://www.arbeitnow.com/jobs/companies/fugro-germany-gmbh/projektmitarbeiter-in-hydrogeologie-und-wasserwirtschaft-berlin-116117,Projektmitarbeiter/in Hydrogeologie und Wasserwirtschaft (m/w/d)
92,https://www.arbeitnow.com/jobs/companies/planungsgruppe-va-gmbh/ausbildung-zum-technischen-systemplaner-fachrichtung-heizung-luftung-sanitar-sowie-elektrotechnische-systeme-2025-herzberg-am-harz-453349,"Ausbildung zum Technischen Systemplaner Fachrichtung Heizung, Lüftung Sanitär, sowie elektrotechnische Systeme (m/w/d) / 2025"
92,https://www.arbeitnow.com/jobs/companies/gfic/germany-sales-manager-food-ingredients-distribution-frankfurt-am-main-267604,Germany Sales Manager Food Ingredients Distribution m/f/d
92,https://www.arbeitnow.com/jobs/companies/prokuras-beteiligungs-gmbh/fuhrungskraft-immobilienverwaltung-schwerpunkt-weg-hamburg-241123,Führungskraft Immobilienverwaltung (m/w/d) – Schwerpunkt WEG
92,https://www.arbeitnow.com/jobs/companies/online-marketing-solutions-ag/projektmanager-digital-marketing-manager-eschborn-56424,Projektmanager / Digital Marketing Manager (m/w/d)
92,https://www.arbeitnow.com/jobs/companies/softgate/junior-software-entwickler-digital-business-erlangen-73628,(Junior) Software Entwickler Digital Business (m/w/d)
92,https://www.arbeitnow.com/jobs/companies/skyve/junior-graphic-designer-for-packaging-listing-images-detail-obsessed-amazon-ecommerce-focus-long-term-freelance-berlin-1416,Junior Graphic Designer for Packaging & Listing Images (Detail-Obsessed | Amazon/Ecommerce Focus) (Long-term Freelance)
92,https://www.arbeitnow.com/jobs/companies/therapium-group-gmbh/empfangskraft-berlin-330674,Empfangskraft (m/w/d)
92,https://www.arbeitnow.com/jobs/companies/bimuc/multitalent-gesucht-digitalisierung-daten-und-bim-olching-285312,"Multitalent gesucht Digitalisierung, Daten und BIM (m/w/d)"
92,https://www.arbeitnow.com/jobs/companies/banking-consult-executive-search/investment-banking-senior-associate-frankfurt-am-main-479637,Investment Banking Senior Associate
92,https://www.arbeitnow.com/jobs/companies/nettrek-gmbh-co-kg/ausbildung-zum-fachinformatiker-anwendungsentwicklung-dorsten-35971,Ausbildung zum Fachinformatiker (Anwendungsentwicklung) (m/w/d)
92,https://www.arbeitnow.com/jobs/companies/lipsia-digital-gmbh/backend-engineer-js-ts-iot-energy-management-system-leipzig-451531,"Backend Engineer JS / TS (m/w/d) | IoT, Energy Management System"
92,https://www.arbeitnow.com/jobs/companies/fugro-germany-gmbh/senior-projektleiter-in-landschaftsplanung-langenhagen-205000,Senior / Projektleiter/in Landschaftsplanung (m/w/d)
92,https://www.arbeitnow.com/jobs/companies/contentkueche-gmbh/praktikum-content-marketing-manager-munich-412588,"Praktikum ""Content Marketing Manager"""
92,https://www.arbeitnow.com/jobs/companies/ralph/senior-product-manager-berlin-432079,Senior Product Manager (m/w/d)
92,https://www.arbeitnow.com/jobs/companies/pangoon/praktikum-softwareentwicklung-berlin-244025,Praktikum Softwareentwicklung (m/w/d)
92,https://www.arbeitnow.com/jobs/companies/hydraid-true-sports-labs-gmbh/social-media-manager-munich-89633,Social Media Manager (M/W/D)
92,https://www.arbeitnow.com/jobs/companies/promize-consulting/sap-fullstack-entwickler-abap-sapui5-remote-first-eschborn-421632,SAP Fullstack Entwickler ABAP / SAPUI5 (m/w/d) - Remote First
92,https://www.arbeitnow.com/jobs/companies/promize-consulting/sap-prozessberater-mm-s-4hana-remote-first-eschborn-430626,SAP Prozessberater MM / S/4HANA (m/w/d) - Remote First
92,https://www.arbeitnow.com/jobs/companies/talde-gmbh/fachkraft-fur-systemintegration-wuppertal-130326,Fachkraft für Systemintegration (m/w/d)
92,https://www.arbeitnow.com/jobs/companies/aclue-gmbh/senior-tech-consultant-hamburg-289717,(Senior) Tech Consultant
92,https://www.arbeitnow.com/jobs/companies/itmt-gmbh/systemadministratorin-saarbrucken-309335,Systemadministrator:in
92,https://www.arbeitnow.com/jobs/companies/hhl-leipzig-graduate-school-of-management/mitarbeiter-controlling-buchhaltung-leipzig-204663,Mitarbeiter Controlling / Buchhaltung (m/w/d)
92,https://www.arbeitnow.com/jobs/companies/certa/objektbesichtiger-auf-freiberuflicher-basis-berlin-89759,Objektbesichtiger (m/w/d) auf freiberuflicher Basis
92,https://www.arbeitnow.com/jobs/companies/peil-und-partner-ingenieure-gmbh/projektleiterin-fur-technische-gebaudeausrustung-tga-kiel-70402,Projektleiter:in für Technische Gebäudeausrüstung / TGA (m/w/d)
92,https://www.arbeitnow.com/jobs/companies/agentur-philipp-gmbh/werkstudent-kunstliche-intelligenz-dingolfing-100574,Werkstudent (m/w/d) Künstliche Intelligenz
92,https://www.arbeitnow.com/jobs/companies/ai-for-hamburg-gmbh-aifund-gmbh-aiimpact-gmbh-aigroup-gmbh/werkstudentin-it-rpa-automation-im-ki-umfeld-hamburg-334919,Werkstudent*in (m/w/d) IT & RPA/Automation im KI-Umfeld
92,https://www.arbeitnow.com/jobs/companies/verena-huber-friseure/headspa-specialist-munich-88116,HeadSpa Specialist
92,https://www.arbeitnow.com/jobs/companies/waldemar-link-gmbh-co-kg/werkstudent-it-support-norderstedt-18718,Werkstudent IT-Support (m/w/d)
92,https://www.arbeitnow.com/jobs/companies/female-power-hub/social-media-marketing-praktikum-berlin-452612,Social Media Marketing Praktikum
92,https://www.arbeitnow.com/jobs/companies/autohaus-worch-gmbh/serviceberater-in-sudharz-99132,Serviceberater/in (m/w/d)
92,https://www.arbeitnow.com/jobs/companies/large-space-structures-gmbh/pa-engineer-eching-16458,PA Engineer
92,https://www.arbeitnow.com/jobs/companies/lebepur/praktikum-im-online-marketing-berlin-468376,Praktikum im Online Marketing
92,https://www.arbeitnow.com/jobs/companies/software-company-amic-gmbh/it-datenbankadministratorin-ms-sql-server-kiel-436281,IT-Datenbankadministrator:in MS SQL Server
92,https://www.arbeitnow.com/jobs/companies/vfm-versicherungs-finanzmanagement-gmbh/ausbildung-zum-fachinformatiker-fachrichtung-systemintegration-pegnitz-385640,Ausbildung zum Fachinformatiker (m/w/d) Fachrichtung Systemintegration
92,https://www.arbeitnow.com/jobs/companies/timeless-studio/creative-strategist-werkstudent-berlin-217183,Creative Strategist (Werkstudent) (w/m/d)
92,https://www.arbeitnow.com/jobs/companies/ingenieurburo-fokus-versorgung-gmbh/planungsingenieurin-fernwarme-neustadt-am-rubenberge-61018,Planungsingenieur:in Fernwärme
93,https://www.arbeitnow.com/jobs/companies/epic-escape/react-react-native-entwickler-dresden-254373,React / React Native Entwickler (m/w/d)
93,https://www.arbeitnow.com/jobs/companies/catalyst-consulting-ug-haftungsbeschrankt/teamlead-baufinanzierung-bei-justhome-berlin-238597,Teamlead Baufinanzierung (w/m/d) bei JustHome
93,https://www.arbeitnow.com/jobs/companies/ctg-consulting-gmbh/abteilungsleitung-controlling-hamburg-70179,Abteilungsleitung Controlling (m/w/d)
93,https://www.arbeitnow.com/jobs/companies/civey-gmbh/senior-consultant-key-account-manager-berlin-425820,(Senior) Consultant / Key Account Manager (d/m/w)
93,https://www.arbeitnow.com/jobs/companies/arvana/creative-strategist-b2b-performance-marketing-berlin-247446,Creative Strategist (B2B Performance Marketing)
93,https://www.arbeitnow.com/jobs/companies/claudia-buhl/digital-front-office-empfangsmitarbeiter-100-remote-schrobenhausen-133762,Digital Front Office | Empfangsmitarbeiter (m/w/d) | 100% Remote
93,https://www.arbeitnow.com/jobs/companies/mouth-propaganda-gmbh/werkstudentin-fur-den-bereich-maschinenbau-3d-druck-formenbau-cologne-98483,Werkstudent*in für den Bereich Maschinenbau / 3D Druck / Formenbau (m/w/d)
93,https://www.arbeitnow.com/jobs/companies/friedrich-seiz-gmbh/product-information-manager-erp-management-reporting-metzingen-424635,Product Information Manager (m/w/d) | ERP & Management Reporting
93,https://www.arbeitnow.com/jobs/companies/open-mind-technologies-ag/c-software-architect-tool-path-calculation-wessling-359162,C++ Software Architect (m/f/d) Tool Path Calculation
93,https://www.arbeitnow.com/jobs/companies/exco-gmbh/fachinformatiker-fur-systemintegration-frankenthal-340751,Fachinformatiker für Systemintegration (m/w/d)
93,https://www.arbeitnow.com/jobs/companies/hensch-systems-gmbh/kaufmann-frau-digitalisierungsmanagement-recklinghausen-307517,Kaufmann/-frau - Digitalisierungsmanagement (m/w/d)
93,https://www.arbeitnow.com/jobs/companies/laioutr-gmbh/ai-engineer-full-stack-typescript-nuxt-next-vue-react-berlin-120259,"AI Engineer (m/f/d) - Full Stack, TypeScript / Nuxt / Next / Vue / React"
93,https://www.arbeitnow.com/jobs/companies/karriereguru/head-of-growth-b2c-growth-marketing-lead-maisach-214328,Head of Growth B2C / Growth Marketing Lead
93,https://www.arbeitnow.com/jobs/companies/redrink-gmbh/werkstudent-social-media-und-content-munich-483889,Werkstudent Social Media und Content
93,https://www.arbeitnow.com/jobs/companies/xylem/junior-inside-sales-representative-in-grossostheim-44165,Junior Inside Sales Representative (m/w/d) in Großostheim
93,https://www.arbeitnow.com/jobs/companies/mpg-care-gmbh/technischer-immobilienmanager-gebaudemanagement-standort-fulda-wurzburg-243126,Technischer Immobilienmanager/Gebäudemanagement Standort Fulda/Würzburg
93,https://www.arbeitnow.com/jobs/companies/kostiuk-gruppe/office-manager-mit-dem-schwerpunkt-personal-organisation-hamburg-287520,Office Manager (m/w/d) mit dem Schwerpunkt Personal & Organisation
93,https://www.arbeitnow.com/jobs/companies/ost-bau-osterburger-strassen-tief-und-hochbau-gmbh/betoninstandsetzer-gn-reinsdorf-109495,Betoninstandsetzer (gn)
93,https://www.arbeitnow.com/jobs/companies/cureosity-gmbh/werkstudentin-im-bereich-finance-dusseldorf-56184,Werkstudent*in im Bereich Finance (m/w/d)
93,https://www.arbeitnow.com/jobs/companies/open-mind-technologies-ag/software-architekt-c-werkzeugbahnberechnung-wessling-282448,Software Architekt C++ (m/w/d) Werkzeugbahnberechnung
93,https://www.arbeitnow.com/jobs/companies/3daero-gmbh/praktikant-gn-im-bereich-marketing-vertrieb-hamburg-11387,Praktikant (gn) im Bereich Marketing & Vertrieb
93,https://www.arbeitnow.com/jobs/companies/kohler-partner-gmbh/sea-performance-marketing-manager-buchholz-in-der-nordheide-361878,SEA & Performance Marketing Manager (m/w/d)
93,https://www.arbeitnow.com/jobs/companies/platri-it/werkstudent-product-owner-fur-softwareprojekte-bochum-176374,Werkstudent Product Owner für Softwareprojekte (m/w/d)
93,https://www.arbeitnow.com/jobs/companies/nakoa-digital-gmbh/werkstudent-retail-media-marketplace-munich-217824,Werkstudent Retail Media / Marketplace (m/w/d)
93,https://www.arbeitnow.com/jobs/companies/virtual-identity-ag/senior-account-director-digital-solutions-client-partner-freiburg-im-breisgau-135859,Senior Account Director Digital Solutions / Client Partner (m/f/x)
93,https://www.arbeitnow.com/jobs/companies/photon-ag/arbeitsvorbereiter-berlin-138597,Arbeitsvorbereiter (m/w/d)
93,https://www.arbeitnow.com/jobs/companies/allianz-digital-health-gmbh/working-student-controlling-reporting-munich-439417,Working Student (m/f/d) Controlling & Reporting
93,https://www.arbeitnow.com/jobs/companies/kommunikation-lohnzich-gmbh-co-kg/designer-digital-print-essen-202131,Designer (m/w/d) Digital & Print
93,https://www.arbeitnow.com/jobs/companies/neumann-krause-gmbh/techniker-in-im-innendienst-bereich-braune-ware-berlin-473070,Techniker/-in im Innendienst Bereich braune Ware (m/w/d)
93,https://www.arbeitnow.com/jobs/companies/oneframe-media-gmbh/linkedin-copywriter-fokus-auf-ceos-personal-brands-mannheim-317930,"LinkedIn Copywriter (m/w/d), Fokus auf CEOs & Personal Brands"
93,https://www.arbeitnow.com/jobs/companies/home-fur-festivals-gmbh/praktikum-marketing-berlin-468473,Praktikum Marketing
93,https://www.arbeitnow.com/jobs/companies/rgi-spa/it-consultant-insurance-nuremberg-304239,IT-Consultant / Insurance (m/w/d)
93,https://www.arbeitnow.com/jobs/companies/amyt/social-media-projektmanagement-praktikum-berlin-419798,Social Media & Projektmanagement Praktikum
93,https://www.arbeitnow.com/jobs/companies/impuls-hrk/1st-2nd-level-support-specialist-im-neo-banking-hotline-backoffice-frankfurt-am-main-200195,1st & 2nd Level Support Specialist im Neo-Banking m/w/d Hotline & Backoffice
93,https://www.arbeitnow.com/jobs/companies/pflegehelden-franchise-gmbh/geschaftsfuhrer-quereinsteiger-franchise-partner-franchise-nehmer-selbststandiger-unternehmer-fur-den-standort-hamburg-485048,Geschäftsführer / Quereinsteiger / Franchise-Partner / Franchise-Nehmer / Selbstständiger / Unternehmer für den Standort Hamburg
93,https://www.arbeitnow.com/jobs/companies/con-ing-gmbh/bauuberwacher-bahn-oberbau-konstruktiver-ingenieurbau-munchen-munich-308868,Bauüberwacher Bahn (m/w/d) Oberbau & Konstruktiver Ingenieurbau | München
93,https://www.arbeitnow.com/jobs/companies/doppelernte-gmbh/softwareentwicklerin-senior-munich-135056,Softwareentwickler:in Senior
93,https://www.arbeitnow.com/jobs/companies/nviso/information-security-resilience-senior-manager-frankfurt-am-main-388840,Information Security / Resilience Manager (m/w/d)
93,https://www.arbeitnow.com/jobs/companies/jobportal/senior-software-developer-dortmund-remote-48497,Senior Software Developer (m/w/d) · Dortmund & Remote
93,https://www.arbeitnow.com/jobs/companies/ekvip-automation-gmbh/sps-softwareentwicklung-beckhoff-twincat-leipzig-474438,SPS Softwareentwicklung Beckhoff twinCAT
93,https://www.arbeitnow.com/jobs/companies/hubside-die-recruitingwerkstatt/app-developer-ios-android-passau-289918,App Developer iOS Android (m/w/d)
93,https://www.arbeitnow.com/jobs/companies/riverstate-premium-recruiting/technischer-leiter-mit-erfahrung-in-der-hotel-branche-100000-140000-eur-hanover-186872,Technischer Leiter mit Erfahrung in der Hotel-Branche (m/w/d) | 100.000 - 140.000 €
93,https://www.arbeitnow.com/jobs/companies/riverstate-premium-recruiting/technischer-leiter-mit-erfahrung-in-der-hotel-branche-100000-140000-eur-bielefeld-90120,Technischer Leiter mit Erfahrung in der Hotel-Branche (m/w/d) | 100.000 - 140.000 €
93,https://www.arbeitnow.com/jobs/companies/riverstate-premium-recruiting/bereichsleiter-tga-und-hotel-technik-100000-140000-eur-hanover-274163,Bereichsleiter TGA und Hotel-Technik (m/w/d) | 100.000 - 140.000 €
93,https://www.arbeitnow.com/jobs/companies/riverstate-premium-recruiting/bereichsleiter-tga-und-hotel-technik-100000-140000-eur-bielefeld-272950,Bereichsleiter TGA und Hotel-Technik (m/w/d) | 100.000 - 140.000 €
93,https://www.arbeitnow.com/jobs/companies/hydromapper-gmbh/it-systemadministrator-hamburg-236447,IT-Systemadministrator (w/m/d)
93,https://www.arbeitnow.com/jobs/companies/mitblick-ag/senior-python-entwickler-stuttgart-464691,(Senior) Python Entwickler (m/w/d)
93,https://www.arbeitnow.com/jobs/companies/juit-gmbh/werkstudierende-fur-promotion-events-auf-flexibler-basis-gesucht-berlin-349867,Werkstudierende (m/w/d) für Promotion/Events auf flexibler Basis gesucht
93,https://www.arbeitnow.com/jobs/companies/ctg-consulting-gmbh/hedging-specialist-fur-kritische-rohstoffe-porta-westfalica-220741,Hedging Specialist für kritische Rohstoffe (m/w/d)
93,https://www.arbeitnow.com/jobs/companies/alphapet-ventures-gmbh/senior-crm-lifecycle-marketing-manager-munich-347512,(Senior) CRM / Lifecycle Marketing Manager (m/w/d)
94,https://www.arbeitnow.com/jobs/companies/open-mind-technologies-ag/produktmanager-zyklenentwicklung-25d-3x-5x-wessling-429379,Produktmanager (m/w/d) Zyklenentwicklung 2.5D / 3X / 5X
94,https://www.arbeitnow.com/jobs/companies/environeering-group-gmbh/planungsingenieur-fur-entwurfs-und-genehmigungsplanung-deponietechnik-altlasten-aachen-493008,Planungsingenieur (m/w/d) für Entwurfs- und Genehmigungsplanung - Deponietechnik / Altlasten
94,https://www.arbeitnow.com/jobs/companies/w-schmidt-diehler-gmbh/bilanzbuchhalter-senior-finanzbuchhalter-bad-soden-428010,Bilanzbuchhalter / Senior Finanzbuchhalter (m/w/d)
94,https://www.arbeitnow.com/jobs/companies/stannol/bilanzbuchhalterin-senior-finanzbuchhalterin-velbert-142373,Bilanzbuchhalter*in / Senior Finanzbuchhalter*in (m/w/d)
94,https://www.arbeitnow.com/jobs/companies/gibbon-id-sports-gmbh/performance-marketing-manager-emea-stuttgart-169634,"Performance Marketing Manager, EMEA"
94,https://www.arbeitnow.com/jobs/companies/franziska-gareis-dein-finanzmangement/vertriebsassistenz-kundenbetreuung-weiden-in-der-oberpfalz-362529,Vertriebsassistenz / Kundenbetreuung (m/w/d)
94,https://www.arbeitnow.com/jobs/companies/noris-network-ag/senior-it-systems-engineer-backup-storage-nuremberg-290091,(Senior) IT Systems Engineer (Backup/Storage) (m/w/d)
94,https://www.arbeitnow.com/jobs/companies/dr-vivien-karl/finanzbuchhalterin-mit-e-commerce-fokus-teilzeit-berlin-166975,Finanzbuchhalter:in mit E-Commerce-Fokus (Teilzeit)
94,https://www.arbeitnow.com/jobs/companies/searchneedslove/seo-specialist-revenue-architect-berlin-358947,SEO Specialist / Revenue Architect (m/f/d)
94,https://www.arbeitnow.com/jobs/companies/searchneedslove/seo-specialist-revenue-architect-berlin-145896,SEO Specialist / Revenue Architect (m/w/d)
94,https://www.arbeitnow.com/jobs/companies/cmf-advertising-gmbh/junior-digital-designer-fur-social-content-oberursel-205508,Junior Digital Designer für Social Content (m/w/d)
94,https://www.arbeitnow.com/jobs/companies/tiger-media-deutschland-gmbh/werkstudentin-ki-video-social-ads-editor-hamburg-86252,Werkstudent*in (m/w/d) KI-Video & Social Ads Editor
94,https://www.arbeitnow.com/jobs/companies/talmatch-gmbh/senior-network-security-engineer-zurich-schweiz-cisco-fortinet-munich-321575,Senior Network & Security Engineer - Zürich Schweiz - Cisco & Fortinet
94,https://www.arbeitnow.com/jobs/companies/taxforce-services/tax-finance-operations-interns-ai-tax-startup-berlin-55362,Tax & Finance Operations Interns (f/m/d) - AI Tax Startup
94,https://www.arbeitnow.com/jobs/companies/immobilien-cluster-gmbh/akquisitionsmanagerin-fur-liegenschaften-stuttgart-240801,Akquisitionsmanager:in für Liegenschaften
94,https://www.arbeitnow.com/jobs/companies/toolplace-gmbh/praktikant-masterand-ai-automation-internal-operations-leipzig-145841,Praktikant / Masterand - AI-Automation & Internal Operations (m/w/d)
94,https://www.arbeitnow.com/jobs/companies/toolplace-gmbh/online-marketing-manager-paid-content-leipzig-470903,Online Marketing Manager - Paid & Content (m/w/d)
94,https://www.arbeitnow.com/jobs/companies/exzellente-jobs/privatkundenberater-in-hoya-27642,Privatkundenberater (m/w/d) in Hoya
94,https://www.arbeitnow.com/jobs/companies/pipa-gmbh/senior-product-marketing-manager-hamburg-187484,Senior Product Marketing Manager
94,https://www.arbeitnow.com/jobs/companies/easybill-gmbh/senior-software-engineer-ruby-on-rails-100-remote-willich-300525,Senior Software Engineer Ruby on Rails 100 % remote (m/w/d)
94,https://www.arbeitnow.com/jobs/companies/new-flag-gmbh/family-office-manager-finance-administration-munich-50081,Family Office Manager (m/w/d) Finance & Administration
94,https://www.arbeitnow.com/jobs/companies/qunomedical/engineering-lead-part-time-berlin-61270,Engineering Lead (Part-time)
94,https://www.arbeitnow.com/jobs/companies/secupay-ag/werkstudent-projektmanagement-pulsnitz-418515,Werkstudent Projektmanagement (W/M/D)
94,https://www.arbeitnow.com/jobs/companies/visioniq-marketing-communication-gmbh/senior-marketing-manager-berlin-mitte-361067,Senior Marketing Manager (m/w/d) - Berlin-Mitte
94,https://www.arbeitnow.com/jobs/companies/pertemps-erp/sap-wm-ewm-consultant-cologne-325098,SAP WM/EWM Consultant
94,https://www.arbeitnow.com/jobs/companies/vermeiren-deutschland-gmbh/marketingkoordinator-dach-willich-96615,Marketingkoordinator DACH
94,https://www.arbeitnow.com/jobs/companies/pertemps-erp/sap-sd-consultant-mannheim-230860,SAP SD Consultant
94,https://www.arbeitnow.com/jobs/companies/sl-connect-gmbh/recruiter-grossenhain-146410,Recruiter (m/w/d)
94,https://www.arbeitnow.com/jobs/companies/ft-fitness-technology-gmbh/werkstudent-e-mail-marketing-crm-manager-munich-199593,Werkstudent E-Mail Marketing / CRM Manager (m/w/d)
94,https://www.arbeitnow.com/jobs/companies/cadaico-gmbh/ai-engineer-for-chat-to-cad-cad-automation-stuttgart-175543,AI Engineer (m/f/d) for Chat-to-CAD / CAD-Automation
94,https://www.arbeitnow.com/jobs/companies/nelta-gmbh/werkstudent-it-consultant-test-automation-hybrid-hamburg-15700,Werkstudent IT Consultant (m/w/d) Test Automation - Hybrid (Hamburg)
94,https://www.arbeitnow.com/jobs/companies/wgb-gmbh/senior-manager-ki-transformation-kundenservice-gn-hamburg-431788,Senior Manager KI-Transformation Kundenservice (gn)
94,https://www.arbeitnow.com/jobs/companies/glsnxt/senior-data-engineer-berlin-42119,Senior Data Engineer
94,https://www.arbeitnow.com/jobs/companies/unframed-berlin/nail-artist-nail-tech-berlin-202277,Nail Artist/ Nail Tech
94,https://www.arbeitnow.com/jobs/companies/salesplaybook-ag/linkedin-gtm-consultant-berlin-315487,LinkedIn GTM Consultant
94,https://www.arbeitnow.com/jobs/companies/accantec-group/bachelorarbeit-ki-gestutzte-automatisierung-des-datenimports-im-data-warehouse-heidelberg-95017,Bachelorarbeit (m/w/d) – KI-gestützte Automatisierung des Datenimports im Data Warehouse
94,https://www.arbeitnow.com/jobs/companies/indie-solutions-gmbh/lead-test-manager-dusseldorf-495579,Lead Test Manager (m/w/d)
94,https://www.arbeitnow.com/jobs/companies/getpress/pr-talent-pool-junior-bis-senior-berlin-remote-191372,PR Talent Pool (m/w/d) - Junior bis Senior - Berlin & Remote
94,https://www.arbeitnow.com/jobs/companies/noerr-solutions-digital-recruitment/it-systemadministrator-wurzburg-173500,IT-Systemadministrator (m/w/d)
94,https://www.arbeitnow.com/jobs/companies/collaborative-marketing-club-cmc-gmbh/grafik-designerin-fur-digitale-assets-online-berlin-39935,Grafik Designer:in für digitale Assets (m/w/d) ONLINE
94,https://www.arbeitnow.com/jobs/companies/zweidigital-gmbh/werkstudent-fur-unser-performance-marketing-frankfurt-am-main-16236,Werkstudent (m/w/d) für unser Performance Marketing
94,https://www.arbeitnow.com/jobs/companies/unaice-gmbh/mitarbeiter-in-verwaltung-administration-20h-w-werther-437555,Mitarbeiter (m/w/d) in Verwaltung - Administration (m/w/d) 25h/W
94,https://www.arbeitnow.com/jobs/companies/werbeagentur-von-schickh-gmbh/social-media-praktikum-orientierung-oder-pflicht-ab-ca-august-2026-karlsruhe-292449,Social Media - Praktikum (Orientierung oder Pflicht) (w/x/m) ab ca. August 2026
94,https://www.arbeitnow.com/jobs/companies/labsruhr-gmbh/senior-software-developer-in-vollzeit-bochum-149853,Senior Software Developer (m/w/d) in Vollzeit
94,https://www.arbeitnow.com/jobs/companies/fino-digital-gmbh/chief-technology-officer-cto-mit-kundenzentriertem-business-development-fokus-all-genders-kassel-52459,Chief Technology Officer (CTO) mit kundenzentriertem Business-Development Fokus (all genders)
94,https://www.arbeitnow.com/jobs/companies/ki-bundesverband/werkstudentin-im-bereich-transfer-fur-das-projekt-soofi-sovereign-open-source-foundation-models-im-ki-bundesverband-hurth-284728,"Werkstudent:in im Bereich Transfer für das Projekt ""Soofi (Sovereign Open Source Foundation Models” im KI Bundesverband (m/w/d)"
94,https://www.arbeitnow.com/jobs/companies/ki-bundesverband/projekt-und-transfermanagerin-fur-das-projekt-soofi-sovereign-open-source-foundation-models-im-ki-bundesverband-hurth-348579,"Projekt- und Transfermanager:in für das Projekt ""Soofi (Sovereign Open Source Foundation Models” im KI Bundesverband (m/w/d)"
94,https://www.arbeitnow.com/jobs/companies/smart-systems-hub-gmbh/python-software-engineer-dresden-499830,Python Software Engineer (m/w/d)
94,https://www.arbeitnow.com/jobs/companies/elmi-power-gmbh/service-prozesskoordinatorin-ev-ladeinfrastruktur-niddatal-101294,Service & Prozesskoordinator:in (m/w/d) EV Ladeinfrastruktur
94,https://www.arbeitnow.com/jobs/companies/finanzexperte-vor-ort/nebenberuflicher-job-als-assistenz-im-finanzbereich-weilheim-in-oberbayern-488866,Nebenberuflicher Job als Assistenz im Finanzbereich (m/w/d)
95,https://www.arbeitnow.com/jobs/companies/anest-iwata-europe-gmbh/mechatroniker-bad-wimpfen-493163,Mechatroniker (m/w/d)
95,https://www.arbeitnow.com/jobs/companies/nviso/software-engineer-frankfurt-am-main-126157,Software Engineer (m/w/d)
95,https://www.arbeitnow.com/jobs/companies/miro-personalvermittlung/microsoft-principle-project-manager-munich-335247,Microsoft Principle Project Manager (m/w/d)
95,https://www.arbeitnow.com/jobs/companies/intellux-consulting-gmbh/werkstudentin-in-sap-berechtigungen-gesucht-osnabruck-219136,Werkstudent*in (m/w/d) in SAP-Berechtigungen gesucht
95,https://www.arbeitnow.com/jobs/companies/kmz-kullen-muller-zinser-treuhand-gmbh/prufungsassistent-associate-audit-sindelfingen-109609,Prüfungsassistent / Associate Audit (m/w/d)
95,https://www.arbeitnow.com/jobs/companies/hallo-welt-gmbh/it-projektmanager-regensburg-302898,IT Projektmanager (m/w/d)
95,https://www.arbeitnow.com/jobs/companies/starmobile-gmbh/online-marketing-manager-mwd-fulda-153196,Online Marketing Manager (m|w|d)
95,https://www.arbeitnow.com/jobs/companies/new-flag-gmbh/sales-operations-customer-care-manager-munich-107679,Sales Operations & Customer Care Manager (m/w/d)
95,https://www.arbeitnow.com/jobs/companies/angeheuert-gmbh/linux-systemadministrator-hybrid-in-freiburg-baden-wurttemberg-254043,Linux-Systemadministrator (m/w/d) | Hybrid in Freiburg🌄
95,https://www.arbeitnow.com/jobs/companies/angeheuert-gmbh/systemadministrator-linux-hybrid-in-freiburg-mainz-97404,Systemadministrator Linux (m/w/d) | Hybrid in Freiburg🌄
95,https://www.arbeitnow.com/jobs/companies/feldenergy-gmbh/junior-finance-accounting-manager-renewable-energy-munich-485404,Junior Finance & Accounting Manager (m/w/d) Renewable Energy
95,https://www.arbeitnow.com/jobs/companies/muvn/entrepreneur-in-residence-werkstudentin-all-genders-hamburg-393398,"Entrepreneur in Residence (Werkstudent:in, all genders)"
95,https://www.arbeitnow.com/jobs/companies/feldenergy-gmbh/talent-acquisition-manager-munich-75366,Talent Acquisition Manager (m/w/d)
95,https://www.arbeitnow.com/jobs/companies/nviso/junior-hr-consultant-recruiter-frankfurt-am-main-128522,(Junior) HR Consultant / Recruiter (m/w/d)
95,https://www.arbeitnow.com/jobs/companies/enyo-gmbh/founding-engineer-energy-tech-cologne-12188,Founding Engineer (m/w/d) - Energy Tech
95,https://www.arbeitnow.com/jobs/companies/notarpartner-gmbh/engineering-lead-ts-react-nextjs-ai-100-remote-hamburg-219343,"Engineering Lead (m/w/d) TS, React, Next.js & AI 100% Remote"
95,https://www.arbeitnow.com/jobs/companies/hotel-strandperle-duhnen-gmbh-co-kg/wellnessmasseur-cuxhaven-99667,Wellnessmasseur (m/w/d)
95,https://www.arbeitnow.com/jobs/companies/immodo-berlin/social-media-content-creator-praktikant-oder-werkstudent-berlin-352891,Social Media & Content Creator Praktikant oder Werkstudent (m/w/d)
95,https://www.arbeitnow.com/jobs/companies/feldenergy-gmbh/finance-analyst-erneuerbare-energien-munich-347662,Finance Analyst (m/w/d) - Erneuerbare Energien
95,https://www.arbeitnow.com/jobs/companies/global-changer/marketing-werkstudentin-im-nachhaltigkeitsbereich-sustainability-berlin-160009,Werkstudent:in B2B-Marketing (Climate Tech/SaaS) (m/w/d)
95,https://www.arbeitnow.com/jobs/companies/ki-bundesverband/kommunikationsmanagerin-fur-das-projekt-soofi-sovereign-open-source-foundation-models-im-ki-bundesverband-hurth-172868,"Kommunikationsmanager:in für das Projekt ""Soofi (Sovereign Open Source Foundation Models)” im KI Bundesverband (m/w/d)"
95,https://www.arbeitnow.com/jobs/companies/ki-bundesverband/governance-managerin-fur-das-projekt-soofi-sovereign-open-source-foundation-models-im-ki-bundesverband-hurth-49102,"Governance Manager:in für das Projekt ""Soofi (Sovereign Open Source Foundation Models” im KI Bundesverband (m/w/d)"
95,https://www.arbeitnow.com/jobs/companies/advicon-ag/tax-advisor-steuerberater-munich-327960,Tax Advisor / Steuerberater (m/w/d)
95,https://www.arbeitnow.com/jobs/companies/onpier-gmbh/operations-process-manager-in-teilzeit-insurtech-start-up-munich-291845,Operations & Process Manager (w/m/d) in Teilzeit – InsurTech Start-up
95,https://www.arbeitnow.com/jobs/companies/onpier-gmbh/business-operations-manager-in-teilzeit-insurtech-start-up-munich-112794,Business Operations Manager (w/m/d) in Teilzeit – InsurTech Start-up
95,https://www.arbeitnow.com/jobs/companies/lilt-production/linguist-german-remote-berlin-46600,Linguist - German - Remote
95,https://www.arbeitnow.com/jobs/companies/black-semiconductor-gmbh/analog-rf-high-speed-ic-design-engineer-aachen-186575,Analog / RF / High-Speed IC Design Engineer (f/m/d)
95,https://www.arbeitnow.com/jobs/companies/resus-consult-gmbh/sales-director-shk-hamburg-106073,Sales Director (m/w/d) SHK
95,https://www.arbeitnow.com/jobs/companies/epilot-gmbh/senior-product-manager-b2b-saas-koln-356404,(Senior) Product Manager - B2B SaaS (m/w/d)
95,https://www.arbeitnow.com/jobs/companies/lalamove/werkstudent-sales-vertrieb-vietnamesisch-deutschsprachig-berlin-440204,Werkstudent Sales/Vertrieb - Vietnamesisch- & Deutschsprachig (m/f/d)
95,https://www.arbeitnow.com/jobs/companies/lalamove/sales-working-student-vietnamese-german-speaking-berlin-61522,Sales Working Student (Vietnamese & German Speaking)
95,https://www.arbeitnow.com/jobs/companies/exaris-solutions/senior-projektmanager-ki-data-projekte-im-pharma-umfeld-essen-409893,Senior Projektmanager m/w/d - KI & Data Projekte im Pharma-Umfeld
95,https://www.arbeitnow.com/jobs/companies/zvs-visions-gmbh/praktikum-werkstudenten-job-in-hamburger-start-up-social-media-creative-marketing-203281,Praktikum / Werkstudenten-Job in Hamburger Start-Up | Social Media & Creative Marketing (m/w/d)
95,https://www.arbeitnow.com/jobs/companies/muxon/senior-backend-engineer-python-typescript-berlin-250726,Senior Backend Engineer - Python & Typescript
95,https://www.arbeitnow.com/jobs/companies/ray-sono-gmbh/senior-architect-all-genders-munich-296471,Senior Architect (all genders)
95,https://www.arbeitnow.com/jobs/companies/zvs-visions-gmbh/praktikum-werkstudenten-job-in-hamburger-start-up-social-media-creative-marketing-222351,Praktikum / Werkstudenten-Job in Hamburger Start-Up | Social Media & Creative Marketing (m/w/d)
95,https://www.arbeitnow.com/jobs/companies/odw-elektrik-gmbh/it-systemadministrator-steinau-an-der-strasse-29569,IT Systemadministrator (m/w/d)
95,https://www.arbeitnow.com/jobs/companies/rse-netzwerk-produktion-gmbh/senior-industrial-project-manager-hamburg-36145,Senior Industrial Project Manager
95,https://www.arbeitnow.com/jobs/companies/finanzchef24-gmbh/senior-devops-engineer-munich-169686,(Senior) DevOps Engineer (m/f/d)
95,https://www.arbeitnow.com/jobs/companies/spark-europe-gmbh-co-kg/digital-marketing-growth-manager-frankfurt-am-main-322292,Digital Marketing & Growth Manager
95,https://www.arbeitnow.com/jobs/companies/euratel-gmbh/marketing-manager-ki-produkte-leipzig-370509,Marketing Manager KI-Assistenz-Lösungen (m/w/d)
95,https://www.arbeitnow.com/jobs/companies/publik-agentur-fur-kommunikation-gmbh/trainee-pr-corporate-communications-all-genders-mannheim-278222,Trainee PR / Corporate Communications (all genders)
95,https://www.arbeitnow.com/jobs/companies/shopwise-gmbh/pflichtpraktikum-online-marketing-e-commerce-berlin-225027,Pflichtpraktikum Online Marketing / e-Commerce
95,https://www.arbeitnow.com/jobs/companies/mindline-gmbh/praktikum-im-bereich-marktforschung-marketingberatung-hamburg-209875,Praktikum Im Bereich Marktforschung/Marketingberatung
95,https://www.arbeitnow.com/jobs/companies/ventx-gmbh/kubernetes-engineer-munchen-munich-247991,Kubernetes Engineer [München] (m/w/d)
95,https://www.arbeitnow.com/jobs/companies/ittm-s-a/senior-full-stack-developer-berlin-250754,Senior Full Stack Developer (f/m/x)
95,https://www.arbeitnow.com/jobs/companies/quintus-studios/junior-youtube-channel-manager-full-time-berlin-227419,Junior YouTube Channel Manager (m/f/d) - Full time
95,https://www.arbeitnow.com/jobs/companies/hey-contact-heroes-gmbh/eu-freelancer-inbound-customer-service-fur-ein-prepaidprojekt-100-homeoffice-hamburg-78489,EU Freelancer (m/w/d) - Inbound Customer Service für ein Prepaidprojekt - 100% Homeoffice
95,https://www.arbeitnow.com/jobs/companies/1komma50/go-to-market-working-student-berlin-106285,Go-to-Market Working Student (m/f/d)
95,https://www.arbeitnow.com/jobs/companies/jsr/steuerfachangestellte-r-berlin-224410,Steuerfachangestellte/r (m/w/d)
96,https://www.arbeitnow.com/jobs/companies/manzke-gruppe/personalreferent-mit-schwerpunkt-recruiting-vastorf-410785,Personalreferent mit Schwerpunkt Recruiting (m/w/d)
96,https://www.arbeitnow.com/jobs/companies/1komma50/seo-geo-lead-berlin-4598,Head of SEO / GEO (m/w/d)
96,https://www.arbeitnow.com/jobs/companies/tech-recruitingde/ai-transformation-lead-80-remote-hamburg-koln-frankfurt-oder-munchen-bielefeld-351979,"AI Transformation Lead (m/w/d) - 80% Remote - Hamburg, Köln, Frankfurt oder München"
96,https://www.arbeitnow.com/jobs/companies/stabl-energy/head-of-finance-munich-296467,Head of Finance (m/f/d)
96,https://www.arbeitnow.com/jobs/companies/beilmann-marketing-gmbh/werkstudentin-media-produktion-set-assistant-frankfurt-am-main-119911,Werkstudent:in Media Produktion & Set Assistant (m/w/d)
96,https://www.arbeitnow.com/jobs/companies/fcf-fox-corporate-finance-gmbh/werkstudent-fur-research-tatigkeiten-datenbankpflege-munich-341303,Werkstudent für Research Tätigkeiten & Datenbankpflege (m/w/d)
96,https://www.arbeitnow.com/jobs/companies/xolo-gmbh/chemielaborant-berlin-265227,Chemielaborant (w/m/d)
96,https://www.arbeitnow.com/jobs/companies/saxenhammer/ma-intern-munchen-munich-231967,M&A Intern (m/w/d) München
96,https://www.arbeitnow.com/jobs/companies/archive-gmbh/founders-associate-internship-or-working-student-munich-181655,Founder's Associate - Internship or Working Student (m/w/d)
96,https://www.arbeitnow.com/jobs/companies/markische-kiste-gmbh/mitarbeiterin-im-marketing-35-40-wochenstunden-unbefristet-berlin-70569,Mitarbeiter:in im Marketing - (35-40 Wochenstunden/unbefristet)
96,https://www.arbeitnow.com/jobs/companies/alitiq-forecasting-gmbh/data-scientist-fur-zeitreihen-vorhersagen-dinkelscherben-216569,Data Scientist (w/m/d) für Zeitreihen-Vorhersagen
96,https://www.arbeitnow.com/jobs/companies/mietplan-gmbh-haus-und-mietverwaltungen/buchhalter-und-oder-immobilienkaufmann-dresden-177578,Buchhalter und/oder Immobilienkaufmann m/w/d
96,https://www.arbeitnow.com/jobs/companies/hendric-jabs-it-solutions/cloud-engineer-mulheim-350237,Cloud Engineer (m/w/d)
96,https://www.arbeitnow.com/jobs/companies/salelab-gmbh/praktikum-produktentwicklung-weingarten-146344,Praktikum Produktentwicklung (m/w/d)
96,https://www.arbeitnow.com/jobs/companies/horn-glass-industries-ag/projektleiter-plossberg-448871,Projektleiter (m/w/d)
96,https://www.arbeitnow.com/jobs/companies/luiz-krogemann/vermogensberater-finanzcoach-selbststandig-leipzig-97153,Vermögensberater / Finanzcoach (m/w/d) | Selbstständig
96,https://www.arbeitnow.com/jobs/companies/ruby-gmbh/werkstudent-reservations-munich-44410,Werkstudent Reservations (m/w/d)
96,https://www.arbeitnow.com/jobs/companies/kugu-home-gmbh/working-student-energy-management-berlin-27617,Working Student Energy Management (m/f/d)
96,https://www.arbeitnow.com/jobs/companies/wuraventa-passion-for-talent/it-netzwerkadministratorin-kempten-21795,IT-Netzwerkadministrator:in (m/w/d)
96,https://www.arbeitnow.com/jobs/companies/tuv-trust-it-unternehmensgruppe-tuv-austria/werkstudentin-n-informationssicherheit-standort-dresden-263898,"Werkstudent*in (m/w/gn*) Informationssicherheit, Standort Dresden"
96,https://www.arbeitnow.com/jobs/companies/hallo-welt-gmbh/senior-full-stack-regensburg-266155,Senior Full Stack (m/w/d)
96,https://www.arbeitnow.com/jobs/companies/cloudiax-ag/information-security-compliance-iks-manager-iso-27001-teilzeit-gudow-125029,"Information Security, Compliance & IKS Manager (m/w/d) - ISO 27001 - Teilzeit"
96,https://www.arbeitnow.com/jobs/companies/kse-gmbh/erp-programmierer-kosching-388662,ERP-Programmierer (m/w/d)
96,https://www.arbeitnow.com/jobs/companies/ray-sono-gmbh/software-engineer-all-genders-munich-369809,Software Engineer (all genders)
96,https://www.arbeitnow.com/jobs/companies/bee-seen-agency/video-editor-cutter-fur-instagram-podcast-cologne-235310,Video Editor / Cutter für Instagram & Podcast (m/w/d)
96,https://www.arbeitnow.com/jobs/companies/ifurel-emsr-technik-gmbh-co-kg/werkstudent-recruiting-und-employer-branding-herne-2004,Werkstudent Recruiting und Employer Branding (m/w/d)
96,https://www.arbeitnow.com/jobs/companies/liganova-gmbh/junior-project-manager-all-genders-retail-kampagnen-berlin-251468,Junior Project Manager (all genders) - Retail Kampagnen
96,https://www.arbeitnow.com/jobs/companies/plus10/applikationsingenieur-kunststoffprozesse-stuttgart-265310,Applikationsingenieur (m/w/d) - Kunststoffprozesse
96,https://www.arbeitnow.com/jobs/companies/vivid/werkstudent-e-mail-marketing-design-frankfurt-am-main-235870,Werkstudent E-Mail Marketing Design (m/w/d)
96,https://www.arbeitnow.com/jobs/companies/mone-consulting-gmbh-pflegekraftde/wirtschaftsinformatiker-in-bielefeld-413533,Wirtschaftsinformatiker/in (m/w/d)
96,https://www.arbeitnow.com/jobs/companies/vertigis-gmbh/sales-manager-enterprise-softwarevertrieb-rfp-facility-management-berlin-300791,Sales Manager (m/w/d) – Enterprise Softwarevertrieb & RFP (Facility Management)
96,https://www.arbeitnow.com/jobs/companies/intersnack-group-gmbh-co-kg/senior-business-transformation-advisor-planning-materials-management-dusseldorf-32337,Senior Business Transformation Advisor - Planning & Materials Management
96,https://www.arbeitnow.com/jobs/companies/goldkind-art-direction/grafikdesignerin-digital-print-in-teilzeit-50-75-lindau-324182,Grafikdesigner:in Digital & Print in Teilzeit 50-75% (m/w/d)
96,https://www.arbeitnow.com/jobs/companies/sonotec-gmbh/product-owner-halle-saale-241868,Product Owner (m/w/d)
96,https://www.arbeitnow.com/jobs/companies/ark-software-gmbh/senior-full-stack-engineer-all-genders-berlin-279157,(Senior) Full-Stack Engineer (all genders)
96,https://www.arbeitnow.com/jobs/companies/simpson-strong-tie-gmbh/regional-marketing-manager-bad-nauheim-342628,Regional Marketing Manager (m/w/d)
96,https://www.arbeitnow.com/jobs/companies/paj-ug-haftungsbeschrankt/senior-social-media-manager-windeck-399091,Senior Social Media Manager
96,https://www.arbeitnow.com/jobs/companies/maluu/social-media-marketing-manager-digital-marketing-manager-otterstadt-289403,Social Media Marketing Manager / Digital Marketing Manager (w/m/d)
96,https://www.arbeitnow.com/jobs/companies/handlerbund-management-ag/senior-fullstack-entwickler-php-laravel-remote-4-tage-woche-leipzig-121442,"Senior Fullstack Entwickler PHP/Laravel (m/w/d) - Remote, 4-Tage-Woche"
96,https://www.arbeitnow.com/jobs/companies/aramaz-digital/talent-acquisition-manager-bielefeld-369250,Talent Acquisition Manager (m/w/d)
96,https://www.arbeitnow.com/jobs/companies/bonial-international-gmbh/web-growth-manager-seo-geo-berlin-96648,Web Growth Manager – SEO & GEO (w/m/d)
96,https://www.arbeitnow.com/jobs/companies/solreco-gmbh/senior-consultant-sap-real-estate-langen-32274,🚀Senior Consultant SAP Real Estate (m/w/d)
96,https://www.arbeitnow.com/jobs/companies/swiss-life-select/senior-sales-consultant-vollzeit-german-speaking-eschbach-460269,Senior Sales Consultant - Vollzeit (German Speaking)
96,https://www.arbeitnow.com/jobs/companies/vub-gmbh/customer-support-manager-cologne-251415,Customer Support Manager (m/w/d)
96,https://www.arbeitnow.com/jobs/companies/bohnzirlewagen/senior-consultant-projektsteuerung-bauherrenvertretung-dusseldorf-401826,Senior Consultant - Projektsteuerung & Bauherrenvertretung (w/m/d)
96,https://www.arbeitnow.com/jobs/companies/goldkind-art-direction/werkstudentin-design-social-media-assistenz-lindau-204199,Werkstudent:in Design & Social Media Assistenz (m/w/d)
96,https://www.arbeitnow.com/jobs/companies/noms-gmbh/marketing-managerin-crm-hannover-498055,Tierliebe(r) Marketing Manager*in CRM
96,https://www.arbeitnow.com/jobs/companies/ark-software-gmbh/senior-full-stack-engineer-all-genders-munich-190658,(Senior) Full-Stack Engineer (all genders)
96,https://www.arbeitnow.com/jobs/companies/visionm-gmbh/spezialist-entgeltabrechnung-hr-administration-herten-488622,Spezialist Entgeltabrechnung & HR Administration (m/w/d)
96,https://www.arbeitnow.com/jobs/companies/visionm-gmbh/spezialist-entgeltabrechnung-hr-administration-darmstadt-39031,Spezialist Entgeltabrechnung & HR Administration (m/w/d)
97,https://www.arbeitnow.com/jobs/companies/distribusion-technologies/remote-product-solution-architect-connectivity-solutions-all-genders-berlin-209377,"Product Solution Architect, Connectivity Solutions (all genders)"
97,https://www.arbeitnow.com/jobs/companies/visionm-gmbh/hr-business-partner-darmstadt-77974,HR Business Partner (m/w/d)
97,https://www.arbeitnow.com/jobs/companies/zuna/telefonberater-spirituelle-und-esoterische-beratung-geesthacht-456798,Telefonberater (m/w/d) spirituelle und esoterische Beratung
97,https://www.arbeitnow.com/jobs/companies/templed-gmbh/senior-ki-experte-ai-automation-ab-sofort-vollzeit-kiefersfelden-206085,Senior KI-Experte / AI & Automation (m/w/d) | Ab sofort | Vollzeit
97,https://www.arbeitnow.com/jobs/companies/distribusion-technologies/product-solution-architect-connectivity-solutions-all-genders-berlin-2657,"Product Solution Architect, Connectivity Solutions (all genders)"
97,https://www.arbeitnow.com/jobs/companies/crevel-europe-gmbh/trade-marketing-brand-activation-specialist-hilden-238014,Trade Marketing & Brand Activation Specialist (m/w/d)
97,https://www.arbeitnow.com/jobs/companies/crevel-europe-gmbh/senior-key-account-business-development-manager-hilden-262495,Senior Key Account & Business Development Manager (m/w/d)
97,https://www.arbeitnow.com/jobs/companies/expectleads-gmbh/leitung-bewerbertelefonie-nuremberg-192524,Leitung Bewerbertelefonie (m/w/d)
97,https://www.arbeitnow.com/jobs/companies/ingenieurburo-fokus-versorgung-gmbh/planungsingenieurin-wassernetze-neustadt-am-rubenberge-297107,Planungsingenieur:in Wassernetze
97,https://www.arbeitnow.com/jobs/companies/instagrid/working-student-procurement-ludwigsburg-244211,Working Student - Procurement (f/m/d)
97,https://www.arbeitnow.com/jobs/companies/recare-deutschland-gmbh/remote-senior-backend-engineer-go-berlin-391760,Senior Backend Engineer (Go) (m/w/d)
97,https://www.arbeitnow.com/jobs/companies/trusted-shops-se-de/principal-analytics-engineer-berlin-225855,Principal Analytics Engineer (f/m/d)
97,https://www.arbeitnow.com/jobs/companies/trusted-shops-se-de/remote-senior-product-performance-analyst-cologne-163841,Senior Product Performance Analyst (m/f/d)
97,https://www.arbeitnow.com/jobs/companies/ppro/product-manager-local-payments-portuguese-spanish-berlin-292806,Product Manager - Local Payments (Portuguese + Spanish)
97,https://www.arbeitnow.com/jobs/companies/the-bellezza-group/senior-sous-chefin-hamburg-10392,Senior Sous Chef:in (m/w/d)
97,https://www.arbeitnow.com/jobs/companies/battlekart-halle-leipzig-gmbh/marketing-social-media-manager-battlekart-halle-leipzig-halle-saale-38125,Marketing & Social Media Manager (m/w/d) BattleKart Halle-Leipzig · Halle (Saale)
97,https://www.arbeitnow.com/jobs/companies/angi/associate-paid-social-berlin-414277,"Associate, Paid Social"
97,https://www.arbeitnow.com/jobs/companies/breathment/senior-backend-engineer-python-remote-munich-2605,Senior Backend Engineer (Python) - Remote
97,https://www.arbeitnow.com/jobs/companies/almetra/head-of-marketing-munich-119980,Head of Marketing
97,https://www.arbeitnow.com/jobs/companies/tecosim-gmbh/qualitatssicherungsingenieur-all-genders-lampoldshausen-313235,Qualitätssicherungsingenieur (all genders)
97,https://www.arbeitnow.com/jobs/companies/aim/remote-dealer-account-manager-409116,Dealer Account Manager
97,https://www.arbeitnow.com/jobs/companies/westernacher/senior-sap-ewm-berater-heidelberg-germany-400697,Senior SAP EWM Berater (w/m/d)
97,https://www.arbeitnow.com/jobs/companies/westernacher/senior-berater-sap-analytics-heidelberg-germany-234079,Senior Berater SAP Analytics (w/m/d)
97,https://www.arbeitnow.com/jobs/companies/brainbook-brain-media-gmbh/influencer-marketing-creator-manager-all-genders-100-home-office-frankfurt-am-main-235172,"Influencer Marketing & Creator Manager (all genders), 100 % Remote"
97,https://www.arbeitnow.com/jobs/companies/kepler/director-of-sales-europe-germany-366507,Director of Sales - Europe
97,https://www.arbeitnow.com/jobs/companies/ilf-consulting-engineers-germany-gmbh/werkstudent-bauuberwachung-essen-19356,Werkstudent Bauüberwachung (m/w/d)
97,https://www.arbeitnow.com/jobs/companies/holzland-becker/product-designer-ecommerce-offenbach-am-main-361859,Product Designer (w/m/d) eCommerce
97,https://www.arbeitnow.com/jobs/companies/superhuman/corporate-security-engineer-berlin-149078,Corporate Security Engineer
97,https://www.arbeitnow.com/jobs/companies/techbiz-global-gmbh/founding-backend-engineergo-berlin-147504,Founding Backend Engineer(Go)
97,https://www.arbeitnow.com/jobs/companies/techbiz-global-gmbh/founding-engineering-team-lead-handson-berlin-428948,Founding Engineering Team Lead (HandsOn)
97,https://www.arbeitnow.com/jobs/companies/techbiz-global-gmbh/account-executive-berlin-312542,Account Executive
97,https://www.arbeitnow.com/jobs/companies/arsipa-gmbh/freelance-senior-product-manager-product-consultant-abrechnung-erp-remote-berlin-489009,Freelance Senior Product Manager / Product Consultant (w/m/d) – Abrechnung & ERP | Remote
97,https://www.arbeitnow.com/jobs/companies/openai/manager-applied-ai-engineering-codex-munich-313351,"Manager, Applied AI Engineering (Codex)"
97,https://www.arbeitnow.com/jobs/companies/black-semiconductor-gmbh/senior-director-it-aachen-333750,Senior Director IT (f/m/d)
97,https://www.arbeitnow.com/jobs/companies/illumio/remote-sr-customer-success-advisor-360352,Sr. Customer Success Advisor
97,https://www.arbeitnow.com/jobs/companies/illumio/remote-enterprise-account-executive-125401,Enterprise Account Executive
97,https://www.arbeitnow.com/jobs/companies/startsteps-digital-education-gmbh/business-development-manager-healthcare-partnerships-berlin-172237,Business Development Manager Healthcare Partnerships (m/w/d)
97,https://www.arbeitnow.com/jobs/companies/gamigo/remote-senior-fullstack-engineer-node-react-all-genders-germany-250238,(Senior) Fullstack Engineer - Node / React (all genders)
97,https://www.arbeitnow.com/jobs/companies/quantum-systems-gmbh/senior-industrialisation-engineer-eft-mobility-ag-munich-381176,Senior Industrialisation Engineer (m/f/d) - EFT Mobility AG
97,https://www.arbeitnow.com/jobs/companies/quantum-systems-gmbh/senior-electronics-design-engineer-munich-405199,Senior Electronics Design Engineer (m/f/d)
97,https://www.arbeitnow.com/jobs/companies/quantum-systems-gmbh/working-student-full-stack-software-development-gilching-131219,Working Student Full-Stack Software Development (m/f/d)
97,https://www.arbeitnow.com/jobs/companies/omilia-natural-language-solutions-ua-ltd/remote-senior-revenue-accountant-germany-10691,Senior Revenue Accountant
97,https://www.arbeitnow.com/jobs/companies/omilia-natural-language-solutions-ua-ltd/remote-senior-expense-accountant-germany-389027,Senior Expense Accountant
97,https://www.arbeitnow.com/jobs/companies/intetics-2/remote-senior-ml-engineer-germany-3-month-project-282468,Senior ML Engineer | Germany (3 Month project)
97,https://www.arbeitnow.com/jobs/companies/fe-fundinfo/remote-product-designer-1-year-ftc-germany-253732,Product Designer (1-year FTC)
97,https://www.arbeitnow.com/jobs/companies/worldwide-placement-limited/full-stack-engineer-berlin-226964,Full Stack Engineer
97,https://www.arbeitnow.com/jobs/companies/nexgate-it-gmbh/freelance-software-data-ai-engineer-development-data-ai-bad-homburg-260868,Freelance Software / Data / AI Engineer (m/w/d) - Development | Data | AI
97,https://www.arbeitnow.com/jobs/companies/nexgate-it-gmbh/freelance-cloud-infrastructure-engineer-devops-platform-security-bad-homburg-447986,Freelance Cloud / Infrastructure Engineer (m/w/d) - DevOps | Platform | Security
97,https://www.arbeitnow.com/jobs/companies/limehome/senior-manager-tax-fokus-umsatzsteuer-munchen-272076,(Senior) Manager Tax – Fokus Umsatzsteuer (m/f/d)
97,https://www.arbeitnow.com/jobs/companies/wimex-gruppe/remote-mitarbeiter-vertrieb-landwirtschaftliche-software-fur-mehrere-regionen-in-deutschland-munchen-464120,Mitarbeiter Vertrieb (m/w/d) landwirtschaftliche Software für mehrere Regionen in Deutschland
98,https://www.arbeitnow.com/jobs/companies/wimex-gruppe/vorarbeiter-teamleiter-produktion-osternienburger-land-94600,Vorarbeiter / Teamleiter (m/w/d) Produktion
98,https://www.arbeitnow.com/jobs/companies/samuel-waigner/online-marketing-manager-im-performance-marketing-projektmanagement-hagen-239333,Online Marketing Manager (m/w/d) im Performance Marketing & Projektmanagement
98,https://www.arbeitnow.com/jobs/companies/idealo-internet-gmbh/machine-learning-ops-engineer-personalization-mwd-berlin-48646,Machine Learning Ops Engineer - Personalization (m|w|d)
98,https://www.arbeitnow.com/jobs/companies/avomind/remote-german-speaking-senior-accountant-germany-24124,German Speaking Senior Accountant
98,https://www.arbeitnow.com/jobs/companies/lovehoney-group/pim-data-cleansing-administrator-1-year-fixed-term-berlin-451970,PIM Data Cleansing Administrator (1 year fixed-term)
98,https://www.arbeitnow.com/jobs/companies/luminovo-gmbh/account-executive-ae-dach-berlin-268038,Account Executive (AE) | DACH (d/f/m)
98,https://www.arbeitnow.com/jobs/companies/amboss/workday-financial-systems-architect-berlin-454392,Workday Financial Systems Architect
98,https://www.arbeitnow.com/jobs/companies/jellyfish/senior-integrated-producer-berlin-108438,Senior Integrated Producer
98,https://www.arbeitnow.com/jobs/companies/jellyfish/senior-creative-strategy-content-manager-berlin-256076,Senior Creative Strategy & Content Manager
98,https://www.arbeitnow.com/jobs/companies/peec-ai/visiting-founders-associate-engineering-berlin-479717,Visiting Founders Associate (Engineering)
98,https://www.arbeitnow.com/jobs/companies/focused/technical-lead-laser-amplification-darmstadt-101051,"Technical Lead, Laser Amplification (f/m/d)"
98,https://www.arbeitnow.com/jobs/companies/atlanticvc/director-of-people-gn-at-deeptech-scale-up-berlin-or-dresden-473490,"Director of People (gn) @ DeepTech Scale-Up, Berlin or Dresden"
98,https://www.arbeitnow.com/jobs/companies/supreme-sports-hospitality-gmbh/griller-im-stadionkiosk-all-genders-frankfurt-am-main-219030,Griller im Stadionkiosk (all genders)
98,https://www.arbeitnow.com/jobs/companies/supreme-sports-hospitality-gmbh/zapfer-im-stadionkiosk-all-genders-frankfurt-am-main-427075,Zapfer im Stadionkiosk (all genders)
98,https://www.arbeitnow.com/jobs/companies/supreme-sports-hospitality-gmbh/kioskleitung-all-genders-frankfurt-am-main-215210,Kioskleitung (all genders)
98,https://www.arbeitnow.com/jobs/companies/mycoachz-gmbh/fuhrungskraftecoach-freiberuflich-online-coaching-per-video-100-flexibel-oberhausen-446840,"Führungskräftecoach (m/w/d) freiberuflich, Online Coaching per Video | 100 % flexibel"
98,https://www.arbeitnow.com/jobs/companies/montu-uk/key-account-manager-schaperstrasse-18-53568,Key Account Manager
98,https://www.arbeitnow.com/jobs/companies/statista/junior-office-manager-hamburg-36385,Junior Office Manager (m/f/d)
98,https://www.arbeitnow.com/jobs/companies/statista/analyst-education-hamburg-32024,Analyst - Education (m/f/d)
98,https://www.arbeitnow.com/jobs/companies/telli/internship-workplace-and-people-operations-berlin-265857,Internship - Workplace and People Operations
98,https://www.arbeitnow.com/jobs/companies/telli/sr-account-executive-enterprise-berlin-144220,Sr. Account Executive - Enterprise
98,https://www.arbeitnow.com/jobs/companies/telli/account-executive-enterprise-berlin-469640,Account Executive - Enterprise
98,https://www.arbeitnow.com/jobs/companies/wemolo/account-executive-all-genders-munchen-145985,Account Executive (all genders)
98,https://www.arbeitnow.com/jobs/companies/encontec-gmbh/embedded-software-entwickler-regelungstechnik-oberkochen-207196,Embedded Software-Entwickler (m/w/d) Regelungstechnik
98,https://www.arbeitnow.com/jobs/companies/yepoda/logistics-manager-berlin-30808,Logistics Manager (m/f/d)
98,https://www.arbeitnow.com/jobs/companies/yepoda/senior-product-owner-data-analytics-berlin-349254,Senior Product Owner - Data & Analytics (m/f/d)
98,https://www.arbeitnow.com/jobs/companies/yepoda/pr-manager-berlin-98388,PR Manager (m/f/d)
98,https://www.arbeitnow.com/jobs/companies/yepoda/influencer-marketing-manager-deutschsprachig-berlin-457988,Influencer Marketing Manager (m/w/d) | Deutschsprachig
98,https://www.arbeitnow.com/jobs/companies/voize/customer-support-manager-berlin-12439,Customer Support Manager (m/f/d)
98,https://www.arbeitnow.com/jobs/companies/praxipal/performance-marketing-manager-berlin-497501,Performance Marketing Manager (m/w/d)
98,https://www.arbeitnow.com/jobs/companies/praxipal/sales-development-representative-berlin-332649,Sales Development Representative (m/f/d)
98,https://www.arbeitnow.com/jobs/companies/praxipal/founding-sales-development-representative-berlin-194883,Founding Sales Development Representative (m/w/d)
98,https://www.arbeitnow.com/jobs/companies/praxipal/senior-software-engineer-data-integration-focus-remote-416977,(Senior) Software Engineer - Data Integration Focus - Remote (m/f/d)
98,https://www.arbeitnow.com/jobs/companies/proxima-fusion-gmbh/microwave-design-engineer-munich-260899,Microwave Design Engineer
98,https://www.arbeitnow.com/jobs/companies/roadsurfer/regional-fleet-manager-north-east-berlin-407488,Regional Fleet Manager (m/f/d) - North-East
98,https://www.arbeitnow.com/jobs/companies/roadsurfer/kundenservice-dormagen-104875,Kundenservice (m/w/d)
98,https://www.arbeitnow.com/jobs/companies/mapbox/senior-ai-engineer-location-ai-mapbox-germany-1055,"Senior AI Engineer, Location AI"
98,https://www.arbeitnow.com/jobs/companies/sardine/remote-senior-sales-engineer-mena-179937,Senior Sales Engineer - MENA
98,https://www.arbeitnow.com/jobs/companies/the-exploration-company/senior-embedded-software-engineer-munich-67547,Senior Embedded Software Engineer
98,https://www.arbeitnow.com/jobs/companies/the-exploration-company/fluid-systems-development-engineer-munich-439152,Fluid Systems Development Engineer
98,https://www.arbeitnow.com/jobs/companies/the-exploration-company/spacecraft-thermal-engineer-munich-11377,Spacecraft Thermal Engineer
98,https://www.arbeitnow.com/jobs/companies/the-exploration-company/propulsion-functional-engineer-munich-348600,Propulsion Functional Engineer
98,https://www.arbeitnow.com/jobs/companies/the-exploration-company/internship-radiation-testing-of-electronic-components-and-test-automation-munich-472060,Internship - Radiation Testing of Electronic Components and Test Automation
98,https://www.arbeitnow.com/jobs/companies/the-exploration-company/flight-software-engineer-munich-339700,Flight Software Engineer
98,https://www.arbeitnow.com/jobs/companies/comand-ai/business-strategist-dach-munich-382799,Business Strategist - DACH
98,https://www.arbeitnow.com/jobs/companies/enpal/praktikantin-fur-integration-und-deutschsprachlehre-berlin-203850,Praktikant:in (w/m/d) - für Integration und Deutschsprachlehre
98,https://www.arbeitnow.com/jobs/companies/bowatt/founding-product-manager-german-speaking-munich-113836,Founding Product Manager (German-speaking)
98,https://www.arbeitnow.com/jobs/companies/bowatt/founding-customer-success-manager-german-speaking-munich-272794,Founding Customer Success Manager (German-speaking)
98,https://www.arbeitnow.com/jobs/companies/passionfroot/creator-acquisition-manager-berlin-397198,Creator Acquisition Manager
98,https://www.arbeitnow.com/jobs/companies/kertos/partnerships-manager-channel-sales-all-genders-munich-240310,Partnerships Manager - Channel Sales (all genders)
99,https://www.arbeitnow.com/jobs/companies/hirehire/remote-ux-ui-designer-intch-383599,UX/UI Designer | Intch
99,https://www.arbeitnow.com/jobs/companies/meluya-gmbh/influencer-marketing-manager-vollzeit-100-remote-dusseldorf-165611,"Influencer Marketing Manager (m/w/d), Vollzeit, 100% Remote"
99,https://www.arbeitnow.com/jobs/companies/angi/senior-product-manager-data-infrastructure-berlin-47693,"Senior Product Manager, Data Infrastructure"
99,https://www.arbeitnow.com/jobs/companies/hv/investment-intern-growth-stage-berlin-83162,Investment Intern - Growth Stage
99,https://www.arbeitnow.com/jobs/companies/hv/investment-intern-early-stage-berlin-396819,Investment Intern – Early Stage
99,https://www.arbeitnow.com/jobs/companies/pergolux/founders-associate-intern-berlin-466510,Founder’s Associate Intern
99,https://www.arbeitnow.com/jobs/companies/mistralai/field-cto-dach-munich-476611,"Field CTO, DACH"
99,https://www.arbeitnow.com/jobs/companies/taledo-gmbh/senior-product-manager-core-engine-deutschlandweit-4435,Senior Product Manager - Core Engine (m/w/d)
99,https://www.arbeitnow.com/jobs/companies/taledo-gmbh/remote-senior-backend-engineer-core-engine-decision-intelligence-deutschlandweit-13391,Senior Backend Engineer - Core Engine / Decision Intelligence (m/w/d)
99,https://www.arbeitnow.com/jobs/companies/fioneer/senior-manager-group-accounting-ifrs-munich-55855,Senior Manager Group Accounting & IFRS (m/f/d)
99,https://www.arbeitnow.com/jobs/companies/1komma50/senior-go-to-market-scaling-manager-germany-berlin-307706,(Senior) Go-to-Market Scaling Manager - Germany (m/f/d)
99,https://www.arbeitnow.com/jobs/companies/teile-elektronik/webshop-and-customer-support-mitarbeiter-berlin-434144,Webshop and Customer Support Mitarbeiter (m/w/d)
99,https://www.arbeitnow.com/jobs/companies/handly/founding-ai-engineer-at-handly-20vc-backed-berlin-305633,Founding AI Engineer @handly - 20VC backed
99,https://www.arbeitnow.com/jobs/companies/parte-verwaltung-gmbh/weg-verwalter-berlin-301719,WEG-Verwalter (m/w/d)
99,https://www.arbeitnow.com/jobs/companies/angeheuert-gmbh/senior-accountant-erp-digitalisierung-dynamics-365-hildesheim-373866,Senior Accountant ERP & Digitalisierung (m/w/d) Dynamics 365
99,https://www.arbeitnow.com/jobs/companies/angeheuert-gmbh/senior-accountant-erp-digitalisierung-hannover-417320,Senior Accountant ERP & Digitalisierung (m/w/d)
99,https://www.arbeitnow.com/jobs/companies/angeheuert-gmbh/senior-accountant-erp-digitalisierung-dynamics-365-braunschweig-215382,Senior Accountant ERP & Digitalisierung (m/w/d) Dynamics 365
99,https://www.arbeitnow.com/jobs/companies/angeheuert-gmbh/senior-accountant-erp-digitalisierung-dynamics-365-bielefeld-466819,Senior Accountant ERP & Digitalisierung (m/w/d) Dynamics 365
99,https://www.arbeitnow.com/jobs/companies/gridscale-gmbh/site-reliability-engineer-koln-188740,Site Reliability Engineer (m/w/d)
99,https://www.arbeitnow.com/jobs/companies/angeheuert-gmbh-personalberatung/finance-erp-specialist-hannover-354043,Finance ERP Specialist (m/w/d)
99,https://www.arbeitnow.com/jobs/companies/fleetster/junior-customer-success-manager-munchen-munich-407954,Junior Customer Success Manager (m/w/d) | München
99,https://www.arbeitnow.com/jobs/companies/lightspeedhq/senior-frontend-developer-reactjs-all-genders-berlin-110719,Senior Frontend Developer - React.js (all genders)
99,https://www.arbeitnow.com/jobs/companies/rootglobal/senior-account-manager-nachhaltigkeit-berlin-211032,(Senior) Account Manager - Nachhaltigkeit
99,https://www.arbeitnow.com/jobs/companies/rootglobal/customer-success-manager-agriculture-berlin-309435,Customer Success Manager - Agriculture
99,https://www.arbeitnow.com/jobs/companies/right-search/it-administrator-business-solutions-logistics-maisach-496268,IT-Administrator Business Solutions & Logistics (w/m/d)
99,https://www.arbeitnow.com/jobs/companies/gridscale-gmbh/site-reliability-engineer-koln-180628,Site Reliability Engineer (m/w/d)
99,https://www.arbeitnow.com/jobs/companies/holzland-becker/senior-frontend-web-developer-offenbach-am-main-203920,(Senior) Frontend Web Developer (w/m/d)
99,https://www.arbeitnow.com/jobs/companies/4chain-consulting/teamleiter-einkauf-verpackung-logistik-technische-gase-etc-augsburg-423238,"Teamleiter Einkauf - Verpackung, Logistik, Technische Gase etc."
99,https://www.arbeitnow.com/jobs/companies/lovehoney-group/senior-growth-marketing-manager-berlin-323860,Senior Growth Marketing Manager
99,https://www.arbeitnow.com/jobs/companies/lovehoney-group/senior-growth-marketing-manager-berlin-127714,Senior Growth Marketing Manager
99,https://www.arbeitnow.com/jobs/companies/lovehoney-group/product-manager-app-digital-experience-berlin-291187,Product Manager App & Digital Experience
99,https://www.arbeitnow.com/jobs/companies/horbach-finanzplanung-fur-akademiker/trainee-financial-consulting-finanzberatung-mentoring-berlin-211547,Trainee Financial Consulting (m/w/d) - Finanzberatung & Mentoring
99,https://www.arbeitnow.com/jobs/companies/subvia-gmbh/chief-of-staff-subvia-gmbh-schleswig-holstein-brugge-292373,Chief of Staff (m/w/d) | Subvia GmbH | Schleswig-Holstein
99,https://www.arbeitnow.com/jobs/companies/kreuzfahrtberater-gmbh/manager-product-data-bi-hamburg-11026,Manager Product Data & BI (m/w/d)
99,https://www.arbeitnow.com/jobs/companies/noris-network-ag/senior-it-systems-engineer-linux-nuremberg-423883,Senior IT Systems Engineer (Linux) (w/m/d)
99,https://www.arbeitnow.com/jobs/companies/unseen-media-gmbh/pflichtpraktikum-social-media-marketing-mwd-berlin-203296,"Pflichtpraktikum Social Media Marketing (m,w,d)"
99,https://www.arbeitnow.com/jobs/companies/bvcom-bv-comoffice-gmbh/av-systemintegrator-regensburg-201238,Av-Systemintegrator (M/W/D)
99,https://www.arbeitnow.com/jobs/companies/atrya/intern-marketing-berlin-261844,Intern - Marketing
99,https://www.arbeitnow.com/jobs/companies/bvcom-bv-comoffice-gmbh/av-serivce-und-supporttechniker-regensburg-158369,Av-Serivce- Und Supporttechniker (M/W/D)
99,https://www.arbeitnow.com/jobs/companies/active-nutrition-international-gmbh/werkstudent-e-commerce-munich-484647,Werkstudent (m/w/d) E-Commerce
99,https://www.arbeitnow.com/jobs/companies/future-energy-ventures/tech-lead-fur-getaway-berlin-184762,Tech Lead (w/m/d) für GETAWAY
99,https://www.arbeitnow.com/jobs/companies/unseen-media-gmbh/freelance-video-editor-fur-d2c-ecom-brands-mwd-berlin-426183,"Freelance Video Editor für D2C Ecom Brands (m,w,d)"
99,https://www.arbeitnow.com/jobs/companies/wirdenkenlokal-gmbh/projektmanager-online-marketing-agentur-nuremberg-159027,Projektmanager (m/w/d) - Online-Marketing-Agentur
99,https://www.arbeitnow.com/jobs/companies/actimi-gmbh/senior-backend-engineer-stuttgart-256136,Senior Backend Engineer (m/f/d)
99,https://www.arbeitnow.com/jobs/companies/checkly/senior-product-engineer-devtools-ai-reliability-remote-berlin-432404,"Senior Product Engineer (DevTools & AI reliability, remote)"
99,https://www.arbeitnow.com/jobs/companies/ceezer/climate-asset-development-lead-berlin-184967,Climate Asset Development Lead (f/d/m)
99,https://www.arbeitnow.com/jobs/companies/kryptos-technologies-limited/sap-gts-consultant-german-speaking-eschborn-394301,SAP GTS Consultant ( German Speaking)
99,https://www.arbeitnow.com/jobs/companies/mediform-gmbh/werkstudentin-produkt-praxis-digitalisierung-karlsruhe-319386,Werkstudent*in (m/w/d) - Produkt & Praxis-Digitalisierung
99,https://www.arbeitnow.com/jobs/companies/wortmann-kg-internationale-schuhproduktionen/werkstudent-e-commerce-retail-operations-detmold-348184,Werkstudent E-Commerce & Retail Operations (m/w/d)
99,https://www.arbeitnow.com/jobs/companies/arsipa-gmbh/remote-freelance-senior-product-manager-abrechnung-erp-berlin-327587,Freelance Senior Product Manager (w/m/d) - Abrechnung & ERP
100,https://www.arbeitnow.com/jobs/companies/octopus-energy-group/senior-growth-marketing-manager-munchen-de-265327,Senior Growth Marketing Manager (m/w/d)
100,https://www.arbeitnow.com/jobs/companies/top-line-advisory/talent-acquisition-manager-at-ai-native-executive-search-berlin-146771,Talent Acquisition Manager @AI-Native Executive Search
100,https://www.arbeitnow.com/jobs/companies/annelie-grube/appiontment-setter-in-vollstandig-remote-bad-lauchstadt-152663,Chat Setter / Appiontment Setter / Remote Setter (m/w/d)
100,https://www.arbeitnow.com/jobs/companies/pertemps-erp/sap-gts-consultant-frankfurt-am-main-435922,SAP GTS Consultant
100,https://www.arbeitnow.com/jobs/companies/pertemps-erp/sap-berechtigungsmanager-dusseldorf-356908,SAP Berechtigungsmanager (m/w/d)
100,https://www.arbeitnow.com/jobs/companies/pertemps-erp/sap-hcm-successfactors-team-lead-frankfurt-am-main-329773,SAP HCM / SuccessFactors Team Lead
100,https://www.arbeitnow.com/jobs/companies/pertemps-erp/sap-ibp-consultant-frankfurt-am-main-378308,SAP IBP Consultant
100,https://www.arbeitnow.com/jobs/companies/pertemps-erp/sap-abap-developer-stuttgart-62337,SAP ABAP Developer
100,https://www.arbeitnow.com/jobs/companies/pertemps-erp/sap-re-fx-consultant-frankfurt-am-main-20349,SAP RE-FX Consultant
100,https://www.arbeitnow.com/jobs/companies/immocloud-gmbh/marketing-manager-newsletter-website-content-dusseldorf-115231,"Marketing Manager (m/w/d): Newsletter, Website & Content"
100,https://www.arbeitnow.com/jobs/companies/everii-group-gmbh/ui-ux-designer-untermstrich-hamburg-403191,UI / UX Designer untermStrich (m/w/d) - Hamburg
100,https://www.arbeitnow.com/jobs/companies/recime/ugc-creator-food-content-hamburg-80521,UGC Creator - Food Content
100,https://www.arbeitnow.com/jobs/companies/aroundhome/senior-product-manager-salesforce-internal-enablement-all-genders-berlin-333662,Senior Product Manager - Salesforce & Internal Enablement (all genders)
100,https://www.arbeitnow.com/jobs/companies/aroundhome/senior-product-manager-salesforce-internal-enablement-all-genders-berlin-468908,Senior Product Manager - Salesforce & Internal Enablement (all genders)
100,https://www.arbeitnow.com/jobs/companies/lintorfer-eisengiesserei-gmbh/personalreferent-in-teilzeit-20-stunden-woche-ratingen-115222,Personalreferent (m/w/d) in Teilzeit (20 Stunden/Woche)
100,https://www.arbeitnow.com/jobs/companies/praxiseins/medizinische-fachangestellte-geesthacht-336402,Medizinische Fachangestellte (m/w/d)
100,https://www.arbeitnow.com/jobs/companies/superhuman/it-helpdesk-engineer-berlin-357903,IT Helpdesk Engineer
100,https://www.arbeitnow.com/jobs/companies/lio/talent-acquisition-intern-all-genders-munich-447709,Talent Acquisition Intern (all genders)
100,https://www.arbeitnow.com/jobs/companies/glow25/remote-senior-a-r-manager-e-commerce-meldewesen-all-genders-293405,Senior A/R Manager – E-Commerce & Meldewesen (all genders)
100,https://www.arbeitnow.com/jobs/companies/cosuno/senior-ai-product-engineer-berlin-51652,Senior AI Product Engineer
100,https://www.arbeitnow.com/jobs/companies/omegga/senior-technical-project-manager-munich-167943,(Senior) Technical Project Manager
100,https://www.arbeitnow.com/jobs/companies/ost-bau-osterburger-strassen-tief-und-hochbau-gmbh/duales-studium-bauingenieurwesen-tiefbau-ab-2027-oebisfelde-weferlingen-467822,Duales Studium Bauingenieurwesen Tiefbau ab 2027
100,https://www.arbeitnow.com/jobs/companies/michelscom-gmbh/it-systemadministrator-infrastruktur-oldenburg-462524,IT-Systemadministrator Infrastruktur (m/w/d)
100,https://www.arbeitnow.com/jobs/companies/tytan-technologies-gmbh/senior-solutions-architect-sales-engineer-munich-333544,Senior Solutions Architect / Sales Engineer (m/f/d)
100,https://www.arbeitnow.com/jobs/companies/emma-the-sleep-company/senior-backend-engineer-frankfurt-477176,Senior Backend Engineer
100,https://www.arbeitnow.com/jobs/companies/kreuzfahrtberater-gmbh/junior-marketing-operations-manager-hamburg-153493,(Junior) Marketing Operations Manager (m/w/d)
100,https://www.arbeitnow.com/jobs/companies/riege-software/content-creatorin-meerbusch-490672,Content Creator:in (m/w/d)
100,https://www.arbeitnow.com/jobs/companies/prostep-ag/werkstudent-auftragsbearbeitung-projektadministration-buchhaltung-darmstadt-209995,Werkstudent Auftragsbearbeitung / Projektadministration Buchhaltung (m/w/d)
100,https://www.arbeitnow.com/jobs/companies/angeheuert-gmbh/it-system-engineer-berlin-407199,IT System Engineer (m/w/d)
100,https://www.arbeitnow.com/jobs/companies/partspace-gmbh/senior-backend-entwickler-manufacturing-munich-489605,Senior Backend Entwickler (m/w/d) - Manufacturing
100,https://www.arbeitnow.com/jobs/companies/tiger-deutschland-gmbh/buchhalter-finanzwesen-cologne-182857,Buchhalter Finanzwesen (m/w/d)
100,https://www.arbeitnow.com/jobs/companies/emidat-gmbh/growth-engineer-intern-munich-478115,Growth Engineer (Intern)
100,https://www.arbeitnow.com/jobs/companies/specific-group-germany-gmbh/werkstudent-marketing-sales-landshut-21474,Werkstudent Marketing & Sales (m/w/d)
100,https://www.arbeitnow.com/jobs/companies/technica-engineering-gmbh/produktionsmitarbeiter-elektrotechnik-qualitatssicherung-garching-46642,Produktionsmitarbeiter Elektrotechnik/Qualitätssicherung (m/w/d)
100,https://www.arbeitnow.com/jobs/companies/wimex-gruppe/mitarbeiter-vertrieb-landwirtschaftliche-software-fur-mehrere-regionen-in-deutschland-munchen-58048,Mitarbeiter Vertrieb (m/w/d) landwirtschaftliche Software für mehrere Regionen in Deutschland
100,https://www.arbeitnow.com/jobs/companies/hypersonica/ground-software-engineer-munich-144963,Ground Software Engineer
100,https://www.arbeitnow.com/jobs/companies/hypersonica/senior-programme-associate-munich-or-berlin-19208,(Senior) Programme Associate
100,https://www.arbeitnow.com/jobs/companies/hypersonica/senior-manager-accounting-and-finance-operations-munich-18459,(Senior) Manager Accounting and Finance Operations
100,https://www.arbeitnow.com/jobs/companies/quantum-systems-gmbh/working-student-production-automation-gilching-220497,Working Student Production Automation (m/f/d)
100,https://www.arbeitnow.com/jobs/companies/trusted-shops-se-de/remote-director-sales-dach-cologne-113057,Director Sales DACH (f/m/d)
100,https://www.arbeitnow.com/jobs/companies/abrio-gmbh/senior-developer-frankfurt-454928,Senior Developer (m/w/d)
100,https://www.arbeitnow.com/jobs/companies/abrio-gmbh/junior-fullstack-developer-frankfurt-483282,Junior Fullstack Developer
100,https://www.arbeitnow.com/jobs/companies/cbs-corporate-business-solutions-gmbh/senior-communications-manager-heidelberg-376058,(Senior) Communications Manager (m/w/d)
100,https://www.arbeitnow.com/jobs/companies/domus-consult-wirtschaftsberatungsgesellschaft-mbh/mitarbeiter-leiter-wmd-interne-qualitatssicherung-wirtschaftsprufung-vollzeit-oder-teilzeit-dresden-144973,Mitarbeiter /Leiter (w|m|d) interne Qualitätssicherung Wirtschaftsprüfung – Vollzeit oder Teilzeit
100,https://www.arbeitnow.com/jobs/companies/wimex-gruppe/landwirt-feldbau-manager-teamleiter-pflanzenproduktion-im-gemuseanbau-kothen-anhalt-ot-arensdorf-241114,Landwirt / Feldbau Manager / Teamleiter Pflanzenproduktion (m/w/d) im Gemüseanbau
100,https://www.arbeitnow.com/jobs/companies/shopware-ag/remote-senior-content-marketing-manager-seo-geo-blog-schoppingen-276304,Senior Content Marketing Manager – SEO/GEO & Blog (m/w/d)
100,https://www.arbeitnow.com/jobs/companies/craftly/mandatory-internship-performance-marketing-and-social-media-berlin-408096,Mandatory internship performance marketing and social media
100,https://www.arbeitnow.com/jobs/companies/thebase-fol-group-gmbh/controller-unterstutzung-buchhaltung-all-genders-berlin-98557,Controller (m/w/d)
100,https://www.arbeitnow.com/jobs/companies/justdice/working-student-intern-marketing-hamburg-397388,Working Student/Intern - Marketing (f/m/d)
100,https://www.arbeitnow.com/jobs/companies/hyplus-technology-gmbh/senior-cloud-engineer-azure-ratingen-228816,Senior Cloud Engineer Azure (m/w/d)
