listing_page,url,listing_title
1,https://www.arbeitnow.com/jobs/companies/mone-consulting-gmbh-pflegekraftde/wirtschaftsinformatiker-in-bielefeld-272606,Wirtschaftsinformatiker/in (m/w/d)
1,https://www.arbeitnow.com/jobs/companies/merantix/product-engineer-backend-ai-at-briink-berlin-133558,Product Engineer (Backend/AI) @Briink
1,https://www.arbeitnow.com/jobs/companies/audi-business-innovation-gmbh/werkstudent-in-it-service-management-prozessmanagement-ki-munich-40546,"Werkstudent_in IT Service Management, Prozessmanagement & KI (m/w/d)"
1,https://www.arbeitnow.com/jobs/companies/finom/senior-backend-engineer-product-remote-germany-257761,Senior Backend Engineer - Product (Remote)
2,https://www.arbeitnow.com/jobs/companies/contabo/remote-senior-software-developer-platform-infrastructure-engineering-all-genders-374552,Senior Software Developer – Platform & Infrastructure Engineering (all genders)
2,https://www.arbeitnow.com/jobs/companies/internations/senior-backend-engineer-munich-437301,(Senior) Backend Engineer
2,https://www.arbeitnow.com/jobs/companies/gastro-beratungde/onboarding-managerin-system-experte-hamburg-informatik-wi-informatik-onboarding-und-support-digitaler-systeme-in-der-gastronomie-145065,Onboarding Manager*in / System-Experte - Hamburg (m/w/d) Informatik / WI-Informatik - Onboarding und Support digitaler Systeme in der Gastronomie - Teilzeit / Vollzeit
3,https://www.arbeitnow.com/jobs/companies/miro-personalvermittlung/senior-microsoft-system-spezialist-landsberg-am-lech-107924,Senior Microsoft Systemadministrator (m/w/d)
3,https://www.arbeitnow.com/jobs/companies/think-about-it-gmbh/mitarbeiter-operativer-einkauf-bochum-413875,Operativer Einkäufer (m/w/d) - IT-Hardware & Software
3,https://www.arbeitnow.com/jobs/companies/poke-wiggle/full-stack-engineer-munich-61608,Full-Stack Engineer - Munich
3,https://www.arbeitnow.com/jobs/companies/gn-gruppe/data-analyst-power-bi-langenfeld-487283,Data Analyst (m/w/d) Power BI
3,https://www.arbeitnow.com/jobs/companies/gridscale-gmbh/site-reliability-engineer-cloudstore-koln-123968,Site Reliability Engineer -Cloudstore (m/f/d)
3,https://www.arbeitnow.com/jobs/companies/gridscale-gmbh/site-reliability-engineer-cloudstore-koln-103819,Site Reliability Engineer -Cloudstore (m/f/d)
3,https://www.arbeitnow.com/jobs/companies/tytan-technologies-gmbh/senior-backend-engineer-munich-435745,Senior Backend Engineer (m/f/d)
3,https://www.arbeitnow.com/jobs/companies/tytan-technologies-gmbh/full-stack-engineer-munich-53732,Full-stack Engineer (f/m/d)
3,https://www.arbeitnow.com/jobs/companies/lamm-hr-gmbh/fachinformatiker-systemintegration-zell-389657,Fachinformatiker Systemintegration (m/w/d)
3,https://www.arbeitnow.com/jobs/companies/lamm-hr-gmbh/sps-programmierer-twincat-3-mannheim-304085,SPS-Programmierer (m/w/d) Twincat-3
3,https://www.arbeitnow.com/jobs/companies/ginmon-gmbh/working-student-software-engineering-frankfurt-am-main-498877,Working Student Software Engineering (m/f/d)
3,https://www.arbeitnow.com/jobs/companies/data-nation-gmbh/junior-software-engineer-ki-gestutzte-entwicklung-hamburg-316522,Junior Software Engineer (m/w/d) — KI-gestützte Entwicklung
3,https://www.arbeitnow.com/jobs/companies/concept-e/werksstudentenstelle-im-bereich-prozessautomatisierung-softwareentwicklung-15-20h-woche-cologne-498868,Werksstudentenstelle im Bereich Prozessautomatisierung & Softwareentwicklung 15-20h/Woche
3,https://www.arbeitnow.com/jobs/companies/k-tronik-gmbh/senior-software-engineer-c-c-fur-verteilte-systeme-munich-14492,Senior Software Engineer C++/C# für verteilte Systeme (m/w/x)
4,https://www.arbeitnow.com/jobs/companies/asp-group/data-engineer-berlin-123002,Data Engineer
4,https://www.arbeitnow.com/jobs/companies/tecfox-gmbh/frontend-softwareentwickler-braunschweig-275925,Frontend Softwareentwickler (m/w/d)
4,https://www.arbeitnow.com/jobs/companies/tecfox-gmbh/fullstack-softwareentwickler-braunschweig-59326,Fullstack Softwareentwickler (m/w/d)
4,https://www.arbeitnow.com/jobs/companies/grid-esports-gmbh/senior-data-scientist-real-time-esports-predictions-berlin-136377,Senior Data Scientist - Real-Time Esports Predictions (m/f/x)
4,https://www.arbeitnow.com/jobs/companies/allane-se/teamleiter-it-finance-risk-munchen-250333,Teamleiter IT Finance & Risk (m/w/d)
4,https://www.arbeitnow.com/jobs/companies/apex-ai/it-administrator-senior-it-administrator-munich-4279,IT Administrator / (Senior) IT Administrator
4,https://www.arbeitnow.com/jobs/companies/4mis-gmbh/entwicklerin-hurth-175002,Entwickler:in
4,https://www.arbeitnow.com/jobs/companies/trigon-gruppe-gmbh/it-systemadministrator-fachinformatiker-systemintegration-on-site-berlin-52695,IT-Systemadministrator / Fachinformatiker Systemintegration (m/w/d) On-Site
4,https://www.arbeitnow.com/jobs/companies/empitee/it-onsite-support-techniker-frankfurt-am-main-113096,IT-Onsite Support Techniker (m/w/d)
4,https://www.arbeitnow.com/jobs/companies/pertemps-erp/sap-is-u-consultant-developer-leverkusen-449835,SAP IS-U Consultant/Developer
5,https://www.arbeitnow.com/jobs/companies/pertemps-erp/sap-abap-developer-stuttgart-36711,SAP ABAP Developer
5,https://www.arbeitnow.com/jobs/companies/glsnxt/senior-backend-engineer-berlin-169824,Senior Backend Engineer
5,https://www.arbeitnow.com/jobs/companies/cpu-consulting-software-gmbh/platform-engineer-karlsruhe-42218,Platform Engineer (m/w/d)
5,https://www.arbeitnow.com/jobs/companies/isento-gmbh/software-developer-fokus-secure-software-development-nuremberg-169612,Software Developer - Fokus Secure Software Development (m/w/d)
5,https://www.arbeitnow.com/jobs/companies/narravero-gmbh/android-entwickler-mit-schwerpunkt-ki-gestutzte-entwicklung-munster-210798,Android-Entwickler (m/w/d) mit Schwerpunkt KI-gestützte Entwicklung
5,https://www.arbeitnow.com/jobs/companies/wuraventa-passion-for-talent/software-engineer-java-kempten-163486,Software Engineer Java (m/w/d)
5,https://www.arbeitnow.com/jobs/companies/weissenberg-group-gmbh/senior-backend-developer-ai-driven-development-wolfsburg-413190,Senior Backend Developer (m/w/d) – AI-Driven Development
5,https://www.arbeitnow.com/jobs/companies/andercore/backend-engineer-fintech-berlin-304555,Backend Engineer - FinTech
5,https://www.arbeitnow.com/jobs/companies/andercore/backend-engineer-supply-chain-logistics-berlin-369362,Backend Engineer - Supply Chain & Logistics
5,https://www.arbeitnow.com/jobs/companies/andercore/backend-engineer-ai-agents-workflows-berlin-446500,Backend Engineer (AI Agents/Workflows)
5,https://www.arbeitnow.com/jobs/companies/machine-learning-reply/senior-data-scientist-munich-381110,Senior Data Scientist (m/w/d)
5,https://www.arbeitnow.com/jobs/companies/assetmetrix-gmbh/quantitative-backend-developer-private-capital-analytics-platform-munchen-112316,Quantitative Backend Developer (f/m/d) – Private Capital Analytics Platform
5,https://www.arbeitnow.com/jobs/companies/assetmetrix-gmbh/quantitative-backend-developer-private-capital-analytics-platform-munchen-158099,Quantitative Backend Developer (f/m/d) – Private Capital Analytics Platform
5,https://www.arbeitnow.com/jobs/companies/ecoplanet-green-operations-gmbh/platform-engineer-munchen-34853,Platform Engineer (m/f/d)
5,https://www.arbeitnow.com/jobs/companies/ecoplanet-green-operations-gmbh/data-engineer-munchen-241063,Data Engineer (m/f/d)
5,https://www.arbeitnow.com/jobs/companies/smight-gmbh/software-engineer-linux-os-karlsruhe-421678,Software Engineer Linux OS (m/w/d)
5,https://www.arbeitnow.com/jobs/companies/hivemq-gmbh/senior-software-engineer-berlin-461462,Senior Software Engineer
6,https://www.arbeitnow.com/jobs/companies/taxfix/staff-security-platform-engineer-berlin-491404,Staff Security & Platform Engineer (d/f/m)
6,https://www.arbeitnow.com/jobs/companies/taxfix/staff-systems-engineer-it-infrastructure-berlin-219406,Staff Systems Engineer - IT & Infrastructure (d/f/m)
6,https://www.arbeitnow.com/jobs/companies/taxfix/director-of-it-security-infrastructure-berlin-64269,"Director of IT, Security & Infrastructure (d/f/m)"
6,https://www.arbeitnow.com/jobs/companies/taxfix/senior-data-scientist-marketing-berlin-454885,"Senior Data Scientist, Marketing (d/f/m)"
6,https://www.arbeitnow.com/jobs/companies/bunch/senior-backend-engineer-berlin-15050,(Senior) Backend Engineer (f/m/d)
6,https://www.arbeitnow.com/jobs/companies/moss/senior-data-scientist-berlin-232387,Senior Data Scientist (f/m/d)
7,https://www.arbeitnow.com/jobs/companies/knick-elektronische-messgerate-gmbh-co-kg/softwareentwickler-fur-die-pruftechnik-knick-berlin-374297,Softwareentwickler für die Prüftechnik (w/m/d)
7,https://www.arbeitnow.com/jobs/companies/topi/senior-go-engineer-full-stack-berlin-germany-453843,"Senior Go Engineer, Full Stack"
7,https://www.arbeitnow.com/jobs/companies/knime-ag/full-stack-software-engineer-in-berlin-or-konstanz-430838,Full-Stack Software Engineer (m/f/d) in Berlin or Konstanz
7,https://www.arbeitnow.com/jobs/companies/galvany/senior-backend-engineer-berlin-476674,(Senior) Backend Engineer (m/w/d)
7,https://www.arbeitnow.com/jobs/companies/tools-for-humanity/senior-machine-learning-engineer-munich-149730,Senior Machine Learning Engineer
7,https://www.arbeitnow.com/jobs/companies/eye-security/junior-cyber-security-consultant-berlin-308172,Junior Cyber Security Consultant (m/f/x)
8,https://www.arbeitnow.com/jobs/companies/wemolo/senior-frontend-software-engineer-all-genders-munchen-303753,Senior Frontend Software Engineer (all genders)
8,https://www.arbeitnow.com/jobs/companies/bjak/android-software-engineer-germany-186810,Android Software Engineer
8,https://www.arbeitnow.com/jobs/companies/bjak/senior-machine-learning-engineer-germany-472168,Senior Machine Learning Engineer
8,https://www.arbeitnow.com/jobs/companies/bjak/member-of-technical-staff-machine-learning-germany-496151,"Member of Technical Staff, Machine Learning"
8,https://www.arbeitnow.com/jobs/companies/bjak/full-stack-engineer-ai-systems-germany-250365,"Full Stack Engineer, AI systems"
8,https://www.arbeitnow.com/jobs/companies/bjak/backend-engineer-ai-agent-systems-germany-439085,"Backend Engineer, AI (Agent Systems)"
8,https://www.arbeitnow.com/jobs/companies/bjak/mobile-application-developer-germany-83122,Mobile Application Developer
8,https://www.arbeitnow.com/jobs/companies/bjak/android-developer-germany-109893,Android Developer
8,https://www.arbeitnow.com/jobs/companies/bjak/mobile-developer-germany-371976,Mobile Developer
8,https://www.arbeitnow.com/jobs/companies/bjak/android-software-engineer-germany-79573,Android Software Engineer
8,https://www.arbeitnow.com/jobs/companies/bjak/ios-developer-germany-201624,iOS Developer
8,https://www.arbeitnow.com/jobs/companies/bjak/android-developer-ai-finance-agent-germany-31425,Android Developer - AI Finance Agent
8,https://www.arbeitnow.com/jobs/companies/bjak/mobile-application-developer-ai-neobank-app-germany-429495,Mobile Application Developer - AI Neobank App
8,https://www.arbeitnow.com/jobs/companies/bjak/mobile-application-developer-ai-finance-agent-germany-337557,Mobile Application Developer - AI Finance Agent
8,https://www.arbeitnow.com/jobs/companies/bjak/android-software-engineer-ai-finance-agent-germany-281641,Android Software Engineer - AI Finance Agent
8,https://www.arbeitnow.com/jobs/companies/bjak/ios-developer-ai-finance-agent-germany-272458,iOS Developer - AI Finance Agent
8,https://www.arbeitnow.com/jobs/companies/bjak/android-software-engineer-ai-neobank-app-germany-74715,Android Software Engineer - AI Neobank App
8,https://www.arbeitnow.com/jobs/companies/bjak/backend-software-engineer-ai-finance-agent-germany-485776,Backend Software Engineer - AI Finance Agent
8,https://www.arbeitnow.com/jobs/companies/bjak/ios-developer-ai-finance-agent-germany-404176,iOS Developer - AI Finance Agent
8,https://www.arbeitnow.com/jobs/companies/bjak/android-developer-ai-finance-agent-germany-206004,Android Developer - AI Finance Agent
8,https://www.arbeitnow.com/jobs/companies/bjak/full-stack-software-engineer-ai-finance-agent-germany-382852,Full Stack Software Engineer - AI Finance Agent
8,https://www.arbeitnow.com/jobs/companies/bjak/full-stack-engineer-germany-64967,Full Stack Engineer
9,https://www.arbeitnow.com/jobs/companies/bjak/backend-developer-germany-76903,Backend Developer
9,https://www.arbeitnow.com/jobs/companies/voize/senior-devops-engineer-healthcare-ai-berlin-201596,Senior DevOps Engineer (m/f/d) - healthcare AI
9,https://www.arbeitnow.com/jobs/companies/voize/senior-fullstack-engineer-ai-health-tech-berlin-33319,Senior Fullstack Engineer (m/f/d) - AI Health tech
9,https://www.arbeitnow.com/jobs/companies/voize/senior-backend-engineer-kotlin-english-speaking-berlin-243436,Senior Backend Engineer - Kotlin (m/f/d) - English speaking
9,https://www.arbeitnow.com/jobs/companies/pair/senior-software-engineer-ruby-on-rails-berlin-hybrid-203387,Senior Software Engineer - Ruby on Rails (f/m/d)
9,https://www.arbeitnow.com/jobs/companies/maibornwolff/scrum-master-delivery-enabler-ki-gestutzte-softwareentwicklung-munich-106228,Scrum Master / Delivery Enabler (m/w/d) - KI-gestützte Softwareentwicklung
9,https://www.arbeitnow.com/jobs/companies/maibornwolff/scrum-master-delivery-enabler-ki-gestutzte-softwareentwicklung-augsburg-426271,Scrum Master / Delivery Enabler (m/w/d) - KI-gestützte Softwareentwicklung
9,https://www.arbeitnow.com/jobs/companies/maibornwolff/scrum-master-delivery-enabler-ki-gestutzte-softwareentwicklung-bonn-329631,Scrum Master / Delivery Enabler (m/w/d) - KI-gestützte Softwareentwicklung
9,https://www.arbeitnow.com/jobs/companies/maibornwolff/scrum-master-delivery-enabler-ki-gestutzte-softwareentwicklung-leipzig-474709,Scrum Master / Delivery Enabler (m/w/d) - KI-gestützte Softwareentwicklung
9,https://www.arbeitnow.com/jobs/companies/maibornwolff/scrum-master-delivery-enabler-ki-gestutzte-softwareentwicklung-berlin-111078,Scrum Master / Delivery Enabler (m/w/d) - KI-gestützte Softwareentwicklung
9,https://www.arbeitnow.com/jobs/companies/maibornwolff/scrum-master-delivery-enabler-ki-gestutzte-softwareentwicklung-frankfurt-449315,Scrum Master / Delivery Enabler (m/w/d) - KI-gestützte Softwareentwicklung
9,https://www.arbeitnow.com/jobs/companies/maibornwolff/scrum-master-delivery-enabler-ki-gestutzte-softwareentwicklung-hamburg-158529,Scrum Master / Delivery Enabler (m/w/d) - KI-gestützte Softwareentwicklung
9,https://www.arbeitnow.com/jobs/companies/virtual7-gmbh/senior-java-fullstack-developer-hamburg-313830,Senior Java Fullstack Developer (m/w/d)
9,https://www.arbeitnow.com/jobs/companies/checkmk-gmbh/teamlead-software-development-munich-359439,Teamlead Software Development (m/f/d)
9,https://www.arbeitnow.com/jobs/companies/ramp106-gmbh/data-engineerin-hamburg-367808,DATA ENGINEER*IN (m/w/d)
9,https://www.arbeitnow.com/jobs/companies/handlerbund-management-ag/senior-fullstack-entwickler-php-laravel-remote-4-tage-woche-306373,"Senior Fullstack Entwickler PHP/Laravel (m/w/d) - Remote, 4-Tage-Woche"
9,https://www.arbeitnow.com/jobs/companies/workidentity/senior-it-security-administrator-gn-hamburg-415319,Senior IT Security Administrator (gn)
9,https://www.arbeitnow.com/jobs/companies/workidentity/senior-cloud-engineer-gn-hamburg-244153,Senior Cloud Engineer (gn)
9,https://www.arbeitnow.com/jobs/companies/workidentity/it-security-engineer-gn-hamburg-258994,IT-Security Engineer (gn)
9,https://www.arbeitnow.com/jobs/companies/workidentity/it-infrastructure-engineer-gn-hamburg-241080,IT Infrastructure Engineer (gn)
9,https://www.arbeitnow.com/jobs/companies/wirelane/embedded-software-engineer-iot-connectivity-munchen-46005,Embedded Software Engineer IoT & Connectivity (m/w/d)
9,https://www.arbeitnow.com/jobs/companies/meondi/berater-digitale-produktentwicklung-ai-a-stuttgart-396812,Berater digitale Produktentwicklung & AI (a)
10,https://www.arbeitnow.com/jobs/companies/european-it-consultancy-eitco-gmbh/devops-engineer-application-management-services-berlin-bonn-essen-367015,DevOps Engineer Application Management Services (m/w/d)
10,https://www.arbeitnow.com/jobs/companies/teccle-group-gmbh/remote-senior-it-consultant-all-genders-active-directory-pki-security-nabburg-320927,"(Senior) IT Consultant (all genders) - Active Directory, PKI & Security"
10,https://www.arbeitnow.com/jobs/companies/isarsoft/working-student-application-software-engineer-munich-156176,Working Student Application Software Engineer
10,https://www.arbeitnow.com/jobs/companies/swissbit/process-development-engineer-semiconductor-packaging-de-berlin-97737,Process Development Engineer – Semiconductor Packaging (m/f/d)
10,https://www.arbeitnow.com/jobs/companies/immo-marketer/wirtschaftsinformatiker-in-vollzeit-bochum-74391,Wirtschaftsinformatiker/-in - Vollzeit (m/w/d)
10,https://www.arbeitnow.com/jobs/companies/autonomous-teaming/senior-unreal-engine-developer-synthetic-data-ai-simulation-munich-deu-130631,Senior Unreal Engine Developer – Synthetic Data & AI Simulation
10,https://www.arbeitnow.com/jobs/companies/autonomous-teaming/robotics-software-engineer-intern-swarm-systems-munich-deu-66622,Robotics Software Engineer Intern – Swarm Systems (m/f/d)
10,https://www.arbeitnow.com/jobs/companies/autonomous-teaming/ml-data-engineer-sensor-data-pipelines-munich-deu-456196,ML Data Engineer (m/f/d) - Sensor Data & Pipelines
10,https://www.arbeitnow.com/jobs/companies/its-gruppe/applikations-und-softwarebetreuerin-dortmund-hamburg-erfurt-karlsruhe-leipzig-203654,Applikations- und Softwarebetreuer*in (m/w/d)
10,https://www.arbeitnow.com/jobs/companies/invensity-group/embedded-software-systems-consultant-all-genders-wiesbaden-wie-76719,Embedded Software & Systems Consultant (all genders)
10,https://www.arbeitnow.com/jobs/companies/trusteq-gmbh/data-platform-engineer-working-student-munchen-15969,Data Platform Engineer Working Student (m/w/d)
10,https://www.arbeitnow.com/jobs/companies/trusteq-gmbh/cybersecurity-manager-munchen-188403,Cybersecurity Manager (m/w/d)
10,https://www.arbeitnow.com/jobs/companies/trusteq-gmbh/cybersecurity-management-consultant-munchen-102974,Cybersecurity Management Consultant(m/w/d)
10,https://www.arbeitnow.com/jobs/companies/trusteq-gmbh/cybersecurity-senior-software-engineer-munchen-318897,Cybersecurity (Senior) Software Engineer (m/w/d)
10,https://www.arbeitnow.com/jobs/companies/trusteq-gmbh/ai-developer-intern-munchen-427281,AI Developer Intern (m/w/d)
10,https://www.arbeitnow.com/jobs/companies/trusteq-gmbh/ai-senior-developer-munchen-259277,AI (Senior) Developer (m/w/d)
10,https://www.arbeitnow.com/jobs/companies/renewa/full-stack-engineer-renewa-hamburg-300639,Full-Stack Engineer
11,https://www.arbeitnow.com/jobs/companies/westwing-group-se/senior-ms-dynamics-business-central-developer-munich-office-448914,Senior MS Dynamics Business Central Developer (m/f/d)
11,https://www.arbeitnow.com/jobs/companies/hubject-gmbh/senior-full-stack-developer-all-genders-deutschland-berlin-67876,Senior Full Stack Developer (all genders)
11,https://www.arbeitnow.com/jobs/companies/quantilope-gmbh/remote-junior-data-scientist-305623,(Junior) Data Scientist
12,https://www.arbeitnow.com/jobs/companies/makersite-gmbh/remote-project-manager-software-implementation-berlin-402634,Project Manager - Software Implementation (m/f/x)
12,https://www.arbeitnow.com/jobs/companies/solvares/ausbildung-fachinformatiker-fur-systemintegration-hamburg-263246,Ausbildung Fachinformatiker für Systemintegration (m/w/d)
12,https://www.arbeitnow.com/jobs/companies/solvares/ausbildung-fachinformatiker-fur-anwendungsentwicklung-hamburg-409670,Ausbildung Fachinformatiker für Anwendungsentwicklung (m/w/d)
13,https://www.arbeitnow.com/jobs/companies/skalbach-gmbh/ios-entwickler-karlsruhe-395372,iOS Entwickler (m/w/d)
13,https://www.arbeitnow.com/jobs/companies/rhein-nadel-automation-gmbh/fullstack-software-engineer-munchen-15638,Fullstack Software Engineer (m/w/d)
13,https://www.arbeitnow.com/jobs/companies/lamm-hr-gmbh/spezialist-in-der-qualifizierung-und-softwarevalidierung-mensch-landkreis-bergstrasse-81157,Spezialist in der Qualifizierung und Softwarevalidierung (Mensch)
13,https://www.arbeitnow.com/jobs/companies/comhard-gesellschaft-fur-bildung-und-personalentwicklung-mbh/freiberufliche-r-trainerin-ausbilderin-fachinformatik-fur-anwendungsentwicklung-vor-ort-berlin-2736,Freiberufliche/r TrainerIn/ AusbilderIn (w/m/d) Fachinformatik für Anwendungsentwicklung - vor Ort
13,https://www.arbeitnow.com/jobs/companies/aer-group/business-data-analyst-finance-requirements-management-berlin-boppstr-117321,Business Data Analyst Finance & Requirements Management (m/w/d)
13,https://www.arbeitnow.com/jobs/companies/aer-group/senior-devops-engineer-berlin-boppstr-322077,(Senior) DevOps Engineer (m/f/x)
13,https://www.arbeitnow.com/jobs/companies/twaice/full-stack-software-engineer-munich-hybrid-185960,Full-Stack Software Engineer (m/f/d)
14,https://www.arbeitnow.com/jobs/companies/avenit-ag/remote-senior-software-engineer-fullstack-fur-ki-produkte-338178,Senior Software Engineer (m/w/d) | Fullstack für KI-Produkte
14,https://www.arbeitnow.com/jobs/companies/partspace/senior-backend-developer-manufacturing-munchen-1090,Senior Backend Developer (m/f/d) - Manufacturing
14,https://www.arbeitnow.com/jobs/companies/partspace/remote-ai-developer-nurnberg-177325,AI Developer (m/f/d)
14,https://www.arbeitnow.com/jobs/companies/avelion-group/java-backend-developer-munchen-438936,Java Backend Developer (m/w/d)
14,https://www.arbeitnow.com/jobs/companies/real-digital/remote-senior-devops-engineer-all-genders-data-platform-16527,Senior DevOps Engineer (all genders) | Data Platform
14,https://www.arbeitnow.com/jobs/companies/global-side-gmbh/projektleitung-versicherungs-software-all-genders-munchen-332800,Projektleitung Versicherungs-Software (all Genders)
14,https://www.arbeitnow.com/jobs/companies/global-side-gmbh/it-administrator-operativer-betrieb-devops-all-genders-munchen-450102,IT Administrator – operativer Betrieb & DevOps (all Genders)
15,https://www.arbeitnow.com/jobs/companies/ba-tax-gmbh/steuerfachangestellter-oder-fachinformatiker-schwerpunkt-kanzleiorganisation-datev-hamburg-268958,Steuerfachangestellter oder Fachinformatiker (m/w/d) Schwerpunkt Kanzleiorganisation & DATEV
16,https://www.arbeitnow.com/jobs/companies/getpress-gmbh/remote-backend-engineer-agentic-ai-berlin-107711,Backend Engineer - Agentic AI (m/w/d)
16,https://www.arbeitnow.com/jobs/companies/bunch/senior-full-stack-engineer-frontend-leaning-platform-team-berlin-362893,(Senior) Full-Stack Engineer | Frontend-leaning | Platform Team (f/m/d) | Berlin
16,https://www.arbeitnow.com/jobs/companies/rewire/data-scientist-heidelberg-35882,Data Scientist (m/w/d)
16,https://www.arbeitnow.com/jobs/companies/rewire/cloud-engineer-heidelberg-282008,Cloud Engineer (m/w/d)
16,https://www.arbeitnow.com/jobs/companies/vestiairecollective/senior-staff-machine-learning-engineer-berlin-489442,Senior/Staff Machine Learning Engineer
16,https://www.arbeitnow.com/jobs/companies/brandenburger-holding-gmbh/it-systemadministratorin-landau-270244,IT-Systemadministrator:in (m/w/d)
16,https://www.arbeitnow.com/jobs/companies/proxima-fusion-gmbh/software-engineer-simulation-platform-munich-424378,Software Engineer - Simulation Platform
16,https://www.arbeitnow.com/jobs/companies/adjoe/senior-android-developer-hamburg-6679,Senior Android Developer (f/m/d)
16,https://www.arbeitnow.com/jobs/companies/certuss-gmbh/praktikant-produktentwicklung-datenaufbereitung-krefeld-468166,Praktikant (m/w/d) – Produktentwicklung & Datenaufbereitung
17,https://www.arbeitnow.com/jobs/companies/aktion-mensch-ev/data-engineer-junior-schwerpunkt-datenpipelines-bonn-45451,Data Engineer Junior - Schwerpunkt Datenpipelines (m/w/d)
17,https://www.arbeitnow.com/jobs/companies/qonto/senior-frontend-engineer-react-remote-friendly-berlin-484204,Senior Frontend Engineer (React) - Remote friendly
17,https://www.arbeitnow.com/jobs/companies/enpal/data-analyst-marketing-berlin-458775,Data Analyst - Marketing (w/m/d)
17,https://www.arbeitnow.com/jobs/companies/backer-gortz-gmbh/mitarbeiter-personalentwicklung-training-lernkonzepte-digitale-lernwelten-ludwigshafen-424958,"Mitarbeiter Personalentwicklung (m/w/d) | Training, Lernkonzepte & digitale Lernwelten"
18,https://www.arbeitnow.com/jobs/companies/freiheitcom-technologies/security-engineer-hamburg-144460,Security Engineer
18,https://www.arbeitnow.com/jobs/companies/clickhouse/langfuse-senior-backend-engineer-germany-128380,Langfuse - Senior Backend Engineer
18,https://www.arbeitnow.com/jobs/companies/propellerhead/move-to-new-zealand-senior-software-engineer-berlin-273021,Move to New Zealand - Senior Software Engineer
18,https://www.arbeitnow.com/jobs/companies/bewerbung-uniplan/werkstudent-projektentwicklung-dresden-449062,Werkstudent Projektentwicklung (m/w/d)
18,https://www.arbeitnow.com/jobs/companies/hirschen-group-gmbh/typo3-developer-senior-mid-level-dresden-altmarkt-21-22-395375,TYPO3 Developer - Senior & Mid-Level (w/m/d)
18,https://www.arbeitnow.com/jobs/companies/makersite-gmbh/remote-senior-data-scientist-berlin-416549,Senior Data Scientist (m/f/x)
19,https://www.arbeitnow.com/jobs/companies/cordes-consulting-gmbh/trainee-it-systemintegrator-no-code-low-code-zapier-makecom-n8n-airtable-etc-hamburg-201947,"Trainee IT-Systemintegrator No-Code / Low-Code (m/w/d) – (Zapier, Make.com, n8n, AirTable etc.)"
19,https://www.arbeitnow.com/jobs/companies/cordes-consulting-gmbh/senior-it-projektleiter-hamburg-66347,Senior-IT-Projektleiter (m/w/d)
19,https://www.arbeitnow.com/jobs/companies/cordes-consulting-gmbh/junior-it-systemintegrator-no-code-low-code-zapier-makecom-n8n-airtable-etc-hamburg-382613,"Junior IT-Systemintegrator No-Code / Low-Code (m/w/d) – (Zapier, Make.com, n8n, AirTable etc.)"
19,https://www.arbeitnow.com/jobs/companies/cordes-consulting-gmbh/senior-it-systemintegrator-no-code-low-code-zapier-makecom-n8n-airtable-etc-hamburg-87072,"Senior IT-Systemintegrator No-Code / Low-Code (m/w/d) – (Zapier, Make.com, n8n, AirTable etc.)"
19,https://www.arbeitnow.com/jobs/companies/cordes-consulting-gmbh/junior-fachinformatiker-in-vollzeit-hamburg-53528,Junior Fachinformatiker/-in (m/w/d) – Vollzeit
19,https://www.arbeitnow.com/jobs/companies/cordes-consulting-gmbh/junior-wirtschaftsinformatiker-in-vollzeit-hamburg-482074,Junior Wirtschaftsinformatiker/-in - Vollzeit (m/w/d)
20,https://www.arbeitnow.com/jobs/companies/cordes-consulting-gmbh/fullstack-entwickler-hamburg-480998,Fullstack Entwickler (m/w/d)
20,https://www.arbeitnow.com/jobs/companies/cordes-consulting-gmbh/senior-fullstack-entwickler-hamburg-169658,Senior Fullstack Entwickler (m/w/d)
20,https://www.arbeitnow.com/jobs/companies/cordes-consulting-gmbh/wirtschaftsinformatiker-in-vollzeit-hamburg-260639,Wirtschaftsinformatiker/-in - Vollzeit (m/w/d)
20,https://www.arbeitnow.com/jobs/companies/cordes-consulting-gmbh/fachinformatiker-in-vollzeit-hamburg-260109,Fachinformatiker/-in (m/w/d) – Vollzeit
20,https://www.arbeitnow.com/jobs/companies/cordes-consulting-gmbh/senior-fachinformatiker-in-vollzeit-hamburg-83596,Senior Fachinformatiker/-in (m/w/d) – Vollzeit
20,https://www.arbeitnow.com/jobs/companies/cordes-consulting-gmbh/senior-wirtschaftsinformatiker-in-vollzeit-hamburg-13976,Senior Wirtschaftsinformatiker/-in - Vollzeit (m/w/d)
20,https://www.arbeitnow.com/jobs/companies/lifelink-medical-gmbh/fachinformatiker-im-medizinischen-umfeld-lifelink-nuklearmedizin-bremen-319281,Fachinformatiker im medizinischen Umfeld (m/w/d)
20,https://www.arbeitnow.com/jobs/companies/verivox/senior-it-services-lead-heidelberg-2620,Senior IT Services Lead (m/w/d)
20,https://www.arbeitnow.com/jobs/companies/voiio/senior-python-software-engineer-gn-part-time-or-full-time-berlin-285606,Senior Python Software Engineer (gn) / part-time or full-time
21,https://www.arbeitnow.com/jobs/companies/kryptos-technologies-limited/edi-developer-technical-lead-eschborn-271767,EDI Developer/ Technical Lead
21,https://www.arbeitnow.com/jobs/companies/welectron/werkstudentin-fullstack-developer-erp-prozessautomatisierung-karlsruhe-36099,Werkstudent:in Fullstack Developer - ERP & Prozessautomatisierung (m/w/d)
21,https://www.arbeitnow.com/jobs/companies/mittwald-cm-service-gmbh-co-kg/devops-engineer-espelkamp-379934,DevOps Engineer (m/w/d)
21,https://www.arbeitnow.com/jobs/companies/sheriff-security-gmbh/junior-business-development-manager-cybersecurity-stuttgart-224397,Junior Business Development Manager - Cybersecurity (m/w/d)
22,https://www.arbeitnow.com/jobs/companies/sirius-consulting-training-gmbh/senior-consultant-fur-it-transformation-frankfurt-am-main-121495,(Senior) Consultant (m/w/d) für IT Transformation
22,https://www.arbeitnow.com/jobs/companies/payabl/remote-senior-backend-python-engineer-gateway-relocation-to-cyprus-germany-411075,Senior Backend Python Engineer (Gateway) - Relocation to Cyprus
22,https://www.arbeitnow.com/jobs/companies/leaseteq/senior-full-stack-engineer-typescript-nextjs-100-ltq-de-berlin-241435,"Senior Full Stack Engineer — TypeScript / Next.js (100%, m/f/d)"
22,https://www.arbeitnow.com/jobs/companies/gambit/senior-sap-consultant-migration-sdt-deutschland-389910,Senior SAP Consultant Migration & SDT (m/w/d)
22,https://www.arbeitnow.com/jobs/companies/hcsm-steuerberatung-gmbh/praktikum-digital-design-web-medieninformatik-kommunikationsdesign-webdesign-mit-perspektive-auf-eine-anschliessende-werkstudententatigke-33178,Praktikum Digital Design & Web (m/w/d) Medieninformatik | Kommunikationsdesign | Webdesign mit Perspektive auf eine anschließende Werkstudententätigkeit
22,https://www.arbeitnow.com/jobs/companies/ai-coustics/platform-engineer-aws-berlin-208007,Platform Engineer (AWS)
23,https://www.arbeitnow.com/jobs/companies/ariside-ug-haftungsbeschrankt/praktikum-social-media-content-community-magdeburg-27715,"Praktikum Social Media, Content & Community bei Try It (m/w/d)"
23,https://www.arbeitnow.com/jobs/companies/indiekidz-gmbh/mandatory-internshipunpaid-software-testqa-automation-engineer-berlin-121906,"Mandatory Internship(Unpaid), Software Test(QA) Automation Engineer"
23,https://www.arbeitnow.com/jobs/companies/merentis-gmbh/hr-manager-personalentwicklung-nachwuchsforderung-bremen-414032,HR Manager - Personalentwicklung & Nachwuchsförderung (m/w/d)
23,https://www.arbeitnow.com/jobs/companies/vetaion-gmbh/full-stack-developer-garching-275638,Full Stack Developer
23,https://www.arbeitnow.com/jobs/companies/serverhero-gmbh/it-sales-account-manager-server-storage-cologne-150042,IT Sales / Account Manager Server & Storage (w/m/d)
23,https://www.arbeitnow.com/jobs/companies/quantum-systems-gmbh/embedded-linux-software-engineer-maritime-n3xt-gilching-282340,Embedded Linux Software Engineer (m/f/d) - Maritime N3XT
23,https://www.arbeitnow.com/jobs/companies/quantum-systems-gmbh/senior-software-engineer-developer-enablement-gilching-41973,(Senior) Software Engineer - Developer Enablement (m/f/d)
23,https://www.arbeitnow.com/jobs/companies/quantum-systems-gmbh/senior-machine-learning-engineer-gilching-383338,Senior Machine Learning Engineer (m/f/d)
23,https://www.arbeitnow.com/jobs/companies/recare-deutschland-gmbh/remote-senior-forward-deployed-platform-engineer-berlin-211795,Senior Forward Deployed Platform Engineer (m/w/d)
23,https://www.arbeitnow.com/jobs/companies/cbs-corporate-business-solutions-gmbh/inhouse-abap-entwickler-im-bereich-managed-cloud-services-dortmund-339147,Inhouse ABAP Entwickler im Bereich Managed Cloud Services (m/w/d)
23,https://www.arbeitnow.com/jobs/companies/cbs-corporate-business-solutions-gmbh/entwickler-sap-global-trade-services-gts-heidelberg-122217,Entwickler SAP Global Trade Services (GTS) (m/w/d)
24,https://www.arbeitnow.com/jobs/companies/cbs-corporate-business-solutions-gmbh/senior-abap-entwickler-heidelberg-241672,(Senior) ABAP Entwickler (m/w/d)
24,https://www.arbeitnow.com/jobs/companies/cbs-corporate-business-solutions-gmbh/senior-abap-hcm-developer-heidelberg-495425,(Senior) ABAP HCM Developer (m/w/d)
25,https://www.arbeitnow.com/jobs/companies/cbs-corporate-business-solutions-gmbh/inhouse-integration-entwickler-im-bereich-tax-technology-e-invoicing-berlin-258480,Inhouse Integration Entwickler im Bereich Tax Technology & E-Invoicing (m/w/d)
25,https://www.arbeitnow.com/jobs/companies/periskop/senior-project-developer-berlin-242540,Senior Project Developer (m/f/d)
25,https://www.arbeitnow.com/jobs/companies/lestat-real-group-gmbh/software-development-intern-q1-2027-dusseldorf-6363,Software Development Intern (Q1 2027)
25,https://www.arbeitnow.com/jobs/companies/321-med-gmbh/product-engineer-software-builder-regensburg-334015,Product Engineer / Software Builder (m/w/d)
25,https://www.arbeitnow.com/jobs/companies/sidestream/senior-typescript-developer-cologne-108968,Senior Typescript Developer (f/m/d)
25,https://www.arbeitnow.com/jobs/companies/noris-network-ag/senior-it-solution-architect-nuremberg-59249,Senior IT Solution Architect (m/w/d)
25,https://www.arbeitnow.com/jobs/companies/emidat-gmbh/senior-frontend-engineer-munich-120556,Senior Frontend Engineer
25,https://www.arbeitnow.com/jobs/companies/plukon-food-group-germany/produktentwickler-frische-visbek-227128,Produktentwickler (m/w/d) Frische
25,https://www.arbeitnow.com/jobs/companies/plukon-food-group-germany/fachinformatiker-storkow-433954,Fachinformatiker (m/w/d)
25,https://www.arbeitnow.com/jobs/companies/metergrid/senior-fullstack-developer-business-automation-hamburg-426065,Senior Fullstack Developer – Business Automation (m/w/d)
25,https://www.arbeitnow.com/jobs/companies/metergrid/junior-fullstack-developer-hamburg-150145,Junior Fullstack Developer (m/w/d)
25,https://www.arbeitnow.com/jobs/companies/metergrid/fullstack-developer-hamburg-9926,Fullstack Developer (m/w/d)
25,https://www.arbeitnow.com/jobs/companies/ahead-gmbh/senior-product-developer-candy-confectionery-all-genders-hamburg-office-268591,Senior Product Developer – Candy & Confectionery (All Genders)
26,https://www.arbeitnow.com/jobs/companies/eraneos/remote-data-engineer-all-genders-310552,Data Engineer (all genders)
26,https://www.arbeitnow.com/jobs/companies/ecotel/ausbildung-zum-fachinformatiker-zur-fachinformatikerin-fur-systemintegration-start-august-2027-dusseldorf-118609,Ausbildung zum Fachinformatiker / zur Fachinformatikerin für Systemintegration (m/w/d) Start: August 2027
26,https://www.arbeitnow.com/jobs/companies/eleqtron-gmbh/site-reliability-engineer-quantum-computing-hamburg-462919,Site Reliability Engineer – Quantum Computing (f/m/d)
26,https://www.arbeitnow.com/jobs/companies/eleqtron-gmbh/qa-engineer-quantum-computing-siegen-152999,QA Engineer - Quantum Computing (m/w/d)
26,https://www.arbeitnow.com/jobs/companies/virtual7-gmbh/remote-kubernetes-administrator-private-cloud-engineer-karlsruhe-36018,Kubernetes Administrator/Private Cloud Engineer (m/w/d)
26,https://www.arbeitnow.com/jobs/companies/virtual7-gmbh/senior-java-fullstack-developer-kaarst-367555,Senior Java Fullstack Developer (m/w/d)
26,https://www.arbeitnow.com/jobs/companies/virtual7-gmbh/remote-senior-it-architect-karlsruhe-244126,Senior IT Architect (m/w/d)
26,https://www.arbeitnow.com/jobs/companies/virtual7-gmbh/remote-senior-java-backend-developer-karlsruhe-241557,Senior Java Backend Developer (m/w/d)
26,https://www.arbeitnow.com/jobs/companies/virtual7-gmbh/remote-senior-oracle-data-engineer-karlsruhe-51203,Senior Oracle Data Engineer (m/w/d)
26,https://www.arbeitnow.com/jobs/companies/getmow/backend-engineer-intern-ai-systems-berlin-203128,Backend Engineer Intern | AI Systems (m/f/d)
26,https://www.arbeitnow.com/jobs/companies/getmow/full-stack-engineer-intern-backend-ai-berlin-298440,Full-Stack Engineer Intern (Backend & AI)
26,https://www.arbeitnow.com/jobs/companies/perinova-it-management-gmbh/it-supporter-hybrid-raum-munchen-munich-321142,IT Supporter (w/m/d) hybrid | Raum München
27,https://www.arbeitnow.com/jobs/companies/zeinpharma-germany-gmbh/it-specialist-administrator-russelsheim-470407,IT Operations & System Specialist (m/w/d)
27,https://www.arbeitnow.com/jobs/companies/mandl-executives-experts/it-projekt-manager-munich-422992,IT Projekt Manager (m/w/d)
27,https://www.arbeitnow.com/jobs/companies/ubitium-gmbh/senior-software-engineer-processor-software-stack-karlsruhe-497791,Senior Software Engineer (Processor Software Stack)
27,https://www.arbeitnow.com/jobs/companies/connectingcase-gmbh/freiberufliche-it-monteure-fur-baustellen-bundesweit-mittelbiberach-45894,Freiberufliche IT-Monteure (m/w/d) für Baustellen - bundesweit
27,https://www.arbeitnow.com/jobs/companies/soley-gmbh/lead-product-marketing-b2b-enterprise-software-for-discrete-manufacturing-munich-71777,Lead Product Marketing - B2B Enterprise Software for Discrete Manufacturing (m/w/d)
27,https://www.arbeitnow.com/jobs/companies/melotech/data-scientist-new-york-london-berlin-436353,Data Scientist
27,https://www.arbeitnow.com/jobs/companies/projektron-gmbh/duales-studium-bsc-wirtschaftsinformatik-2027-berlin-425495,Duales Studium (B.Sc.) Wirtschaftsinformatik 2027
27,https://www.arbeitnow.com/jobs/companies/kloepfel-group/category-manager-it-cologne-228688,Category Manager IT (m/w/d)
27,https://www.arbeitnow.com/jobs/companies/projektron-gmbh/duales-studium-bsc-informatik-2027-berlin-238571,Duales Studium (B.Sc.) Informatik 2027
27,https://www.arbeitnow.com/jobs/companies/epilot-gmbh/remote-senior-staff-product-engineer-frontend-koln-341906,Senior/Staff Product Engineer (Frontend) (m/f/d)
27,https://www.arbeitnow.com/jobs/companies/epilot-gmbh/remote-senior-staff-product-engineer-full-stack-koln-435694,Senior/Staff Product Engineer (Full Stack) (m/f/d)
27,https://www.arbeitnow.com/jobs/companies/ppro/senior-fullstack-engineer-munich-429747,Senior Fullstack Engineer
28,https://www.arbeitnow.com/jobs/companies/eye-security/staff-product-marketing-manager-german-speaking-cybersecurity-berlin-203249,Staff Product Marketing Manager – German Speaking - Cybersecurity (m/f/x)
28,https://www.arbeitnow.com/jobs/companies/n8n/sales-data-analyst-germany-240757,Sales Data Analyst
28,https://www.arbeitnow.com/jobs/companies/skeltech-gmbh/duales-studium-wirtschaftsinformatik-data-engineering-frechen-475710,Duales Studium Wirtschaftsinformatik - Data Engineering (m/w/d)
28,https://www.arbeitnow.com/jobs/companies/husemann-fritz-gmbh/softwareentwickler-anwendungsentwicklung-bielefeld-322226,Softwareentwickler - Anwendungsentwicklung (m/w/d)
28,https://www.arbeitnow.com/jobs/companies/skeltech-gmbh/senior-data-engineering-azure-und-databricks-frechen-30676,Senior - Data Engineering (m/w/d) Azure und Databricks
28,https://www.arbeitnow.com/jobs/companies/sediwork/freelance-qa-tester-software-tester-leipzig-218890,Freelance QA Tester / Software-Tester (m/w/d)
28,https://www.arbeitnow.com/jobs/companies/traze-gmbh/head-of-it-operations-vessels-flensburg-305985,Head of IT Operations Vessels - (m/w/d)
28,https://www.arbeitnow.com/jobs/companies/skeltech-gmbh/senior-java-fullstack-developer-azure-und-databricks-frechen-386158,Senior - Java Fullstack Developer (m/w/d) Azure und Databricks
28,https://www.arbeitnow.com/jobs/companies/eleqtron-gmbh/qa-engineer-quantum-computing-siegen-333060,QA Engineer - Quantum Computing (m/w/d)
29,https://www.arbeitnow.com/jobs/companies/aortex-ug-haftungsbeschrankt/entwicklungsingenieurin-stentgraft-und-delivery-system-hamburg-479809,Entwicklungsingenieur:in (m/w/d) Stentgraft und Delivery-System
29,https://www.arbeitnow.com/jobs/companies/k-tronik-gmbh/full-stack-developer-nuremberg-187318,Full Stack Developer (m/w/x)
29,https://www.arbeitnow.com/jobs/companies/accurids-gmbh/senior-devops-cloud-engineer-koln-259088,Senior DevOps/ Cloud Engineer (f/m/d)
29,https://www.arbeitnow.com/jobs/companies/accurids-gmbh/senior-full-stack-developer-java-react-koln-442589,Senior Full Stack Developer | Java / React (f/m/d)
29,https://www.arbeitnow.com/jobs/companies/motus-software-gmbh/werkstudent-it-projektmanagement-erp-software-regensburg-160454,Werkstudent - IT Projektmanagement ERP Software (m/w/d)
29,https://www.arbeitnow.com/jobs/companies/flexit-consulting-gmbh/it-system-engineer-systemadministrator-citrix-dortmund-275803,IT System Engineer / Systemadministrator Citrix (m/w/d)
29,https://www.arbeitnow.com/jobs/companies/arsipa-gmbh/it-change-manager-software-rollout-digitalisierung-berlin-70788,IT Change Manager (w/m/d) - Software Rollout & Digitalisierung
29,https://www.arbeitnow.com/jobs/companies/jobgether/backend-developer-java-spring-boot-germany-20204,Backend Developer (Java/Spring Boot)
30,https://www.arbeitnow.com/jobs/companies/netlight/software-engineering-data-and-ai-engineering-it-management-consultant-2026-27-graduate-hamburg-96453,Software Engineering /Data and AI Engineering/ IT-Management Consultant (2026/27 Graduate) (m/f/d)
30,https://www.arbeitnow.com/jobs/companies/quantum-systems-gmbh/senior-frontend-engineer-cloud-solutions-gilching-250205,(Senior) Frontend Engineer – Cloud Solutions (m/f/d)
30,https://www.arbeitnow.com/jobs/companies/quantum-systems-gmbh/software-release-configuration-manager-gilching-114452,Software Release & Configuration Manager (m/f/d)
30,https://www.arbeitnow.com/jobs/companies/quantum-systems-gmbh/cloud-fleet-data-engineer-wessling-266772,Cloud & Fleet Data Engineer
30,https://www.arbeitnow.com/jobs/companies/machine-learning-reply/agentic-ai-software-engineer-munich-284395,Agentic AI Software Engineer
30,https://www.arbeitnow.com/jobs/companies/machine-learning-reply/machine-learning-consultant-munich-493328,Machine Learning Consultant (m/w/d)
30,https://www.arbeitnow.com/jobs/companies/alcemy/backend-engineer-data-berlin-175373,Backend Engineer - Data (m/f/d)
30,https://www.arbeitnow.com/jobs/companies/4chain-consulting/kalkulator-tiefbau-mit-moderner-software-75k-105k-bremen-278567,Kalkulator (m/w/d) - Tiefbau - mit moderner Software 75k-105k
30,https://www.arbeitnow.com/jobs/companies/4chain-consulting/kalkulator-tiefbau-mit-moderner-software-75k-105k-osnabruck-110235,Kalkulator (m/w/d) - Tiefbau - mit moderner Software 75k-105k
30,https://www.arbeitnow.com/jobs/companies/4chain-consulting/kalkulator-tiefbau-mit-moderner-software-75k-105k-hanover-216008,Kalkulator (m/w/d) - Tiefbau - mit moderner Software 75k-105k
30,https://www.arbeitnow.com/jobs/companies/4chain-consulting/kalkulator-ingenieurbau-bruckenbau-mit-moderner-software-75k-105k-cologne-381892,Kalkulator (m/w/d) - Ingenieurbau/Brückenbau - mit moderner Software 75k-105k
30,https://www.arbeitnow.com/jobs/companies/4chain-consulting/kalkulator-ingenieurbau-bruckenbau-mit-moderner-software-75k-105k-dusseldorf-10408,Kalkulator (m/w/d) - Ingenieurbau/Brückenbau - mit moderner Software 75k-105k
30,https://www.arbeitnow.com/jobs/companies/4chain-consulting/kalkulator-ingenieurbau-bruckenbau-mit-moderner-software-75k-105k-dortmund-227483,Kalkulator (m/w/d) - Ingenieurbau/Brückenbau - mit moderner Software 75k-105k
30,https://www.arbeitnow.com/jobs/companies/4chain-consulting/kalkulator-ingenieur-tiefbau-mit-moderner-software-75k-105k-leipzig-391342,Kalkulator (m/w/d) - Ingenieur-/Tiefbau - mit moderner Software 75k-105k
30,https://www.arbeitnow.com/jobs/companies/4chain-consulting/kalkulator-ingenieur-tiefbau-mit-moderner-software-75k-105k-berlin-434846,Kalkulator (m/w/d) - Ingenieur-/Tiefbau - mit moderner Software 75k-105k
30,https://www.arbeitnow.com/jobs/companies/kolibrigames/senior-unity-developer-core-game-tech-berlin-germany-286905,Senior Unity Developer - Core Game Tech (f/m/d)
30,https://www.arbeitnow.com/jobs/companies/researchgate/senior-frontend-engineer-react-berlin-139921,Senior Frontend Engineer - React
30,https://www.arbeitnow.com/jobs/companies/myautoabo/werkstudent-fullstack-developer-berlin-304491,Werkstudent (m/w/d) | Fullstack Developer
30,https://www.arbeitnow.com/jobs/companies/happyhotel/senior-machine-learning-engineer-offenburg-449755,Senior Machine Learning Engineer (m/w/d)
30,https://www.arbeitnow.com/jobs/companies/happyhotel/senior-machine-learning-engineer-offenburg-13746,Senior Machine Learning Engineer (m/f/d)
31,https://www.arbeitnow.com/jobs/companies/upvest/senior-fullstack-engineer-berlin-144579,Senior Fullstack Engineer (f/m/d)
31,https://www.arbeitnow.com/jobs/companies/niologic/werkstudent-in-software-engineering-for-ai-systems-cologne-29534,Werkstudent/in Software Engineering for AI Systems (m/w/d)
31,https://www.arbeitnow.com/jobs/companies/eleqtron-gmbh/cloud-engineer-quantum-computing-siegen-485952,Cloud Engineer - Quantum Computing (m/w/d)
31,https://www.arbeitnow.com/jobs/companies/lever-implementation-training-environment/data-scientist-berlin-germany-363083,Data Scientist
31,https://www.arbeitnow.com/jobs/companies/quantum-systems-gmbh/cloud-fleet-data-engineer-wessling-95796,Cloud & Fleet Data Engineer
31,https://www.arbeitnow.com/jobs/companies/stay-stiftung-fur-multiplikative-entwicklung/praktikum-entwicklungszusammenarbeit-fordermittel-ab-anfang-dezember-stuttgart-448440,Praktikum Entwicklungszusammenarbeit & Fördermittel (m/w/d) AB ANFANG DEZEMBER
31,https://www.arbeitnow.com/jobs/companies/oestmann-gmbh/it-systemadministrator-hamburg-388729,IT-Systemadministrator (m/w/d)
31,https://www.arbeitnow.com/jobs/companies/enua-pharma-gmbh/data-analyst-controller-bi-finance-cologne-253715,Data Analyst / Controller (w/m/d) - BI & Finance
31,https://www.arbeitnow.com/jobs/companies/buesken-strategy-consulting/android-developer-dusseldorf-455241,Android Developer (m/w/d)
31,https://www.arbeitnow.com/jobs/companies/spo-comm-gmbh/mini-job-werkstudent-in-der-it-montage-nuremberg-424782,Mini-Job / Werkstudent (m/w/d) in der IT-Montage
31,https://www.arbeitnow.com/jobs/companies/citema-systems-gmbh/devops-engineer-kiel-372234,DevOps Engineer (m/w/d)
31,https://www.arbeitnow.com/jobs/companies/ontarget-communications/senior-learning-developer-berlin-19964,Senior Learning Developer
32,https://www.arbeitnow.com/jobs/companies/dicos/it-monitoring-aiops-engineer-event-alarm-management-darmstadt-306353,IT Monitoring & AIOPS Engineer Event- & Alarm-Management (w/m/d)
32,https://www.arbeitnow.com/jobs/companies/ctk-gesellschaft-fur-computertechnologie-mbh/ausbildung-zum-fachinformatiker-fur-anwendungsentwicklung-greding-331988,Ausbildung zum Fachinformatiker für Anwendungsentwicklung (m/w/d)
32,https://www.arbeitnow.com/jobs/companies/ctk-gesellschaft-fur-computertechnologie-mbh/ausbildung-zum-it-system-elektroniker-greding-376427,Ausbildung zum IT-System-Elektroniker (m/w/d)
32,https://www.arbeitnow.com/jobs/companies/ctk-gesellschaft-fur-computertechnologie-mbh/ausbilung-zum-kaufmann-fur-it-system-management-greding-430611,Ausbilung zum Kaufmann für IT-System-Management (m/w/d)
32,https://www.arbeitnow.com/jobs/companies/tmt-prufservice-gmbh-co-kg/sovereign-cloud-engineer-walldorf-51649,Sovereign Cloud Engineer (m/w/d)
32,https://www.arbeitnow.com/jobs/companies/singularit-gmbh/it-projektleiterin-vollzeit-teilzeit-in-leipzig-oder-lubeck-200798,IT-Projektleiter:in - Vollzeit / Teilzeit in Leipzig oder Lübeck
32,https://www.arbeitnow.com/jobs/companies/stadtverwaltung-dorsten/ausbildung-zum-zur-fachinformatiker-in-2027-dorsten-86521,Ausbildung zum/zur Fachinformatiker_in (m/w/d) 2027
32,https://www.arbeitnow.com/jobs/companies/syte-gmbh/it-systemadministrator-munster-60564,IT-Systemadministrator (m/w/d)
32,https://www.arbeitnow.com/jobs/companies/lestat-real-group-gmbh/software-development-intern-q4-2026-dusseldorf-439719,Software Development Intern (Q4 2026)
32,https://www.arbeitnow.com/jobs/companies/promantis-gmbh/senior-sap-berater-entwickler-s-4hana-transformation-remlingen-72305,Senior SAP Berater / Entwickler S/4HANA Transformation (m/w/d)
32,https://www.arbeitnow.com/jobs/companies/kettner-edelmetalle/remote-laravel-senior-backend-developer-skaliere-mit-uns-auf-millionen-traffic-berlin-246897,Laravel Senior Backend Developer (m/w/d) - Skaliere mit uns auf Millionen-Traffic
32,https://www.arbeitnow.com/jobs/companies/haiilo-1/junior-fullstack-engineer-hamburg-410395,Junior Fullstack Engineer
32,https://www.arbeitnow.com/jobs/companies/melotech/backend-engineer-data-orchestration-berlin-58465,Backend Engineer - Data & Orchestration
33,https://www.arbeitnow.com/jobs/companies/focused/senior-software-engineer-darmstadt-32828,Senior Software Engineer (f/m/d)
33,https://www.arbeitnow.com/jobs/companies/taxfix/interim-staff-systems-engineer-it-infrastructure-berlin-379431,Interim Staff Systems Engineer - IT & Infrastructure (d/f/m)
33,https://www.arbeitnow.com/jobs/companies/generalmind/lead-full-stack-engineer-berlin-86960,Lead Full Stack Engineer (Berlin)
33,https://www.arbeitnow.com/jobs/companies/angeheuert-gmbh/remote-linux-systemadministrator-hybrid-in-freiburg-baden-wurttemberg-72874,Linux-Systemadministrator (m/w/d) | Hybrid in Freiburg🌄
33,https://www.arbeitnow.com/jobs/companies/angeheuert-gmbh/remote-systemadministrator-linux-hybrid-in-freiburg-mainz-329516,Systemadministrator Linux (m/w/d) | Hybrid in Freiburg🌄
33,https://www.arbeitnow.com/jobs/companies/eleqtron-gmbh/cloud-engineer-quantum-computing-siegen-417462,Cloud Engineer - Quantum Computing (m/w/d)
34,https://www.arbeitnow.com/jobs/companies/adjoe/senior-go-backend-developer-product-ops-hamburg-89958,Senior Go Backend Developer (Product Ops) (f/m/d)
34,https://www.arbeitnow.com/jobs/companies/caraconsult-gmbh/it-engineer-fur-digitale-losungen-und-technische-systeme-bad-homburg-439181,IT Engineer für digitale Lösungen und technische Systeme (m/w/d)
34,https://www.arbeitnow.com/jobs/companies/alphacoders-gmbh/sps-programmierer-marburg-201278,SPS-Programmierer (m/w/d)
34,https://www.arbeitnow.com/jobs/companies/herding-gmbh-filtertechnik/teamleitung-embedded-software-maschinensteuerung-amberg-199882,Teamleitung Embedded Software // Maschinensteuerung (m/w/d)
34,https://www.arbeitnow.com/jobs/companies/maia/senior-devops-platform-engineer-ai-infrastructure-leipzig-223621,"Senior DevOps / Platform Engineer, AI Infrastructure (m/f/x)"
34,https://www.arbeitnow.com/jobs/companies/maia/senior-devops-platform-engineer-ai-infrastructure-leipzig-241297,"Senior DevOps / Platform Engineer, AI Infrastructure (m/w/d)"
34,https://www.arbeitnow.com/jobs/companies/eggers-landmaschinen-gmbh-co-kg/systemadministrator-suhlendorf-106941,Systemadministrator (m/w/d)
34,https://www.arbeitnow.com/jobs/companies/k-tronik-gmbh/frontend-developer-nuremberg-278828,Frontend Developer (m/w/x)
34,https://www.arbeitnow.com/jobs/companies/inspares-gmbh/back-end-entwicklerin-erkelenz-336869,Back -End - Entwickler:in
34,https://www.arbeitnow.com/jobs/companies/clickhouse/senior-software-engineer-clickpipes-cdc-streaming-germany-68075,Senior Software Engineer - Clickpipes (CDC/Streaming)
34,https://www.arbeitnow.com/jobs/companies/clickhouse/commercial-solutions-architect-germany-or-france-215519,Commercial Solutions Architect - Germany or France
34,https://www.arbeitnow.com/jobs/companies/clickhouse/solutions-architect-germany-488285,Solutions Architect - Germany
34,https://www.arbeitnow.com/jobs/companies/clickhouse/senior-software-engineer-cloud-partner-integrations-germany-192801,Senior Software Engineer - Cloud Partner Integrations
34,https://www.arbeitnow.com/jobs/companies/clickhouse/senior-software-engineer-integrations-ai-ml-germany-275597,Senior Software Engineer - Integrations - AI/ML
34,https://www.arbeitnow.com/jobs/companies/ekumenlabs/software-engineer-roboticist-munich-73027,Software Engineer - Roboticist
35,https://www.arbeitnow.com/jobs/companies/tactiliarobotics/senior-software-engineer-robot-control-munich-60883,"(Senior) Software Engineer, Robot control (f/m/d)"
35,https://www.arbeitnow.com/jobs/companies/3ive/remote-senior-staff-software-engineer-142955,Senior/Staff Software Engineer
35,https://www.arbeitnow.com/jobs/companies/pgxperts-gmbh/senior-it-operations-specialist-furth-330256,Senior IT & Operations Specialist (m/w/d)
35,https://www.arbeitnow.com/jobs/companies/nexgate-it-gmbh/freelance-it-support-specialist-it-techniker-1st-2nd-level-onsite-rollout-bad-homburg-167169,Freelance IT Support Specialist / IT-Techniker (m/w/d) - 1st & 2nd Level | Onsite | Rollout
35,https://www.arbeitnow.com/jobs/companies/inlogy-gmbh/full-stack-developer-net-angular-paderborn-437249,Full-Stack-Developer (m/w/d) .NET/Angular
36,https://www.arbeitnow.com/jobs/companies/medialine-eurotrade-ag/ausbildung-kaufmann-fur-buromanagement-im-it-systemhaus-dresden-189927,Ausbildung Kaufmann für Büromanagement (m/w/d) im IT Systemhaus
36,https://www.arbeitnow.com/jobs/companies/projektron-gmbh/netzwerk-it-administration-berlin-325039,Netzwerk- / IT-Administration
36,https://www.arbeitnow.com/jobs/companies/onhires/backend-developer-rust-berlin-302814,Backend Developer (Rust)
36,https://www.arbeitnow.com/jobs/companies/redis/senior-solutions-architect-germany-56506,Senior Solutions Architect - Germany
36,https://www.arbeitnow.com/jobs/companies/magazino-gmbh/robot-perception-ml-engineer-autonomous-mobile-robots-munich-328175,Robot Perception/ML Engineer (f/m/d) Autonomous Mobile Robots
36,https://www.arbeitnow.com/jobs/companies/magazino-gmbh/robot-perception-ml-engineer-autonomous-mobile-robots-munich-78071,Robot Perception/ML Engineer (w/m/d) Autonomous Mobile Robots
36,https://www.arbeitnow.com/jobs/companies/norentec-gmbh/it-berater-fur-atlassian-losungen-in-vollzeit-braunschweig-24765,IT-Berater für Atlassian-Lösungen (m/w/d) in Vollzeit
37,https://www.arbeitnow.com/jobs/companies/donat-it-gmbh/auszubildender-fachinformatiker-anwendungsentwicklung-ingolstadt-31675,Auszubildender (w/m/d) Fachinformatiker Anwendungsentwicklung
37,https://www.arbeitnow.com/jobs/companies/andcompany-gmbh/senior-sap-abap-entwickler-hamburg-368554,Senior SAP ABAP-Entwickler (m/w/d)
37,https://www.arbeitnow.com/jobs/companies/agex-it-gmbh/it-systemtechniker-fur-ein-rechenzentrum-refnr-4216-berlin-179134,"IT-Systemtechniker für ein Rechenzentrum (w/m/d), Ref.Nr. 4216"
37,https://www.arbeitnow.com/jobs/companies/iq-solutions/senior-consultant-software-asset-management-sam-microsoft-lizenzberatung-munich-127489,Senior Consultant Software Asset Management (SAM) & Microsoft Lizenzberatung (m/w/d)
37,https://www.arbeitnow.com/jobs/companies/datagroup/it-service-desk-agent-all-genders-hamburg-466441,IT Service Desk Agent (all genders)
37,https://www.arbeitnow.com/jobs/companies/datagroup/it-servicetechniker-im-onsite-support-all-genders-hamburg-453813,IT Servicetechniker im Onsite Support (all genders)
37,https://www.arbeitnow.com/jobs/companies/fakt-gmbh/praxissemester-softwareentwicklung-heimertingen-328198,Praxissemester Softwareentwicklung (m/w/d)
37,https://www.arbeitnow.com/jobs/companies/rockstardevelopers-gmbh/senior-cloud-devops-engineer-aws-stuttgart-279696,Senior Cloud / DevOps Engineer (AWS) (m/w/d)
37,https://www.arbeitnow.com/jobs/companies/hallo-welt-gmbh/sales-trainee-b2b-software-regensburg-330201,Sales Trainee - B2B Software (m/w/d)
38,https://www.arbeitnow.com/jobs/companies/bosch-boden-spies/head-of-it-and-digitalization-it-leiter-digitalisierung-it-strategie-hamburg-232582,Head of IT and Digitalization / IT-Leiter (m/w/d) – Digitalisierung & IT-Strategie
38,https://www.arbeitnow.com/jobs/companies/dtad-gmbh/fullstack-developer-remote-berlin-343982,Fullstack Developer (m/w/d) remote
38,https://www.arbeitnow.com/jobs/companies/atix-ag/it-consultant-infrastructure-automation-garching-386029,IT Consultant Infrastructure Automation (m/w/d)
38,https://www.arbeitnow.com/jobs/companies/frechekoepfe-gmbh/pflichtpraktikum-webentwicklung-flexibler-start-moglich-karlsruhe-360926,Pflichtpraktikum Webentwicklung (flexibler Start möglich!)
38,https://www.arbeitnow.com/jobs/companies/zentso-s-gmbh/it-infrastructure-and-security-engineer-berlin-315887,IT Infrastructure and Security Engineer
39,https://www.arbeitnow.com/jobs/companies/revotion-gmbh/embedded-software-entwicklung-vollzeit-c-esp32-ble-iot-dusseldorf-29558,"Embedded Software-Entwicklung Vollzeit (M/W/D) C, ESP32, BLE, IoT"
39,https://www.arbeitnow.com/jobs/companies/sw-projekte-gmbh/fachinformatiker-it-systemelektroniker-schwerpunkt-alamos-alarmierungssysteme-bos-it-linden-80796,"Fachinformatiker / IT-Systemelektroniker (m/w/d) Schwerpunkt Alamos, Alarmierungssysteme & BOS-IT"
39,https://www.arbeitnow.com/jobs/companies/modern-drive-technology-gmbh/werkstudent-app-entwicklung-neumarkt-in-der-oberpfalz-261885,Werkstudent App-Entwicklung (m/w/d)
39,https://www.arbeitnow.com/jobs/companies/archtexx-consulting-gmbh/sap-consultant-fi-co-sd-sap-ai-and-joule-bad-soden-357178,SAP Consultant FI / CO / SD (m/f/d) - SAP AI and Joule
39,https://www.arbeitnow.com/jobs/companies/strategiep-personalberatung/it-administrator-bremen-152525,IT-Administrator (w/m/d)
39,https://www.arbeitnow.com/jobs/companies/knowyourchat/werkstudentin-praktikantin-software-development-rodental-23771,Werkstudent:in / Praktikant:in Software Development
39,https://www.arbeitnow.com/jobs/companies/specific-group-germany-gmbh/network-it-security-engineer-munich-248440,Network & IT Security Engineer (m/w/d)
40,https://www.arbeitnow.com/jobs/companies/ituma/ausbildung-zum-fachinformatiker-in-hilden-117026,Ausbildung zum Fachinformatiker/in (w/m/d)
40,https://www.arbeitnow.com/jobs/companies/nulegal-gmbh/senior-software-engineer-berlin-484223,Senior Software Engineer
40,https://www.arbeitnow.com/jobs/companies/ctk-gesellschaft-fur-computertechnologie-mbh/fachinformatiker-fur-systemintegration-quereinsteiger-willkommen-greding-440049,Ausbildung zum Fachinformatiker für Systemintegration (m/w/d)
40,https://www.arbeitnow.com/jobs/companies/growintherole/praktikantin-psychologie-in-einem-ki-start-up-fur-fuhrungskrafteentwicklung-koln-168767,Praktikant:in Psychologie (m/w/d) in einem KI Start-up für Führungskräfteentwicklung
40,https://www.arbeitnow.com/jobs/companies/schuhmann-partner/leiter-it-lubeck-434064,Leiter IT (w/m/d)
40,https://www.arbeitnow.com/jobs/companies/optano-gmbh/analytics-software-engineer-paderborn-471524,Analytics Software Engineer (m/w/d)
40,https://www.arbeitnow.com/jobs/companies/enecon-consulting-gmbh/sap-consultant-in-der-energiewirtschaft-dusseldorf-339685,SAP Consultant in der Energiewirtschaft (m/w/d)
41,https://www.arbeitnow.com/jobs/companies/hubside-die-recruitingwerkstatt/it-security-coordinator-munich-403290,IT Security Coordinator (m/w/d)
41,https://www.arbeitnow.com/jobs/companies/hubside-die-recruitingwerkstatt/leiter-software-entwicklung-produktmanagement-und-plattform-services-munich-56254,"Leiter Software Entwicklung, Produktmanagement und Plattform Services (m/w/d)"
41,https://www.arbeitnow.com/jobs/companies/d4l-data4life-ggmbh/senior-full-stack-developer-berlin-219764,Senior Full-Stack Developer (f/m/x)
41,https://www.arbeitnow.com/jobs/companies/scaletech-gmbh/web-developer-frontend-developer-bruchkobel-423555,Web Developer / Frontend Developer
41,https://www.arbeitnow.com/jobs/companies/magazino-gmbh/it-system-administrator-munich-218775,IT System Administrator (f/m/d)
41,https://www.arbeitnow.com/jobs/companies/magazino-gmbh/it-system-administrator-munich-41629,IT System Administrator (w/m/d)
41,https://www.arbeitnow.com/jobs/companies/hubside-die-recruitingwerkstatt/it-systemadministrator-schwerpunkt-webex-collaboration-munich-453465,IT-Systemadministrator (m/w/d) Schwerpunkt WebEx Collaboration
41,https://www.arbeitnow.com/jobs/companies/wesortai-gmbh/software-engineer-ki-basiertes-recycling-wurzburg-15208,Software Engineer (m/w/d) - KI-basiertes Recycling
41,https://www.arbeitnow.com/jobs/companies/wesortai-gmbh/machine-learning-engineer-foundation-models-wurzburg-368954,Machine Learning Engineer (m/w/d) - Foundation Models
41,https://www.arbeitnow.com/jobs/companies/dexter-health/technical-support-specialist-software-100-remote-cologne-24705,"Technical Support Specialist Software, 100% Remote (m/w/d)"
41,https://www.arbeitnow.com/jobs/companies/dexter-health/junior-application-support-specialist-software-100-homeoffice-cologne-280199,"Junior Application Support Specialist Software, 100% Homeoffice (m/w/d)"
41,https://www.arbeitnow.com/jobs/companies/qualityminds-gmbh/software-architektin-nuremberg-202763,Software Architekt:in (m/w/d)
41,https://www.arbeitnow.com/jobs/companies/paltron-gmbh/business-central-entwickler-marsberg-197129,Business Central Entwickler (m/w/d)
41,https://www.arbeitnow.com/jobs/companies/interface-projects-gmbh/kubernetes-platform-engineer-dresden-495673,Kubernetes Platform Engineer (m/w/d)
42,https://www.arbeitnow.com/jobs/companies/kordel-antriebstechnik-gmbh/senior-systemadministrator-dulmen-180743,Senior Systemadministrator (m/w/d)
42,https://www.arbeitnow.com/jobs/companies/assecor-gmbh/systemadministrator-it-infrastruktur-berlin-6492,Systemadministrator IT-Infrastruktur (m/w/d)
42,https://www.arbeitnow.com/jobs/companies/nfon/software-engineer-all-genders-munich-233705,Software Engineer (all genders)
42,https://www.arbeitnow.com/jobs/companies/maass-it/it-systemadministratorin-fachinformatiker-systemintegration-infrastruktur-wesel-63272,IT-Systemadministrator:in / Fachinformatiker Systemintegration Infrastruktur (m/w/d)
42,https://www.arbeitnow.com/jobs/companies/indie-solutions-gmbh/lead-backend-developer-dresden-61147,Lead Backend Developer (m/w/d)
42,https://www.arbeitnow.com/jobs/companies/momento-living-gmbh/werkstudent-it-systemadministrator-it-operations-standort-harrislee-handewitt-20-h-woche-218144,Werkstudent IT-Systemadministrator / IT Operations (m/w/d) Standort: Harrislee & Handewitt · 20 h/ Woche
42,https://www.arbeitnow.com/jobs/companies/idkom-networks-gmbh/it-consultant-citrix-kempten-173812,IT-Consultant Citrix (m/w/d)
42,https://www.arbeitnow.com/jobs/companies/coolback-gmbh/it-systemadministrator-hoppegarten-197863,IT Systemadministrator (m/w/d)
42,https://www.arbeitnow.com/jobs/companies/idkom-networks-gmbh/network-security-engineer-kempten-446156,Network Security Engineer (m/w/d)
42,https://www.arbeitnow.com/jobs/companies/dexter-health/ai-developer-llm-products-remote-cologne-401393,AI Developer (LLM Products) - Remote
42,https://www.arbeitnow.com/jobs/companies/dexter-health/applied-ai-developer-remote-cologne-318093,Applied AI Developer - Remote
43,https://www.arbeitnow.com/jobs/companies/qualityminds-gmbh/senior-frontend-developer-nuremberg-360357,Senior Frontend Developer (m/w/d)
43,https://www.arbeitnow.com/jobs/companies/ewerk-group/senior-it-solution-architect-consulting-leipzig-99889,(Senior) IT- / Solution Architect (m/w/d) - Consulting
43,https://www.arbeitnow.com/jobs/companies/riege-software/it-systemadministrator-meerbusch-297899,IT-Systemadministrator (m/w/d)
43,https://www.arbeitnow.com/jobs/companies/skalar/senior-data-engineer-munich-460710,Senior Data Engineer (w/m/d)
43,https://www.arbeitnow.com/jobs/companies/diamclean-gmbh/pflichtpraktikum-produktmarketing-software-launch-cologne-60851,Pflichtpraktikum Produktmarketing & Software Launch (m/w/d)
43,https://www.arbeitnow.com/jobs/companies/biga-software-gmbh/senior-software-developer-berlin-54661,Senior Software Developer
44,https://www.arbeitnow.com/jobs/companies/deandavid-franchise-gmbh/pflichtpraktikum-in-der-produktentwicklung-in-vollzeit-grafelfing-417949,Pflichtpraktikum in der Produktentwicklung (m/w/d) in Vollzeit
44,https://www.arbeitnow.com/jobs/companies/supra-foto-elektronik-vertriebs-gmbh/fullstack-developer-kaiserslautern-20630,Fullstack Developer
44,https://www.arbeitnow.com/jobs/companies/labeless-bytes-pixels-gmbh/junior-software-engineer-ai-native-munich-125766,Junior Software Engineer (AI-Native) (m/f/d)
44,https://www.arbeitnow.com/jobs/companies/interlead-gmbh/devsecops-engineer-berlin-219784,DevOps Engineer (m/w/d)
44,https://www.arbeitnow.com/jobs/companies/rahantech-gmbh/frontend-developer-hamburg-189233,Frontend Developer (m/f/d)
44,https://www.arbeitnow.com/jobs/companies/rahantech-gmbh/software-developer-berlin-409210,Software Developer (m/f/d)
44,https://www.arbeitnow.com/jobs/companies/hubside-die-recruitingwerkstatt/it-m365-spezialist-munich-438323,IT M365 Spezialist (m/w/d)
44,https://www.arbeitnow.com/jobs/companies/motor-ai/robotics-software-integration-engineer-berlin-188562,Robotics Software Integration Engineer (m/f/d)
44,https://www.arbeitnow.com/jobs/companies/global-market-solutions-gmbh/devops-engineer-bremen-300559,DevOps Engineer
44,https://www.arbeitnow.com/jobs/companies/mirantus-health/senior-full-stack-developer-berlin-283860,Senior Full Stack Developer (m/f/d)
44,https://www.arbeitnow.com/jobs/companies/ilert-gmbh/working-student-intern-software-engineer-frontend-backend-cologne-386374,Working Student / Intern: Software Engineer (Frontend & Backend) (f/m/x)
45,https://www.arbeitnow.com/jobs/companies/migrando-gmbh/it-systemadministrator-cottbus-192011,IT-Systemadministrator (w/m/d)
45,https://www.arbeitnow.com/jobs/companies/migrando-gmbh/frontend-entwickler-cottbus-230285,Frontend-Entwickler (w/m/d)
45,https://www.arbeitnow.com/jobs/companies/scaliro-gmbh/frontend-entwickler-angular-rosenheim-491955,Frontend-Entwickler Angular (m/w/d)
45,https://www.arbeitnow.com/jobs/companies/humanitize-gmbh/it-support-werl-462704,IT Support
45,https://www.arbeitnow.com/jobs/companies/21strategies-gmbh/senior-data-analyst-defense-metaverse-and-sensor-analytics-hallbergmoos-310162,Senior Data Analyst - Defense Metaverse and Sensor Analytics (m/w/d)
45,https://www.arbeitnow.com/jobs/companies/bahmann-coaching-gmbh/wirtschaftsinformatiker-in-vollzeit-hanover-248759,Wirtschaftsinformatiker/-in - Vollzeit (m/w/d)
46,https://www.arbeitnow.com/jobs/companies/hubside-die-recruitingwerkstatt/systemadministrator-im-erp-bereich-augsburg-153498,Systemadministrator im ERP Bereich (m/w/d)
46,https://www.arbeitnow.com/jobs/companies/migrando-gmbh/backend-entwickler-cottbus-168329,Backend-Entwickler (w/m/d)
46,https://www.arbeitnow.com/jobs/companies/right-search/teamlead-it-erp-verantwortlicher-dynamics-365-bc-nav-landau-an-der-isar-54281,Teamlead IT | ERP-Verantwortlicher | Dynamics 365 BC / NAV (w/m/d)
46,https://www.arbeitnow.com/jobs/companies/codewerk-gmbh/team-lead-software-engineering-karlsruhe-89522,Team Lead Software Engineering (m/d/w)
46,https://www.arbeitnow.com/jobs/companies/tee-maass-theodor-maass-gmbh/vetrieb-unternehmensentwicklung-rellingen-488186,Vetrieb & Unternehmensentwicklung (m/w/d)
46,https://www.arbeitnow.com/jobs/companies/wesortai-gmbh/entwicklungsingenieur-mechanik-elektrik-mechatronik-wurzburg-323138,Entwicklungsingenieur (m/w/d) - Mechanik & Elektrik (Mechatronik)
46,https://www.arbeitnow.com/jobs/companies/bitsbirds-gmbh/it-leiter-tubingen-409760,IT Leiter
46,https://www.arbeitnow.com/jobs/companies/cpu-consulting-software-gmbh/frontend-entwickler-munich-408603,Frontend Entwickler (m/w/d)
46,https://www.arbeitnow.com/jobs/companies/prochel-gmbh/it-administration-schwanstetten-361675,IT-Administration (m/w/d)
46,https://www.arbeitnow.com/jobs/companies/msa-fleet-consulting-msa-software-solutions-ug/senior-sap-abap-entwickler-bruckmuhl-459992,Senior SAP ABAP Entwickler (m/w/d)
47,https://www.arbeitnow.com/jobs/companies/ethno-health-group-bv/key-account-manager-gesundheit-partnerentwicklung-riede-444817,Key Account Manager (m/w/d) Gesundheit & Partnerentwicklung
47,https://www.arbeitnow.com/jobs/companies/impecto-consulting-gmbh/it-consultant-enterprise-architecture-ki-dusseldorf-259157,IT-Consultant (m/w/d) | Enterprise Architecture & KI
47,https://www.arbeitnow.com/jobs/companies/verwaltungssprung-gmbh/governance-application-expert-public-administration-verwaltungsinformatik-berlin-259950,Governance / Application Expert (f/m/d) | Public Administration & Verwaltungsinformatik
47,https://www.arbeitnow.com/jobs/companies/verwaltungssprung-gmbh/devops-engineer-berlin-450049,DevOps Engineer (f/m/d)
47,https://www.arbeitnow.com/jobs/companies/verwaltungssprung-gmbh/senior-full-stack-engineer-berlin-285581,Senior Full Stack Engineer (f/m/d)
47,https://www.arbeitnow.com/jobs/companies/verwaltungssprung-gmbh/midtier-frontend-engineer-berlin-302042,Midtier Frontend Engineer (f/m/d)
47,https://www.arbeitnow.com/jobs/companies/thinkred-gmbh/it-system-engineer-learning-management-systems-infrastructure-mainz-279690,IT-System Engineer Learning Management Systems & Infrastructure (m/w/d)
47,https://www.arbeitnow.com/jobs/companies/qualityminds-gmbh/lead-software-engineer-nuremberg-230564,Lead Software Engineer (m/w/d)
47,https://www.arbeitnow.com/jobs/companies/js-soft-ag/senior-sap-consultant-schwerpunkt-successfactors-hcm-heidelberg-111279,(Senior) SAP Consultant (m/w/d) - Schwerpunkt SuccessFactors / HCM
47,https://www.arbeitnow.com/jobs/companies/right-search/senior-consultant-it-operations-management-vaterstetten-98291,Senior Consultant IT Operations Management (w/m/d)
47,https://www.arbeitnow.com/jobs/companies/schwape-shared-service-gmbh/senior-fullstack-engineer-ai-native-dri-native-german-berlin-323199,"Senior Fullstack Engineer (AI-Native, DRI) - Native German (m/w/d)"
47,https://www.arbeitnow.com/jobs/companies/aicorn-gmbh/praktikantin-ki-gestutzte-produktentwicklung-bahnbranche-karlsruhe-335038,Praktikant:in KI-gestützte Produktentwicklung Bahnbranche (m/w/d)
47,https://www.arbeitnow.com/jobs/companies/paltron-gmbh/platform-engineering-team-lead-frankfurt-am-main-98818,Platform Engineering Team Lead (m/w/d)
47,https://www.arbeitnow.com/jobs/companies/dicos/it-operations-consultant-monitoring-infrastruktur-darmstadt-165047,IT Operations Consultant Monitoring & Infrastruktur (m/w/d)
48,https://www.arbeitnow.com/jobs/companies/remmert-gmbh/sps-programmierer-automatisierungstechniker-gn-osnabruck-141971,SPS - Programmierer / Automatisierungstechniker (gn)
48,https://www.arbeitnow.com/jobs/companies/remmert-gmbh/sps-programmierer-automatisierungstechniker-gn-lohne-129019,SPS - Programmierer / Automatisierungstechniker (gn)
48,https://www.arbeitnow.com/jobs/companies/remmert-gmbh/sps-programmierer-automatisierungstechniker-gn-bad-oeynhausen-499416,SPS - Programmierer / Automatisierungstechniker (gn)
48,https://www.arbeitnow.com/jobs/companies/viereinhalb-gmbh/full-stack-developer-schmallenberg-400851,Full Stack Developer*
48,https://www.arbeitnow.com/jobs/companies/remmert-gmbh/sps-programmierer-automatisierungstechniker-gn-herford-105511,SPS - Programmierer / Automatisierungstechniker (gn)
48,https://www.arbeitnow.com/jobs/companies/remmert-gmbh/sps-programmierer-automatisierungstechniker-gn-bunde-70699,SPS - Programmierer / Automatisierungstechniker (gn)
48,https://www.arbeitnow.com/jobs/companies/remmert-gmbh/sps-programmierer-automatisierungstechniker-gn-bielefeld-477820,SPS - Programmierer / Automatisierungstechniker (gn)
48,https://www.arbeitnow.com/jobs/companies/securevibe-it-solutions-gmbh/ausbildung-fachinformatiker-systemintegration-hamburg-459173,Ausbildung Fachinformatiker Systemintegration (m/w/d)
48,https://www.arbeitnow.com/jobs/companies/georg-kobele-gmbh-co-kg/it-systemadministrator-infrastruktur-service-nagold-256466,IT-Systemadministrator (m/w/d) - Infrastruktur & Service
48,https://www.arbeitnow.com/jobs/companies/digital-impacts-gmbh/consultant-it-governance-risk-compliance-technology-friedberg-156666,"Consultant IT - Governance, Risk & Compliance Technology"
48,https://www.arbeitnow.com/jobs/companies/progyny-global/software-engineering-manager-berlin-138036,Software Engineering Manager (m/f/x)
48,https://www.arbeitnow.com/jobs/companies/xylem/automatisierungstechniker-sps-programmierer-in-langenhagen-bremen-51538,Automatisierungstechniker / SPS Programmierer (m/w/d) in Langenhagen / Bremen
48,https://www.arbeitnow.com/jobs/companies/e-velopment-gmbh/auszubildender-2027-zum-fachinformatiker-fur-anwendungsentwicklung-gn-hamburg-198205,Auszubildender 2027 zum Fachinformatiker für Anwendungsentwicklung (gn*)
48,https://www.arbeitnow.com/jobs/companies/stenum-ortho-gmbh/fachinformatiker-systemintegration-in-vollzeit-ganderkesee-20390,Fachinformatiker Systemintegration (w/m/d) in Vollzeit
48,https://www.arbeitnow.com/jobs/companies/smartmicro/senior-software-architect-braunschweig-333649,Senior Software Architect (m/f/d)
49,https://www.arbeitnow.com/jobs/companies/acteno-energy-gmbh/it-entwicklung-fur-zukunft-der-erneuerbaren-energie-speicher-wasserstoff-heidelberg-76668,IT-Entwicklung für Zukunft der Erneuerbaren Energie - Speicher & Wasserstoff
49,https://www.arbeitnow.com/jobs/companies/aoe-solutions-gmbh/senior-cloud-solutions-architect-wiesbaden-382896,Senior Cloud Solutions Architect (m/w/d)
49,https://www.arbeitnow.com/jobs/companies/adeal-systems-gmbh/senior-software-engineer-data-cloud-senior-data-engineer-neu-isenburg-108445,Senior Software Engineer Data & Cloud / Senior Data Engineer (m/w/d)
49,https://www.arbeitnow.com/jobs/companies/doopic-gmbh/machine-learning-engineer-berlin-477664,Machine Learning Engineer (m/w/d)
49,https://www.arbeitnow.com/jobs/companies/strategiep-personalberatung/devops-engineer-bremen-35828,DevOps Engineer (w/m/d)
49,https://www.arbeitnow.com/jobs/companies/bridger/senior-cloud-engineer-cologne-403688,Senior Cloud Engineer (m/f/d)
49,https://www.arbeitnow.com/jobs/companies/lox-solutions-gmbh/software-engineer-t-shaped-cologne-208027,⭐ Software Engineer - T-Shaped (f/m/x)
49,https://www.arbeitnow.com/jobs/companies/bd-operations-gmbh/quality-assurance-qa-software-testing-augsburg-121842,Quality Assurance / QA Software Testing (m/w/d)
49,https://www.arbeitnow.com/jobs/companies/medsolve/jahrespraktikum-pflichtpraktikum-it-technik-systemintegration-eschborn-196056,Jahrespraktikum (Pflichtpraktikum) IT-Technik / Systemintegration (m/w/d)
49,https://www.arbeitnow.com/jobs/companies/let-it-click-gmbh/pflichtpraktikum-it-webentwicklung-osnabruck-56430,Pflichtpraktikum IT / Webentwicklung (m/w/d)
50,https://www.arbeitnow.com/jobs/companies/mgrp/werkstudent-it-consulting-ki-frankfurt-am-main-78603,Werkstudent (m/w/d) - IT Consulting & KI
50,https://www.arbeitnow.com/jobs/companies/rochus-mummert-digital-gmbh/it-application-manager-erp-product-owner-osnabruck-198474,IT Application Manager ERP & Product Owner (m/w/d)
50,https://www.arbeitnow.com/jobs/companies/artschwager-kohl-software-gmbh/fullstack-softwareentwickler-herzogenaurach-86536,Fullstack - Softwareentwickler (m/w/d)
50,https://www.arbeitnow.com/jobs/companies/artschwager-kohl-software-gmbh/projektleiter-fur-it-softwareprojekte-herzogenaurach-235682,Projektleiter (m/w/d) für IT / Softwareprojekte
50,https://www.arbeitnow.com/jobs/companies/cirrus-real-estate-gmbh/trainee-immobilienentwicklung-18-24-monate-berlin-286010,Trainee Immobilienentwicklung (m/w/d) (18-24 Monate)
50,https://www.arbeitnow.com/jobs/companies/yourmail-gmbh/senior-full-stack-entwicklerin-react-typescript-net-100-remote-ki-first-berlin-331045,"Senior Full-Stack-Entwickler:in React / TypeScript / .NET 100 % Remote, KI-First"
50,https://www.arbeitnow.com/jobs/companies/yourmail-gmbh/senior-frontend-entwicklerin-react-typescript-100-remote-ki-first-berlin-204390,"Senior Frontend-Entwickler:in React / TypeScript, 100 % Remote, KI-First"
50,https://www.arbeitnow.com/jobs/companies/ec-consulting/ausbildung-fachinformatiker-in-fur-anwendungsentwicklung-2026-meerbusch-269059,Ausbildung Fachinformatiker/in für Anwendungsentwicklung 2026 (m/w/d)
50,https://www.arbeitnow.com/jobs/companies/flexus-ag/abap-entwickler-warehouse-management-und-mobile-apps-wurzburg-402797,ABAP Entwickler - Warehouse Management und Mobile Apps (m/w/d)
50,https://www.arbeitnow.com/jobs/companies/norsan-gmbh/it-systemadministrator-cloud-und-anwendersupport-berlin-ostkreuz-242728,IT-Systemadministrator (m/w/d) Cloud- und Anwendersupport / Berlin-Ostkreuz
50,https://www.arbeitnow.com/jobs/companies/avento-immobilien-services/senior-software-engineer-munich-297316,Senior Software Engineer (m/f/d)
50,https://www.arbeitnow.com/jobs/companies/knowtion-gmbh/software-entwickler-karlsruhe-402371,Software Entwickler (m/w/d)
50,https://www.arbeitnow.com/jobs/companies/knowtion-gmbh/werkstudent-software-entwicklung-fur-komplexe-systeme-karlsruhe-116676,Werkstudent Software Entwicklung für komplexe Systeme (m/w/d)
51,https://www.arbeitnow.com/jobs/companies/layer7-gmbh/remote-it-support-engineer-eimeldingen-23877,Remote IT-Support-Engineer (m/w/d)
51,https://www.arbeitnow.com/jobs/companies/robominds-gmbh/business-developer-robobrain-munich-171977,Business Developer robobrain (m/w/d)
51,https://www.arbeitnow.com/jobs/companies/fitnesshotline-gmbh/chancen-auf-weiterentwicklungsmoglichkeiten-im-bereich-controlling-auerbach-124827,Chancen auf Weiterentwicklungsmöglichkeiten im Bereich Controlling m/w/d
51,https://www.arbeitnow.com/jobs/companies/spine-gmbh/werkstudent-softwareentwicklung-munich-199964,Werkstudent Softwareentwicklung (m/w/d)
51,https://www.arbeitnow.com/jobs/companies/irpd-gmbh/senior-software-systems-engineer-schweinfurt-267157,Senior Software- & Systems-Engineer (m/w/d)
51,https://www.arbeitnow.com/jobs/companies/noris-network-ag/senior-it-security-analyst-nuremberg-376121,Senior IT Security Analyst (m/w/d)
51,https://www.arbeitnow.com/jobs/companies/volksbank-lubeck-eg/kreditbearbeitung-entwicklung-lubeck-16523,Kreditbearbeitung Entwicklung (m/w/d)
51,https://www.arbeitnow.com/jobs/companies/storymachine-gmbh/apple-it-systemadministrator-32h-berlin-462808,Apple IT Systemadministrator (m/w/d) - 32h
52,https://www.arbeitnow.com/jobs/companies/layer-performance-gmbh/software-engineer-for-3d-printing-slicing-algorithms-aachen-136381,Software Engineer (m/f/d) for 3D Printing & Slicing Algorithms
52,https://www.arbeitnow.com/jobs/companies/layer-performance-gmbh/software-engineer-fur-3d-druck-slicing-algorithmen-aachen-130778,Software Engineer (m/w/d) für 3D-Druck & Slicing-Algorithmen
52,https://www.arbeitnow.com/jobs/companies/starface-gmbh/it-support-engineer-2nd-level-all-genders-fur-unified-communications-karlsruhe-47581,IT-Support Engineer 2nd Level (all genders) für Unified Communications
52,https://www.arbeitnow.com/jobs/companies/etops-gmbh/software-development-team-lead-burbach-251437,Software Development Team Lead
52,https://www.arbeitnow.com/jobs/companies/campoint-ag/senior-qa-engineer-seligenstadt-280954,Senior QA Engineer (m/w/d)
52,https://www.arbeitnow.com/jobs/companies/ccure-geschaftsbereich-der-megamaris-gmbh/it-security-engineer-berlin-326196,IT Security Engineer (m/w/d)
52,https://www.arbeitnow.com/jobs/companies/prematch/senior-software-engineer-mobile-all-genders-cologne-244885,Senior Software Engineer - mobile (All Genders)
52,https://www.arbeitnow.com/jobs/companies/evoila-frankfurt-gmbh/devsecops-it-engineer-consultant-frankfurt-am-main-284976,DevSecOps IT Engineer/Consultant (m/w/d)
52,https://www.arbeitnow.com/jobs/companies/metzner-maschinenbau/senior-sps-programmierer-neu-ulm-275038,Senior SPS-Programmierer (m/w/d)
52,https://www.arbeitnow.com/jobs/companies/indie-solutions-gmbh/senior-frontend-developer-react-dresden-134663,(Senior) Frontend Developer (m/w/d) React
52,https://www.arbeitnow.com/jobs/companies/hubside-die-recruitingwerkstatt/senior-systemadministrator-server-virtualisierung-munich-492072,Senior Systemadministrator (m/w/d) Server & Virtualisierung
52,https://www.arbeitnow.com/jobs/companies/minutes-90/software-engineering-internship-3-months-buchloe-36221,Software Engineering Internship (3 Months)
52,https://www.arbeitnow.com/jobs/companies/oros-energy-europe-gmbh/erfahrener-backend-entwickler-konstanz-127146,Erfahrener Backend Entwickler (m/w/d)
53,https://www.arbeitnow.com/jobs/companies/motor-ai/senior-devops-engineer-hybrid-infrastructure-berlin-128882,Senior DevOps Engineer (m/f/d) Hybrid Infrastructure
53,https://www.arbeitnow.com/jobs/companies/hirsch-vermogensverwaltung-gmbh/sap-hcm-full-stack-entwickler-schwerpunkt-frontend-gelsenkirchen-223580,SAP HCM Full-Stack Entwickler (Schwerpunkt Frontend)
53,https://www.arbeitnow.com/jobs/companies/nexus-deutschland/oracle-datenbankadministratorin-berlin-495278,Oracle - Datenbankadministrator:in
53,https://www.arbeitnow.com/jobs/companies/dyve-gmbh/senior-fullstack-engineer-100-remote-purpose-unternehmen-hamburg-493797,Senior Fullstack Engineer (m/w/d) · 100% Remote · Purpose-Unternehmen
53,https://www.arbeitnow.com/jobs/companies/solactive-ag/site-reliability-engineer-berlin-297728,Site Reliability Engineer (m/f/d)
53,https://www.arbeitnow.com/jobs/companies/ctl-gmbh/ausbildung-zum-zur-fachinformatiker-in-systemintegration-ausbildungsstart-2027-bohmenkirch-465509,Ausbildung zum/zur Fachinformatiker/in - Systemintegration (m/w/d) | Ausbildungsstart 2027
53,https://www.arbeitnow.com/jobs/companies/capitalflow-gmbh/full-stack-engineer-typescript-nodejs-fintech-start-up-stuttgart-404953,Full Stack Engineer (m/w/d) TypeScript/Node.js | Fintech Start-up Stuttgart
54,https://www.arbeitnow.com/jobs/companies/overfly-gmbh/senior-full-stack-ai-engineer-berlin-24004,Senior Full Stack & AI Engineer (m/w/d)
54,https://www.arbeitnow.com/jobs/companies/mes-menschen-entwicklung-systeme-gmbh/praktikantin-personalentwicklung-und-potenzialdiagnostik-in-vollzeit-all-genders-cologne-31335,Praktikant:in Personalentwicklung und Potenzialdiagnostik in Vollzeit (all genders)
54,https://www.arbeitnow.com/jobs/companies/irubis-gmbh/software-engineer-full-stack-devops-all-genders-full-time-munich-296514,Senior Software Engineer (m/w/d) Biotech Start-up
54,https://www.arbeitnow.com/jobs/companies/flexopus/ausbildung-fachinformatiker-systemintegration-all-genders-stuttgart-410055,Ausbildung Fachinformatiker Systemintegration (All Genders)
54,https://www.arbeitnow.com/jobs/companies/hans-brainfood-gmbh/lets-grow-together-pflicht-praktikantin-qualitatsmanagement-produktentwicklung-fur-ws-26-27-regensburg-478660,LET'S GROW TOGETHER! Pflicht-Praktikant:in (m/w/d) - Qualitätsmanagement & Produktentwicklung für WS 26/27
54,https://www.arbeitnow.com/jobs/companies/w-wolf-gmbh/it-mitarbeiter-first-level-support-in-teilzeit-damit-unsere-it-im-alltag-zuverlassig-funktioniert-kalchreuth-194124,IT-Mitarbeiter / First-Level-Support in Teilzeit (m/w/d) - Damit unsere IT im Alltag zuverlässig funktioniert
54,https://www.arbeitnow.com/jobs/companies/medconomy-gmbh/remote-softwareentwicklung-modernes-tech-stack-freelancing-cologne-158477,Remote Softwareentwicklung | Modernes Tech-Stack | Freelancing
54,https://www.arbeitnow.com/jobs/companies/swoofle-gmbh/praktikum-fachinformatiker-systemintegration-berlin-19756,Praktikum Fachinformatiker Systemintegration (w/m/d)
54,https://www.arbeitnow.com/jobs/companies/ec-consulting/trainee-softwareentwicklung-meerbusch-438162,Trainee Softwareentwicklung (m/w/d)
54,https://www.arbeitnow.com/jobs/companies/red6-enterprise-software-gmbh/softwareentwicklerin-mit-ki-fokus-hamburg-116276,Softwareentwickler:in mit KI-Fokus (m/w/d)
54,https://www.arbeitnow.com/jobs/companies/sokra/founding-engineer-full-stack-ai-ml-berlin-330875,Founding Engineer (Full-Stack · AI/ML)
54,https://www.arbeitnow.com/jobs/companies/digitale-offensive-gmbh/typo3-entwicklerin-bielefeld-vollzeit-hybrid-49900,TYPO3 Entwickler:in (m/w/d) · Bielefeld · Vollzeit · Hybrid
54,https://www.arbeitnow.com/jobs/companies/digitale-offensive-gmbh/frontend-entwicklerin-bielefeld-vollzeit-hybrid-12757,Frontend Entwickler:in (m/w/d) · Bielefeld · Vollzeit · Hybrid
54,https://www.arbeitnow.com/jobs/companies/comnet-naval-communication-gmbh/systemspezialistin-software-und-it-administration-bremen-337121,Systemspezialist:in Software und IT-Administration
54,https://www.arbeitnow.com/jobs/companies/cine-plus/it-administration-freelance-m365-voip-windows-server-netzwerk-berlin-61787,"IT-Administration (Freelance): M365, VoIP, Windows Server & Netzwerk"
55,https://www.arbeitnow.com/jobs/companies/depero/java-softwareentwickler-gronau-434949,Java Softwareentwickler (m/w/d)
55,https://www.arbeitnow.com/jobs/companies/immofokus-gmbh/werkstudent-fur-die-projektentwicklung-hamburg-402285,Werkstudent (m/w/d) für die Projektentwicklung
55,https://www.arbeitnow.com/jobs/companies/logicc/senior-backend-developer-go-startup-hybrid-remote-hamburg-215490,Senior Backend Developer (Go) (m/f/d) - Startup - Hybrid/Remote
55,https://www.arbeitnow.com/jobs/companies/logicc/backend-developer-go-nodejs-typescript-startup-hybrid-remote-hamburg-41124,Backend Developer (Go/ NodeJS/ TypeScript) (m/f/d) - Startup - Hybrid/Remote
55,https://www.arbeitnow.com/jobs/companies/fourbyte-gmbh/frontend-engineer-cologne-23823,Frontend Engineer (m/w/d)
55,https://www.arbeitnow.com/jobs/companies/fourbyte-gmbh/senior-backend-engineer-go-cologne-380372,Senior Backend Engineer (Go) (m/w/d)
55,https://www.arbeitnow.com/jobs/companies/starhead-gmbh/it-security-consultant-geretsried-452046,IT-Security Consultant (w/m/d)
55,https://www.arbeitnow.com/jobs/companies/bestandsfaktor/founding-software-engineer-ki-startup-koln-cologne-491997,"Founding Software Engineer, KI-Startup Köln, m/w/d"
55,https://www.arbeitnow.com/jobs/companies/wearedna/senior-frontend-engineer-react-typescript-augsburg-475138,Senior Frontend Engineer (React / TypeScript)
55,https://www.arbeitnow.com/jobs/companies/we-site-gmbh-shopify-agentur/shopify-developer-fullstack-in-vollzeit-hamburg-450309,Shopify Developer - Fullstack (m/w/d) in Vollzeit
56,https://www.arbeitnow.com/jobs/companies/k-tronik-gmbh/development-engineer-mmic-characterization-munich-393093,Development Engineer (m/f/x) MMIC Characterization
56,https://www.arbeitnow.com/jobs/companies/fluitronics-gmbh/entwicklungsingenieur-automatisierungs-steuerungstechnik-krefeld-128413,Entwicklungsingenieur Automatisierungs- & Steuerungstechnik (m/w/d)
56,https://www.arbeitnow.com/jobs/companies/intercon-solutions-gmbh/it-systemadministrator-microsoft-365-intune-cloud-hamburg-348186,IT Systemadministrator (m/w/d) Microsoft 365 | Intune | Cloud | Hamburg
56,https://www.arbeitnow.com/jobs/companies/dorothee-schumacher/it-operations-project-specialist-mannheim-206845,IT Operations & Project Specialist (m/w/d)
56,https://www.arbeitnow.com/jobs/companies/ccure-geschaftsbereich-der-megamaris-gmbh/network-security-engineer-reutlingen-24095,Network Security Engineer (m/w/d)
56,https://www.arbeitnow.com/jobs/companies/app-akademie-gmbh/mentor-fur-ai-gestutzte-softwareentwicklung-werkstudent-berlin-175215,Mentor für AI-gestützte Softwareentwicklung (Werkstudent)
56,https://www.arbeitnow.com/jobs/companies/cyberguard-connect/cyber-security-solutions-architect-pentesting-berlin-60731,Cyber Security Solutions Architect / Pentesting (m/w/d)
56,https://www.arbeitnow.com/jobs/companies/ccure-geschaftsbereich-der-megamaris-gmbh/it-architekt-security-kempten-172730,IT-Architekt Security (m/w/d)
56,https://www.arbeitnow.com/jobs/companies/paltron-gmbh/head-of-software-development-munich-332997,Head of Software Development (m/w/d)
56,https://www.arbeitnow.com/jobs/companies/haeger-consulting-gmbh/data-engineer-schwerpunkt-infrastruktur-plattform-bonn-115825,Data Engineer – Schwerpunkt Infrastruktur & Plattform*
56,https://www.arbeitnow.com/jobs/companies/ccure-geschaftsbereich-der-megamaris-gmbh/it-infrastruktur-architekt-hanover-296861,IT-Infrastruktur Architekt (m/w/d)
56,https://www.arbeitnow.com/jobs/companies/cygrid-gmbh/founding-backend-engineergo-berlin-133902,Founding Backend Engineer(Go)
57,https://www.arbeitnow.com/jobs/companies/dostani-it-gmbh/it-service-project-manager-dortmund-485751,IT Service & Project Manager (m/w/d)
57,https://www.arbeitnow.com/jobs/companies/yorizon-gmbh-cokg/fachinformatikerin-fur-systemintegration-datacenter-berlin-276131,Fachinformatiker:in für Systemintegration Datacenter (w/m/d)
57,https://www.arbeitnow.com/jobs/companies/emil-group-gmbh/senior-leading-software-engineer-x-berlin-65729,Senior/Leading Software Engineer (f/m/d/x)
57,https://www.arbeitnow.com/jobs/companies/intercon-solutions-gmbh/it-systemadministrator-modern-workplace-engineer-hamburg-11804,IT Systemadministrator / Modern Workplace Engineer (m/w/d)
57,https://www.arbeitnow.com/jobs/companies/xylem/senior-embedded-software-engineer-gunzburg-302938,Senior Embedded Software Engineer (m/w/d) - Günzburg
57,https://www.arbeitnow.com/jobs/companies/tiffinger-thiel-gmbh/senior-software-developer-landshut-110259,Senior Software Developer (w/m/d)
57,https://www.arbeitnow.com/jobs/companies/frisch-auf-goppingen/praxissemester-digitale-kommunikation-digitale-geschaftsentwicklung-goppingen-339351,Praxissemester Digitale Kommunikation & Digitale Geschäftsentwicklung
57,https://www.arbeitnow.com/jobs/companies/holz-richter-gmbh/full-stack-entwickler-developer-vollzeit-remote-deutschland-lindlar-80414,Full Stack Entwickler / Developer (m/w/d) - Vollzeit Remote (Deutschland)
57,https://www.arbeitnow.com/jobs/companies/cdh-computing-gmbh/lead-consultant-it-architect-greven-337087,Lead Consultant / IT Architect (m/w/d)
57,https://www.arbeitnow.com/jobs/companies/perinova-it-management-gmbh/it-supporter-raum-heilbronn-stuttgart-271234,IT-Supporter (w/m/d) | Raum Heilbronn
57,https://www.arbeitnow.com/jobs/companies/lunchlist-gmbh/softwarearchitekt-teunz-259011,Softwarearchitekt (m/w/d)
57,https://www.arbeitnow.com/jobs/companies/l3montree/senior-softwareentwicklerin-technischer-team-lead-go-nodejs-k8s-in-der-cybersecurity-bonn-344389,Senior SoftwareentwicklerIn & technischer Team-Lead (Go/Node.js/K8s) in der Cybersecurity (m/w/d)
58,https://www.arbeitnow.com/jobs/companies/hubside-die-recruitingwerkstatt/it-auditor-munich-73541,IT Auditor (m/w/d)
58,https://www.arbeitnow.com/jobs/companies/it-engineering-manufacturing-solutions-gmbh/werkstudent-softwareentwicklung-smart-factory-pliezhausen-323826,Werkstudent (m/w/d) Softwareentwicklung Smart Factory
58,https://www.arbeitnow.com/jobs/companies/simba-computer-systeme-gmbh/trainee-anwendungsberatung-fur-finanzsoftware-karlsruhe-143026,Trainee Anwendungsberatung (m/w/d) für Finanzsoftware
58,https://www.arbeitnow.com/jobs/companies/actago4it-gmbh/kaufmann-fur-it-system-management-landau-an-der-isar-173060,Kaufmann für IT-System-Management (m/w/d)
58,https://www.arbeitnow.com/jobs/companies/hg-hansen-gieraths-edv-vertriebsgesellschaft-mbh/interner-microsoft-dynamics-365-business-central-anwendungsentwickler-bonn-383437,Interner Microsoft Dynamics 365 Business Central Anwendungsentwickler (m/w/d)
58,https://www.arbeitnow.com/jobs/companies/emil-group-gmbh/senior-software-engineer-in-test-x-berlin-447251,Senior Software Engineer in Test (f/m/d/x)
58,https://www.arbeitnow.com/jobs/companies/zweidigital-gmbh/werkstudent-data-analyst-frankfurt-am-main-286578,Werkstudent Data Analyst (m/w/d)
58,https://www.arbeitnow.com/jobs/companies/ccure-geschaftsbereich-der-megamaris-gmbh/leiter-it-security-heilbronn-140004,Leiter IT-Security (m/w/d)
58,https://www.arbeitnow.com/jobs/companies/handlerbund-management-ag/backend-entwickler-php-laravel-remote-4-tage-woche-leipzig-34547,"Backend-Entwickler PHP/Laravel (m/w/d) - Remote, 4-Tage-Woche"
58,https://www.arbeitnow.com/jobs/companies/uptofuture/prozessmanager-digital-manager-it-manager-ki-manager-seligenstadt-38292,Prozessmanager - Digital-Manager - IT-Manager - KI-Manager (m/w/d)
58,https://www.arbeitnow.com/jobs/companies/cpu-consulting-software-gmbh/softwareentwickler-munster-476696,Softwareentwickler (m/w/d)
59,https://www.arbeitnow.com/jobs/companies/mgrp/senior-consultant-it-security-frankfurt-am-main-175152,Senior Consultant IT Security (m/w/d)
59,https://www.arbeitnow.com/jobs/companies/live-reply-gmbh/principal-software-developer-bu2-dusseldorf-485878,Principal Software Developer (M/W/D) - BU2
59,https://www.arbeitnow.com/jobs/companies/jemix-gmbh/ausbildung-it-system-management-berlin-478985,Ausbildung IT-System-Management (m/w/d)
59,https://www.arbeitnow.com/jobs/companies/leanio-gmbh/werkstudent-softwareentwicklung-c-wpf-passau-322417,Werkstudent Softwareentwicklung C# / WPF (m/w/d)
59,https://www.arbeitnow.com/jobs/companies/waldemar-link-gmbh-co-kg/entwicklungsingenieur-konstruktion-norderstedt-176364,Entwicklungsingenieur Konstruktion (m/w/d)
59,https://www.arbeitnow.com/jobs/companies/fullhouse-it-services-ag/it-administrator-farchant-274039,IT-Administrator (m/w/d)
59,https://www.arbeitnow.com/jobs/companies/stenon-gmbh/embedded-firmware-developer-agri-tech-sensor-systems-potsdam-416933,Embedded Firmware Developer (Agri-Tech / Sensor Systems) (m/f/d)
59,https://www.arbeitnow.com/jobs/companies/gpi-consulting-gmbh/devops-engineer-hamburg-29589,DevOps Engineer (w/m/d)
59,https://www.arbeitnow.com/jobs/companies/sc-media-house/werkstudent-full-stack-entwicklung-munich-378351,Werkstudent Full-Stack Entwicklung (m/w/d)
59,https://www.arbeitnow.com/jobs/companies/emil-group-gmbh/sales-manager-software-for-insurances-berlin-130161,Sales Manager (w/m/d) Software for Insurances
59,https://www.arbeitnow.com/jobs/companies/emil-group-gmbh/technischer-presales-consultant-x-software-for-insurances-berlin-162078,Technischer Presales Consultant (w/m/d/x) Software for Insurances
59,https://www.arbeitnow.com/jobs/companies/neocosmo-gmbh/frontend-entwicklerin-saarbrucken-158931,Frontend-Entwickler:in (m/w/d)
59,https://www.arbeitnow.com/jobs/companies/tele90-telecom-gmbh/ausbildung-zum-fachinformatiker-fur-systemintegration-nuremberg-289488,Ausbildung zum Fachinformatiker für Systemintegration (m/w/d)
59,https://www.arbeitnow.com/jobs/companies/hubside-die-recruitingwerkstatt/java-entwickler-devops-munich-286117,Java Entwickler DevOps (m/w/d)
60,https://www.arbeitnow.com/jobs/companies/softwarestack-gmbh/ausbildung-zum-fachinformatiker-anwendungsentwicklung-villingen-schwenningen-97810,Ausbildung zum Fachinformatiker (m/w/d) - Anwendungsentwicklung
60,https://www.arbeitnow.com/jobs/companies/1komma50/senior-software-engineer-energy-markets-berlin-143766,Senior Software Engineer - Energy Markets (m/f/d)
60,https://www.arbeitnow.com/jobs/companies/critalog-gmbh/senior-fullstack-entwicklerin-heilbronn-195005,Senior Fullstack Entwickler:in
60,https://www.arbeitnow.com/jobs/companies/mint-solutions/it-teamleiter-infrastruktur-operations-in-frankfurt-frankfurt-am-main-149370,IT Teamleiter (m/w/d) Infrastruktur & Operations in Frankfurt
60,https://www.arbeitnow.com/jobs/companies/iteration-one-gmbh/software-engineer-game-development-karlsruhe-408450,"Software Engineer, Game Development (f/m/d)"
60,https://www.arbeitnow.com/jobs/companies/sambus-gmbh/junior-fachinformatiker-in-systemintegration-hamburg-194572,Junior Fachinformatiker/in Systemintegration (m/w/d)
60,https://www.arbeitnow.com/jobs/companies/accelerated/qa-specialist-qa-engineer-freelanceship-100-remote-hamburg-399434,QA Specialist / QA Engineer - Freelanceship - 100% remote
60,https://www.arbeitnow.com/jobs/companies/frommer-legal/it-administrator-munich-330016,It Administrator (M/W/D)
60,https://www.arbeitnow.com/jobs/companies/1komma50/senior-backend-vpp-software-engineer-typescript-berlin-265007,Senior Backend VPP Software Engineer - TypeScript (m/f/d)
60,https://www.arbeitnow.com/jobs/companies/sacred-byte-gmbh/it-operations-cybersecurity-specialist-berlin-70363,IT Operations & Cybersecurity Specialist
60,https://www.arbeitnow.com/jobs/companies/zepta-technologies-gmbh/full-stack-software-developer-im-iot-bereich-js-ts-kotlin-dresden-310843,"Full Stack Software Developer im IoT Bereich: JS/TS, Kotlin (m/w/d)"
60,https://www.arbeitnow.com/jobs/companies/recruit-121-group/sap-integration-developer-pi-po-btp-dusseldorf-150872,SAP Integration Developer (m/w/d) - PI/PO/BTP
60,https://www.arbeitnow.com/jobs/companies/mischok-gmbh/lead-developer-augsburg-440296,Lead Developer (m/w/d)
60,https://www.arbeitnow.com/jobs/companies/ccure-geschaftsbereich-der-megamaris-gmbh/it-security-administrator-freiburg-im-breisgau-417112,IT-Security Administrator (m/w/d)
60,https://www.arbeitnow.com/jobs/companies/ssh-software-und-systemberatung-gmbh/betriebswirt-wirtschaftsinformatiker-im-projektmanagement-erp-schwarzach-am-main-315077,Betriebswirt / Wirtschaftsinformatiker im Projektmanagement ERP (m/w/d)
60,https://www.arbeitnow.com/jobs/companies/truckscout24/werkstudent-softwaretester-quality-assurance-truckscout24-essen-195016,Werkstudent Softwaretester & Quality Assurance (m/w/d) TruckScout24
61,https://www.arbeitnow.com/jobs/companies/work-and-travel-guide/senior-backend-engineer-django-high-ownership-frankfurt-am-main-281652,"Senior Backend Engineer (Django), High Ownership"
61,https://www.arbeitnow.com/jobs/companies/erecht24-gmbh-co-kg/senior-php-laravel-entwicklerin-dortmund-11318,Senior PHP / Laravel Entwickler*in (m/w/d)
61,https://www.arbeitnow.com/jobs/companies/erecht24-gmbh-co-kg/senior-php-laravel-entwicklerin-magdeburg-27054,Senior PHP / Laravel Entwickler*in (m/w/d)
61,https://www.arbeitnow.com/jobs/companies/erecht24-gmbh-co-kg/senior-php-laravel-entwicklerin-berlin-486306,Senior PHP / Laravel Entwickler*in (m/w/d)
61,https://www.arbeitnow.com/jobs/companies/bss-mitte-gmbh/it-consultant-finanzbuchhaltung-fur-microsoft-dynamics-business-central-bc-kassel-473393,IT-Consultant (m/w/d) Finanzbuchhaltung für Microsoft Dynamics Business Central (BC)
61,https://www.arbeitnow.com/jobs/companies/technec24-ug/it-support-berlin-439042,IT Support (w/m/d)
61,https://www.arbeitnow.com/jobs/companies/livello-gmbh/cloud-platform-engineer-for-tech-startup-dusseldorf-232353,Cloud Platform Engineer for Tech Startup (m/w/d)
61,https://www.arbeitnow.com/jobs/companies/tekkminds-ag/senior-cloud-software-engineer-backend-ki-munich-21795,"Senior Cloud Software Engineer, Backend & KI (m/w/d)"
61,https://www.arbeitnow.com/jobs/companies/stannek-gmbh/it-systemelektroniker-hallstadt-162023,IT-Systemelektroniker (m/w/d)
61,https://www.arbeitnow.com/jobs/companies/xheron-solutions/backend-systems-engineer-agent-infrastructure-berlin-264753,"Backend / Systems Engineer, Agent Infrastructure (m/f/x)"
61,https://www.arbeitnow.com/jobs/companies/folivora-solutions/werkstudentin-projektarbeit-produktentwicklung-darmstadt-242471,Werkstudent:in (m/w/d) Projektarbeit & Produktentwicklung
61,https://www.arbeitnow.com/jobs/companies/volentum-deutschland-gmbh/it-prozessmanager-erp-administrator-wernigerode-29618,IT-Prozessmanager / ERP-Administrator (m/w/d)
61,https://www.arbeitnow.com/jobs/companies/hensch-systems-gmbh/it-systemadministrator-recklinghausen-289958,IT-Systemadministrator (m/w/d)
62,https://www.arbeitnow.com/jobs/companies/platri-it/jahrespraktikum-zum-erwerb-der-fachhochschulreife-it-digitale-projekte-bochum-276929,Jahrespraktikum zum Erwerb der Fachhochschulreife - IT & Digitale Projekte (m/w/d)
62,https://www.arbeitnow.com/jobs/companies/yuvenda/software-consultant-darmstadt-106295,Software Consultant
62,https://www.arbeitnow.com/jobs/companies/vaarhaft/full-time-backend-developer-hamburg-271447,Full-time Backend Developer (f/m/d)
62,https://www.arbeitnow.com/jobs/companies/sacred-byte-gmbh/it-operations-cybersecurity-specialist-berlin-134826,IT Operations & Cybersecurity Specialist
62,https://www.arbeitnow.com/jobs/companies/syxos-gmbh/praktikantin-softwareentwicklung-munich-163247,Praktikant*in Softwareentwicklung (m/w/d)
62,https://www.arbeitnow.com/jobs/companies/lehner-gmbh/projektleiter-projektmanager-systementwicklung-umsetzung-kirchheim-unter-teck-363666,Projektleiter / Projektmanager - Systementwicklung & Umsetzung (m/w/d)
62,https://www.arbeitnow.com/jobs/companies/astrum-it-gmbh/senior-softwareentwickler-c-net-m-w-besuchermanagementsystem-visit-nuremberg-1106,Senior Softwareentwickler C#/.NET (m/w) Besuchermanagementsystem VISIT
63,https://www.arbeitnow.com/jobs/companies/critalog-gmbh/lead-senior-fullstack-entwicklerin-heilbronn-430922,Lead/Senior Fullstack Entwickler:in
63,https://www.arbeitnow.com/jobs/companies/k-tronik-gmbh/pld-fpga-developer-for-aviation-software-lindenberg-367631,PLD/FPGA developer for aviation software (m/f/d)
63,https://www.arbeitnow.com/jobs/companies/strategiep-personalberatung/it-administrator-oldenburg-289653,IT-Administrator (w/m/d)
63,https://www.arbeitnow.com/jobs/companies/partspace-gmbh/full-stack-software-entwickler-developer-deggendorf-37218,Full Stack Software Entwickler / Developer (m/w/d)
63,https://www.arbeitnow.com/jobs/companies/jetztjob/sap-consultant-archivierung-hamburg-303590,SAP Consultant Archivierung (m/w/d)
63,https://www.arbeitnow.com/jobs/companies/cpu-consulting-software-gmbh/full-stack-entwickler-karlsruhe-226815,Full-Stack Entwickler (m/w/d)
63,https://www.arbeitnow.com/jobs/companies/gmk-gmbh-co-kg/web-entwickler-bayreuth-454753,Web-Entwickler m/w/d
63,https://www.arbeitnow.com/jobs/companies/scb-gmbh-cokg/it-systemadministrator-fachinformatiker-fur-systemintegration-plauen-190831,IT-Systemadministrator (m/w/d) - Fachinformatiker für Systemintegration
63,https://www.arbeitnow.com/jobs/companies/zepta-technologies-gmbh/werkstudent-software-development-im-iot-bereich-dresden-236818,Werkstudent (m/w/d) Software Development im IoT-Bereich
63,https://www.arbeitnow.com/jobs/companies/mikosch-kruckeberg-gbr/freelancer-gn-leadgenerierung-it-dienstleistungen-provisionsbasis-solingen-264767,Freelancer (gn*) Leadgenerierung IT-Dienstleistungen (Provisionsbasis)
63,https://www.arbeitnow.com/jobs/companies/systempartner-lubeck-it-service-gmbh/it-systemadministrator-projekte-moderne-it-lubeck-435032,IT-Systemadministrator / IT-Techniker (m/w/d) mit Praxiserfahrung
64,https://www.arbeitnow.com/jobs/companies/haeger-consulting-gmbh/data-engineer-schwerpunkt-programmierung-datenpipelines-bonn-208400,Data Engineer – Schwerpunkt Programmierung & Datenpipelines*
64,https://www.arbeitnow.com/jobs/companies/abat-gmbh/full-stack-entwickler-ai-first-mwd-sankt-ingbert-226302,Full Stack Entwickler AI-First m|w|d
64,https://www.arbeitnow.com/jobs/companies/webseiten-schmied/marketing-lead-mit-wordpress-kenntnissen-mit-entwicklungsperspektive-zur-geschaftsfuhrung-bochum-13165,Marketing Lead (m/w/d) mit WordPress-Kenntnissen mit Entwicklungsperspektive zur Geschäftsführung
64,https://www.arbeitnow.com/jobs/companies/gewinnblick-gmbh/ausbildung-zum-zur-it-systemelektroniker-uhingen-ausbildungsstart-2026-120631,Ausbildung zum/zur IT-Systemelektroniker | Uhingen | Ausbildungsstart 2026 (m/w/d)
64,https://www.arbeitnow.com/jobs/companies/qavion-sales-recruiting-gmbh/senior-ai-ml-data-engineer-grunwald-129413,Senior AI / ML / Data Engineer (m/w/d)
64,https://www.arbeitnow.com/jobs/companies/partspace-gmbh/it-projektleiter-saas-und-ki-it-consultant-deggendorf-348245,IT-Projektleiter SaaS und KI / IT-Consultant (m/w/d)
64,https://www.arbeitnow.com/jobs/companies/brandung-gmbh/senior-frontend-developer-cologne-356906,(Senior) Frontend Developer (w/m/d)
64,https://www.arbeitnow.com/jobs/companies/digital-associates-gmbh/remote-sap-fullstack-entwickler-deutschsprachig-berlin-499837,REMOTE SAP Fullstack-Entwickler deutschsprachig
64,https://www.arbeitnow.com/jobs/companies/bbv-domke-gmbh-co-kg/werkstudentin-webdeveloperin-in-prasenz-niederkassel-122875,Werkstudent*in Webdeveloper*in (m/w/d) in Präsenz
64,https://www.arbeitnow.com/jobs/companies/pexon-consulting-gmbh/software-developer-fur-ki-projekte-berlin-17604,Software Developer für KI-Projekte (m/w/d)
64,https://www.arbeitnow.com/jobs/companies/gs-it-group-gmbh/delphi-softwareentwickler-diepholz-42563,Delphi Softwareentwickler (m/w/d)
64,https://www.arbeitnow.com/jobs/companies/novel/senior-software-engineer-mit-technischer-verantwortung-munich-82894,Senior Software Engineer mit technischer Verantwortung (m/w/d)
64,https://www.arbeitnow.com/jobs/companies/strategiep-personalberatung/projektleiter-it-bremen-48574,Projektleiter IT (w/m/d)
64,https://www.arbeitnow.com/jobs/companies/overtake-gmbh/it-web-administrator-cologne-446612,IT & Web Administrator
65,https://www.arbeitnow.com/jobs/companies/zalion/platform-engineer-munich-16827,Platform Engineer
65,https://www.arbeitnow.com/jobs/companies/autohaus-royal-gmbh/senior-backend-developer-berlin-289027,Senior-Backend-Developer (m/w/d)
65,https://www.arbeitnow.com/jobs/companies/edvxpert-gmbh/ausbildung-fachinformatiker-systemintegration-2026-weitefeld-178377,Ausbildung Fachinformatiker - Systemintegration (m/w/d) 2026
65,https://www.arbeitnow.com/jobs/companies/cpu-consulting-software-gmbh/full-stack-entwickler-munster-473038,Full-Stack Entwickler (m/w/d)
65,https://www.arbeitnow.com/jobs/companies/reboot-mobility-gmbh/werkstudent-full-stack-entwicklung-20h-woche-blankenheim-445411,Werkstudent (m/w/d) - Full-Stack Entwicklung (20h/Woche)
65,https://www.arbeitnow.com/jobs/companies/works-kiefner-gmbh-cokg/it-technikerin-in-teilzeit-neckartenzlingen-215527,IT - Techniker:in (m/w/d) in Teilzeit
65,https://www.arbeitnow.com/jobs/companies/amapharm-gmbh/werkstudent-it-operations-neunkirchen-108493,Werkstudent IT Operations (m/w/d)
65,https://www.arbeitnow.com/jobs/companies/players-for-good-ggmbh/cto-lead-developer-mit-impact-mindset-zunachst-als-ehrenamt-cologne-485772,CTO / Lead Developer (m/w/d) mit Impact Mindset - zunächst als Ehrenamt
65,https://www.arbeitnow.com/jobs/companies/ab-in-die-cloud/it-administrator-in-ms365-in-hamburg-306840,IT-Administrator in MS365 in Hamburg m/w/d)
65,https://www.arbeitnow.com/jobs/companies/ist-gmbh-innovation-systems-technology/it-projektassistenz-kallmunz-413658,IT-Projektassistenz (m/w/d)
65,https://www.arbeitnow.com/jobs/companies/ist-gmbh-innovation-systems-technology/projektleitung-software-kallmunz-183591,Projektleitung Software (m/w/d)
65,https://www.arbeitnow.com/jobs/companies/ituma/it-projektmanager-fur-software-netzwerk-ende-zu-ende-losungen-hilden-424882,IT-Projektmanager für Software & Netzwerk Ende-zu-Ende-Lösungen
65,https://www.arbeitnow.com/jobs/companies/stone-bridge-gmbh/ki-frontend-experience-engineer-neu-ulm-224643,KI-Frontend Experience Engineer (m/w/d)
65,https://www.arbeitnow.com/jobs/companies/make-it-fix-gmbh/it-systemadministrator-berlin-431760,IT-Systemadministrator (f/m/d)
65,https://www.arbeitnow.com/jobs/companies/limebit-gmbh/data-science-machine-learning-for-life-science-berlin-259599,Data Science & Machine Learning for Life-Science (m/w/d)
65,https://www.arbeitnow.com/jobs/companies/unity-consulting-innovation/it-professional-senior-level-interne-it-infrastrukturentwicklung-buren-293374,IT-Professional * (Senior Level) - interne IT Infrastrukturentwicklung
65,https://www.arbeitnow.com/jobs/companies/ccure-geschaftsbereich-der-megamaris-gmbh/it-security-administrator-stuttgart-366561,IT-Security Administrator (m/w/d)
65,https://www.arbeitnow.com/jobs/companies/nextlevels-gmbh/shopware-6-entwickler-monchengladbach-495075,Shopware 6 Entwickler (m/w/d)
65,https://www.arbeitnow.com/jobs/companies/systhemis-ag/it-administrator-anwendungsbetreuer-wurzburg-453187,IT Administrator / Anwendungsbetreuer (m/w/d)
66,https://www.arbeitnow.com/jobs/companies/mgrp/senior-manager-it-strategie-cloud-frankfurt-am-main-496710,(Senior) Manager IT-Strategie & Cloud (m/w/d)
66,https://www.arbeitnow.com/jobs/companies/mgrp/senior-manager-it-strategie-sourcing-frankfurt-am-main-329894,(Senior) Manager IT-Strategie & Sourcing (m/w/d)
66,https://www.arbeitnow.com/jobs/companies/stadtwerk/job-chance-senior-full-stack-anwendungsentwicklerin-kiel-90239,Job-Chance: Senior Full Stack Anwendungsentwickler:in (m/w/d)
66,https://www.arbeitnow.com/jobs/companies/hainke-computer-gmbh/it-techniker-it-systemadministrator-systemintegrator-leer-412803,IT-Techniker/ IT-Systemadministrator/ Systemintegrator (m/w/d)
66,https://www.arbeitnow.com/jobs/companies/routine-labs/senior-software-engineer-backend-llm-infrastructure-berlin-261035,Senior Software Engineer (Backend/LLM Infrastructure)
66,https://www.arbeitnow.com/jobs/companies/medialine-eurotrade-ag/it-supporttechniker-in-berlin-adlershof-466013,IT Supporttechniker (m/w/d) in Berlin Adlershof
66,https://www.arbeitnow.com/jobs/companies/enecon-consulting-gmbh/senior-sap-abap-entwickler-fur-die-energiewirtschaft-dusseldorf-21225,Senior SAP ABAP Entwickler (m/w/d) für die Energiewirtschaft
66,https://www.arbeitnow.com/jobs/companies/enecon-consulting-gmbh/sap-consultant-in-der-energiewirtschaft-dusseldorf-295504,SAP Consultant in der Energiewirtschaft (m/w/d)
67,https://www.arbeitnow.com/jobs/companies/fairsource/devops-kubernetes-consultant-m-w-d-munich-468378,DevOps / Kubernetes Consultant (m(/w/d)
67,https://www.arbeitnow.com/jobs/companies/zalion/full-stack-ai-engineer-munich-289660,Full Stack AI Engineer
67,https://www.arbeitnow.com/jobs/companies/fourenergy-gmbh/senior-devops-mit-fokus-operations-berlin-134459,(Senior) DevOps mit Fokus Operations (m/w/d)
67,https://www.arbeitnow.com/jobs/companies/codepipe-gmbh/software-entwickler-full-stack-bonn-337065,Software-Entwickler Full-Stack
67,https://www.arbeitnow.com/jobs/companies/weat-electronic-datenservice-gmbh/teamlead-it-koordination-dusseldorf-316910,Teamlead IT-Koordination (m/w/d)
67,https://www.arbeitnow.com/jobs/companies/heatmanager-gmbh/werkstudent-softwareentwicklung-iot-und-energiemanagement-frankfurt-am-main-352913,Werkstudent - Softwareentwicklung IoT und Energiemanagement (m/w/d)
67,https://www.arbeitnow.com/jobs/companies/pp-handelsgesellschaft-mbh/programmiererin-lobau-459842,Programmierer:in
67,https://www.arbeitnow.com/jobs/companies/intercon-solutions-gmbh/systems-engineer-und-devops-specialist-hamburg-249662,Systems Engineer und DevOps Specialist (m/w/d)
67,https://www.arbeitnow.com/jobs/companies/intercon-solutions-gmbh/systems-engineer-und-devops-specialist-hamburg-422853,Systems Engineer und DevOps Specialist (m/w/d)
68,https://www.arbeitnow.com/jobs/companies/intercon-solutions-gmbh/deine-neue-crew-fur-windows-linux-alles-dazwischen-it-administrator-hamburg-130883,"Deine neue Crew für Windows, Linux & alles dazwischen! IT-Administrator (m/w/d)"
68,https://www.arbeitnow.com/jobs/companies/ccure-geschaftsbereich-der-megamaris-gmbh/it-security-management-cologne-204415,IT Security Management (m/w/d)
68,https://www.arbeitnow.com/jobs/companies/tilko-gmbh/it-support-techniker-mannheim-435281,IT Support Techniker (m/w/d)
68,https://www.arbeitnow.com/jobs/companies/mobile-function-gmbh/senior-frontend-entwickler-villingen-schwenningen-112452,Senior Frontend Entwickler (m/w/d)
68,https://www.arbeitnow.com/jobs/companies/clc-xinteg-gmbh/sap-technology-platform-entwickler-60-homeoffice-moglich-in-66450-bexbach-402184,SAP Technology Platform Entwickler (m/w/d) | 60% Homeoffice möglich in 66450 Bexbach
68,https://www.arbeitnow.com/jobs/companies/mayflower-gmbh/software-entwicklerin-mit-schwerpunkt-genai-munich-443625,Software Entwickler:in mit Schwerpunkt GenAI
68,https://www.arbeitnow.com/jobs/companies/nfon/software-engineer-all-genders-munich-81075,Software Engineer (all genders)
68,https://www.arbeitnow.com/jobs/companies/mayflower-gmbh/software-entwicklerin-mit-schwerpunkt-genai-wurzburg-80985,Software Entwickler:in mit Schwerpunkt GenAI
68,https://www.arbeitnow.com/jobs/companies/smai-solutions-gmbh-stefanmuellerai/webentwickler-in-vollzeit-neu-ulm-415338,Webentwickler/-in - Vollzeit (m/w/d)
69,https://www.arbeitnow.com/jobs/companies/arcode-systems/devops-engineer-standort-bamberg-frankfurt-berlin-32126,DevOps Engineer (w/m/d) - Standort Bamberg / Frankfurt / Berlin
69,https://www.arbeitnow.com/jobs/companies/anear/werkstudent-mobile-developer-munich-334539,Werkstudent - Mobile Developer
69,https://www.arbeitnow.com/jobs/companies/accompio-gmbh/it-systemadministrator-endpoint-management-fokus-matrix42-empirum-deutschlandweit-einbeck-53587,IT Systemadministrator (m/w/d) Endpoint Management Fokus Matrix42/Empirum - deutschlandweit
69,https://www.arbeitnow.com/jobs/companies/salfy-sallab-gmbh/fullstack-entwicklerin-django-vuejs-react-native-berlin-330582,"Fullstack-Entwickler:in (Django, Vue.js, React Native) m/w/d"
69,https://www.arbeitnow.com/jobs/companies/love-repair/coach-fur-beziehungs-personlichkeitsentwicklung-papenburg-213602,Coach (m/w/d) für Beziehungs- & Persönlichkeitsentwicklung
70,https://www.arbeitnow.com/jobs/companies/fenstercom/full-stack-developer-in-stuttgart-308401,Full Stack Developer (m/w/d) in Stuttgart
70,https://www.arbeitnow.com/jobs/companies/soonamiio-gmbh/senior-fullstack-developer-claude-code-expert-remote-or-hybrid-berlin-214193,Senior Fullstack Developer (m/w/d) - Claude Code Expert (Remote or Hybrid)
70,https://www.arbeitnow.com/jobs/companies/kucuk-edv-und-unternehmensberatungs-gmbh/it-systemadministrator-fachinformatiker-systemintegration-kiel-316677,IT-Systemadministrator / Fachinformatiker - Systemintegration (m/w/d)
70,https://www.arbeitnow.com/jobs/companies/klickboost-gmbh/full-stack-developer-berlin-257783,Full Stack Developer (m/w/d)
70,https://www.arbeitnow.com/jobs/companies/fercon/it-helpdesk-berlin-9357,IT - Helpdesk
70,https://www.arbeitnow.com/jobs/companies/prozessx/systemarchitekt-fur-automatisierung-ki-werkstudent-it-nagold-480430,Systemarchitekt für Automatisierung & KI (m/w/d) / Werkstudent IT
70,https://www.arbeitnow.com/jobs/companies/simplytest-gmbh/software-testautomatisierer-in-nuremberg-439225,Software-Testautomatisierer/in (m/w/d)
70,https://www.arbeitnow.com/jobs/companies/simplytest-gmbh/softwareentwickler-im-bereich-testautomatisierung-nuremberg-450340,Softwareentwickler (m/w/d) im Bereich Testautomatisierung
70,https://www.arbeitnow.com/jobs/companies/hoenicke-systembetreuung-gmbh/it-service-techniker-sundhagen-428242,IT-Service-Techniker (m/w/d)
70,https://www.arbeitnow.com/jobs/companies/finding-heads-international/entwicklungsingenieur-planetengetriebe-robotik-frankfurt-am-main-7532,Entwicklungsingenieur Planetengetriebe - Robotik (m/w/d)
70,https://www.arbeitnow.com/jobs/companies/webalytics-gmbh/windows-systemadministratorin-viernheim-79231,Windows - Systemadministrator:in
70,https://www.arbeitnow.com/jobs/companies/sv-informatik/anwendungsentwicklerin-pl-sql-fur-versicherungssysteme-stuttgart-282292,Anwendungsentwickler:in PL/SQL für Versicherungssysteme
70,https://www.arbeitnow.com/jobs/companies/obf-it-solutions-gmbh/mitarbeiter-in-im-it-monitoring-limburg-410281,Mitarbeiter/in im IT-Monitoring
70,https://www.arbeitnow.com/jobs/companies/git-gesellschaft-fur-innovative-dv-technik-mbh/auszubildender-zum-r-fachinformatikerin-anwendungsentwicklung-mwd-ab-2026-gelsenkirchen-216085,"Auszubildende*r zum/r Fachinformatiker*in / Anwendungsentwicklung (m,w,d) ab 2026"
70,https://www.arbeitnow.com/jobs/companies/ventx-gmbh/devops-engineer-german-required-gcp-munich-305526,DevOps Engineer *German required (GCP) (m/w/d)
70,https://www.arbeitnow.com/jobs/companies/oppcourt/technischer-teamleiter-systemadministration-infrastruktur-technical-team-lead-system-administration-infrastructure-munich-46796,Technischer Teamleiter (Systemadministration & Infrastruktur) - Technical Team Lead (System Administration & Infrastructure)
70,https://www.arbeitnow.com/jobs/companies/certified-security-operations-center-gmbh/it-forensikerin-gn-incident-response-bornheim-166980,IT-Forensiker*in (gn*) Incident Response
71,https://www.arbeitnow.com/jobs/companies/ecso-cloud/praktikum-it-kundensupport-mulheim-karlich-53208,Praktikum - IT Kundensupport (m/w/d)
71,https://www.arbeitnow.com/jobs/companies/ccure-geschaftsbereich-der-megamaris-gmbh/network-security-engineer-stuttgart-20344,Network Security Engineer (m/w/d)
71,https://www.arbeitnow.com/jobs/companies/medialine-eurotrade-ag/datenbankadministrator-wiesbaden-64899,Datenbankadministrator (m/w/d)
71,https://www.arbeitnow.com/jobs/companies/misiak/praktikum-fachhochschulreife-jahrespraktikum-fachabitur-informatik-hamburg-start-2026-299081,Praktikum Fachhochschulreife Jahrespraktikum Fachabitur - Informatik Hamburg Start 2026
71,https://www.arbeitnow.com/jobs/companies/ew-tec-industrieservice-anlagentechnik-gmbh/senior-softwareprogrammiererin-steuerungstechnik-sps-viersen-29409,Senior Softwareprogrammierer*in (m/w/d) Steuerungstechnik / SPS
71,https://www.arbeitnow.com/jobs/companies/fourenergy-gmbh/senior-java-fullstack-developer-berlin-194001,(Senior) Java Fullstack Developer (m/w/d)
71,https://www.arbeitnow.com/jobs/companies/vsp-consulting-solutions-gmbh/sap-hcm-full-stack-entwickler-backend-frontend-munich-325770,SAP HCM Full-Stack Entwickler (Backend & Frontend) (m/w/d)
72,https://www.arbeitnow.com/jobs/companies/rocket-apes-gmbh/ios-entwicklerin-32h-remote-deutschlandweit-solingen-105947,IOS Entwickler:in (m/w/d) - 32h - remote deutschlandweit
72,https://www.arbeitnow.com/jobs/companies/alago/founding-full-stack-engineer-munich-12659,Founding Full-Stack Engineer
72,https://www.arbeitnow.com/jobs/companies/simpleprax/fullstack-engineer-munich-190273,Fullstack Engineer
72,https://www.arbeitnow.com/jobs/companies/systhemis-ag/softwaretester-wurzburg-61302,Softwaretester (m/w/d)
72,https://www.arbeitnow.com/jobs/companies/nexus-deutschland/it-servicemanagerin-berlin-413904,IT - Servicemanager:in
72,https://www.arbeitnow.com/jobs/companies/recall-space-gmbh/senior-full-stack-developer-fur-ein-ai-first-unternehmen-mannheim-215750,Senior Full Stack Developer für ein AI-first Unternehmen
72,https://www.arbeitnow.com/jobs/companies/recall-space-gmbh/werkstudent-software-development-ai-full-stack-mannheim-479700,Werkstudent Software Development (AI / Full Stack)
72,https://www.arbeitnow.com/jobs/companies/samsung-sds/it-system-administrator-web-hosting-linux-eschborn-125163,IT-System Administrator Web Hosting (Linux) (m/f/x)
72,https://www.arbeitnow.com/jobs/companies/rinke-treuhand-gmbh/fibutroniker-fachassistent-digitalisierung-und-it-it-spezialist-datev-wuppertal-389041,Fibutroniker / Fachassistent Digitalisierung und IT / IT-Spezialist DATEV (m/w/d)
72,https://www.arbeitnow.com/jobs/companies/dreifachai/senior-ai-typescript-entwicklerin-remote-in-ki-startup-cologne-228886,"(Senior) AI/TypeScript Entwickler:in, remote (m/w/d) in KI-Startup"
72,https://www.arbeitnow.com/jobs/companies/lea-partners/praktikum-private-equity-b2b-software-ai-karlsruhe-90894,Praktikum Private Equity (m/w/d) | B2B Software & AI
72,https://www.arbeitnow.com/jobs/companies/stf-group/systemadministrator-aicha-vorm-wald-275340,Systemadministrator (m/w/d)
72,https://www.arbeitnow.com/jobs/companies/nextcloud/webrtc-developer-stuttgart-380800,WebRTC Developer
73,https://www.arbeitnow.com/jobs/companies/antegis-gmbh/kaufmann-frau-it-system-management-in-hennigsdorf-bei-berlin-hennigsdorf-berlin-47107,Kaufmann/-frau - IT-System-Management (m/w/d) in Hennigsdorf bei Berlin
73,https://www.arbeitnow.com/jobs/companies/roomhero-gmbh/senior-frontend-developer-frankfurt-am-main-445621,Senior Frontend Developer (m/w/d)
73,https://www.arbeitnow.com/jobs/companies/epos-cat-gmbh/software-entwickler-ingolstadt-188687,Software-Entwickler (m/w/d)
73,https://www.arbeitnow.com/jobs/companies/bridgefield-gmbh/werkstudent-softwareentwicklung-magdeburg-492629,Werkstudent Softwareentwicklung (m/w/d)
73,https://www.arbeitnow.com/jobs/companies/bwsolution-gmbh/senior-projektmanager-automotive-software-hamburg-327432,Senior Projektmanager Automotive-Software (m/w/d)
73,https://www.arbeitnow.com/jobs/companies/iti/softwaretesterin-testautomatisierung-berlin-6525,Softwaretester*in Testautomatisierung (m/w/d)
73,https://www.arbeitnow.com/jobs/companies/odw-elektrik-gmbh/data-analyst-steinau-an-der-strasse-194405,Data Analyst (m/w/d)
73,https://www.arbeitnow.com/jobs/companies/checktec-gmbh/it-administrator-lindenberg-im-allgau-345814,IT-Administrator (m/w/d)
73,https://www.arbeitnow.com/jobs/companies/bukom-systemhaus-gmbh/it-administrator-ladenburg-257981,IT-Administrator (m/w/d)
73,https://www.arbeitnow.com/jobs/companies/curitec/junior-it-systemadministrator-im-gesundheitswesen-hamburg-237561,Junior IT-Systemadministrator (w/m/d) im Gesundheitswesen
73,https://www.arbeitnow.com/jobs/companies/works-kiefner-gmbh-cokg/produktentwicklerin-neckartenzlingen-10200,Produktentwickler:in (m/w/d)
73,https://www.arbeitnow.com/jobs/companies/curitec/quereinsteiger-it-systemadministrator-im-gesundheitswesen-hamburg-270292,Quereinsteiger IT-Systemadministrator (w/m/d) im Gesundheitswesen
74,https://www.arbeitnow.com/jobs/companies/mayflower-gmbh/senior-ai-solutions-entwicklerin-munich-380138,Senior AI Solutions Entwickler:in
74,https://www.arbeitnow.com/jobs/companies/mayflower-gmbh/senior-ai-solutions-entwicklerin-wurzburg-187573,Senior AI Solutions Entwickler:in
74,https://www.arbeitnow.com/jobs/companies/theobald-software-gmbh/senior-softwareentwickler-stuttgart-95592,Senior Softwareentwickler (m/w/d)
74,https://www.arbeitnow.com/jobs/companies/zomit-gmbh/it-administrator-systemadministrator-ohringen-276926,IT-Administrator / Systemadministrator (w/m/d)
74,https://www.arbeitnow.com/jobs/companies/dreifachai/werkstudentin-softwareentwicklung-bei-ki-startup-cologne-464933,Werkstudent:in Softwareentwicklung bei KI-Startup (m/w/d)
74,https://www.arbeitnow.com/jobs/companies/techpionier-next-gmbh/weiterbildung-online-6-monate-it-fachkraft-mit-schwerpunkt-cloud-computing-berlin-143282,Weiterbildung Online - 6 Monate - IT-Fachkraft mit Schwerpunkt Cloud Computing (m/w/d)
74,https://www.arbeitnow.com/jobs/companies/moin-marketing-gmbh/software-entwickler-vollzeit-in-hamburg-114440,Software Entwickler (m/w/d) (Vollzeit in Hamburg)
74,https://www.arbeitnow.com/jobs/companies/pflegia/data-scientist-ai-experimentation-berlin-33557,Data Scientist - AI & Experimentation (m/f/d)
75,https://www.arbeitnow.com/jobs/companies/text-cortex-ai-ug-haftungsbeschrankt/senior-frontend-engineer-at-textcortex-ai-berlin-319752,Senior Frontend Engineer at TextCortex AI
75,https://www.arbeitnow.com/jobs/companies/metzner-e-mobility-gmbh/senior-sps-programmierer-neu-ulm-411040,Senior SPS-Programmierer (m/w/d)
75,https://www.arbeitnow.com/jobs/companies/strategiep-personalberatung/software-entwickler-angular-java-wildeshausen-379454,Software-Entwickler Angular/Java (w/m/d)
75,https://www.arbeitnow.com/jobs/companies/exwe-gmbh/senior-full-stack-entwicklerin-gn-in-dortmund-dusseldorf-keine-uberstunden-2-tage-remote-421354,Senior Full-Stack-Entwickler:in (Gn) In Dortmund & Düsseldorf - Keine Überstunden - 2 Tage Remote
75,https://www.arbeitnow.com/jobs/companies/mingabyte/werkstudent-full-stack-softwareentwicklung-ki-anwendungen-munich-132425,Werkstudent Full-Stack Softwareentwicklung KI-Anwendungen (m/w/d)
75,https://www.arbeitnow.com/jobs/companies/appsoluts-gmbh/backend-software-entwickler-remote-dusseldorf-fokus-auf-coding-moderne-tech-stacks-333405,"Backend Software Entwickler (m/w/d) - Remote / Düsseldorf - Fokus auf Coding, Moderne Tech Stacks"
75,https://www.arbeitnow.com/jobs/companies/prime-force-group/dein-neuer-job-it-consultant-input-management-digitalisierung-rheinhausen-328117,Dein neuer Job: IT-Consultant Input Management - Digitalisierung (w/d/m)
75,https://www.arbeitnow.com/jobs/companies/strategiep-personalberatung/softwareentwickler-c-net-bremen-148417,Softwareentwickler C#/.NET (w/m/d)
75,https://www.arbeitnow.com/jobs/companies/pt-software/werksstudent-software-development-frankfurt-am-main-287507,Werksstudent - Software Development
75,https://www.arbeitnow.com/jobs/companies/pt-software/full-stack-developer-frankfurt-am-main-477064,Full Stack Developer
75,https://www.arbeitnow.com/jobs/companies/sk-software/frontend-developer-werkstudent-darmstadt-49919,Frontend Developer (m/w/d) - Werkstudent
75,https://www.arbeitnow.com/jobs/companies/medialine-eurotrade-ag/it-supporttechniker-in-dresden-257516,IT Supporttechniker (m/w/d) in Dresden
75,https://www.arbeitnow.com/jobs/companies/medialine-eurotrade-ag/it-backup-engineer-dresden-259153,IT Backup Engineer (m/w/d)
75,https://www.arbeitnow.com/jobs/companies/nextaudit/werkstudent-softwareentwickler-vuejs-aachen-480888,Werkstudent (w/m/d) Softwareentwickler - Vue.js
76,https://www.arbeitnow.com/jobs/companies/icdn-gmbh/kaufleute-im-it-system-management-horstmar-465463,Kaufleute im IT-System-Management (w/m/d)
76,https://www.arbeitnow.com/jobs/companies/fenstercom/frontend-developer-stuttgart-238885,Frontend Developer (m/w/d)
76,https://www.arbeitnow.com/jobs/companies/systhemis-ag/senior-lead-developer-und-architect-java-web-wurzburg-144183,Senior Lead Developer und Architect Java & Web (m/w/d)
76,https://www.arbeitnow.com/jobs/companies/ebi-computerlosungen/it-administratorin-vollzeit-oder-teilzeit-ho-moglich-karlsruhe-432665,"IT - Administrator:in (Vollzeit oder Teilzeit), HO möglich"
76,https://www.arbeitnow.com/jobs/companies/p4-software-consulting-gmbh/erp-anwendungsentwickler-bad-munstereifel-491622,ERP Anwendungsentwickler (m/w/d)
76,https://www.arbeitnow.com/jobs/companies/bizcon-ag/junior-it-consultant-pam-iam-munich-17377,Junior IT Consultant PAM/IAM
76,https://www.arbeitnow.com/jobs/companies/protectone-ek/it-security-consultant-engineer-network-security-m-w-dusseldorf-71612,IT Security Consultant / Engineer Network Security (m/w)
76,https://www.arbeitnow.com/jobs/companies/secosys-it/senior-it-support-spezialist-it-administrator-erfurt-236895,Senior IT-Support-Spezialist - IT-Administrator (m/w/d)
76,https://www.arbeitnow.com/jobs/companies/medialine-eurotrade-ag/it-consultant-infrastructure-dell-emc-wiesbaden-493668,IT Consultant Infrastructure (DELL/EMC) (m/w/d)
76,https://www.arbeitnow.com/jobs/companies/tivity/it-consultant-digital-product-development-full-remote-mwd-munich-78880,IT Consultant - Digital Product Development (FULL REMOTE) m|w|d
76,https://www.arbeitnow.com/jobs/companies/bitquarter-gmbh/java-fullstack-developer-limeshain-388518,JAVA Fullstack Developer (m/w/d)
76,https://www.arbeitnow.com/jobs/companies/plehn-media/typo3-senior-developer-in-voll-oder-teilzeit-gesucht-festanstellung-100-remote-osnabruck-163311,TYPO3 Senior Developer (m/w/d) in Voll- oder Teilzeit gesucht (Festanstellung) 100% remote
76,https://www.arbeitnow.com/jobs/companies/medialine-eurotrade-ag/it-consultant-netzwerk-dresden-158672,IT Consultant Netzwerk (m/w/d)
76,https://www.arbeitnow.com/jobs/companies/acelsis-gmbh/sap-abap-entwickler-in-vollzeit-teilzeit-leinfelden-echterdingen-72935,SAP ABAP Entwickler (m/w/d) in Vollzeit/Teilzeit
76,https://www.arbeitnow.com/jobs/companies/locaterisk-gmbh/junior-it-security-consultant-werkstudentin-german-c1-darmstadt-139122,Junior IT-Security Consultant/Werkstudent:in (m/w/d) German C1
76,https://www.arbeitnow.com/jobs/companies/viccon-gmbh/senior-consultant-informationssicherheit-cybersicherheit-isms-iso-27001-lead-auditor-grundschutz-berater-bcm-ettlingen-284812,"Senior Consultant (m/w/d) Informationssicherheit Cybersicherheit (ISMS ISo 27001), Lead Auditor, Grundschutz Berater, BCM"
76,https://www.arbeitnow.com/jobs/companies/johanns-systemhaus-gmbh/fachinformatiker-fur-systemintegration-bitburg-72424,Fachinformatiker für Systemintegration (m/w/d)
77,https://www.arbeitnow.com/jobs/companies/compart-it-solutions-gmbh/ausbildung-zum-fachinformatiker-systemintegration-2025-lunen-17321,Ausbildung zum Fachinformatiker Systemintegration (m/w/d) (2025)
77,https://www.arbeitnow.com/jobs/companies/enmore-consulting-ag/senior-developer-sap-for-utilities-griesheim-283084,Senior Developer SAP for Utilities (m/w/d)
77,https://www.arbeitnow.com/jobs/companies/cloudworx/trainee-consulting-salesforce-entwickler-munich-54445,Trainee Consulting & Salesforce-Entwickler (m/w/d)
77,https://www.arbeitnow.com/jobs/companies/doworks-gmbh/it-administrator-it-consultant-dortmund-119647,"IT-Administrator, IT-Consultant (m/w/d)"
77,https://www.arbeitnow.com/jobs/companies/vmapit-gmbh/praktikant-in-fur-praktisches-semester-in-den-bereichen-app-entwicklung-ui-design-projektmanagement-it-mannheim-312050,Praktikant/in für praktisches Semester (m/w/d) in den Bereichen App-Entwicklung / UI-Design / Projektmanagement-IT
77,https://www.arbeitnow.com/jobs/companies/go-intech-it-service-net/it-servicetechniker-in-fur-it-supermarkt-rollouts-hamburg-175982,IT-Servicetechniker/in (M/W/D) für IT-Supermarkt- Rollouts
77,https://www.arbeitnow.com/jobs/companies/go-intech-it-service-net/it-servicetechniker-in-fur-it-schadensprufungen-berlin-89551,IT-Servicetechniker/in (M/W/D) für IT- Schadensprüfungen
77,https://www.arbeitnow.com/jobs/companies/medialine-eurotrade-ag/it-consultant-netzwerk-berlin-344335,IT Consultant Netzwerk (m/w/d)
77,https://www.arbeitnow.com/jobs/companies/medialine-eurotrade-ag/it-consultant-im-bereich-backup-berlin-12400,IT Consultant im Bereich Backup (m/w/d)
77,https://www.arbeitnow.com/jobs/companies/medialine-eurotrade-ag/it-consultant-vmware-dresden-478755,IT Consultant VMware (m/w/d)
77,https://www.arbeitnow.com/jobs/companies/incoretex-gmbh/junior-software-entwickler-software-engineer-aachen-494509,Junior Software-Entwickler / Software Engineer (m/w/d)
78,https://www.arbeitnow.com/jobs/companies/medialine-eurotrade-ag/it-consultant-linux-unix-berlin-271483,IT Consultant Linux/Unix (m/w/d)
78,https://www.arbeitnow.com/jobs/companies/medialine-eurotrade-ag/it-consultant-linux-unix-dresden-292125,IT Consultant Linux/Unix (m/w/d)
78,https://www.arbeitnow.com/jobs/companies/ht-kommunikation-gmbh-cokg/it-techniker-2nd-level-oberkirch-422988,IT TECHNIKER 2nd Level (m/w/d)
78,https://www.arbeitnow.com/jobs/companies/go-intech/it-servicetechniker-in-fur-it-supermarkt-rollouts-hamburg-108087,IT-Servicetechniker/in (M/W/D) für IT-Supermarkt- Rollouts
78,https://www.arbeitnow.com/jobs/companies/go-intech/it-servicetechniker-in-fur-it-schadensprufungen-wiesbaden-175272,IT-Servicetechniker/in (M/W/D) für IT- Schadensprüfungen
78,https://www.arbeitnow.com/jobs/companies/medialine-eurotrade-ag/it-backup-engineer-in-cottbus-445431,IT Backup Engineer (m/w/d) in Cottbus
78,https://www.arbeitnow.com/jobs/companies/medialine-eurotrade-ag/junior-it-consultant-infrastructure-wiesbaden-277146,Junior IT Consultant Infrastructure (m/w/d)
78,https://www.arbeitnow.com/jobs/companies/incoretex-gmbh/werkstudent-in-softwareentwicklung-backend-data-processing-aachen-255729,Werkstudent/in Softwareentwicklung Backend & Data Processing (m/w/d)
78,https://www.arbeitnow.com/jobs/companies/mightycare-solutions-gmbh/it-system-administrator-frankfurt-am-main-26308,IT System Administrator (m/w/d)
78,https://www.arbeitnow.com/jobs/companies/tutorize-gmbh/werksstudent-softwareentwicklerin-web-koblenz-346465,Werksstudent Softwareentwickler:in Web (m/w/d)
79,https://www.arbeitnow.com/jobs/companies/medialine-eurotrade-ag/it-consultant-azure-local-azure-hybrid-wiesbaden-77852,IT Consultant Azure local/ Azure Hybrid (m/w/d)
79,https://www.arbeitnow.com/jobs/companies/concept-reply-gmbh/aiot-backend-developer-munich-126330,AIoT Backend Developer
79,https://www.arbeitnow.com/jobs/companies/robovis/research-and-development-engineer-berlin-53553,Research And Development Engineer
79,https://www.arbeitnow.com/jobs/companies/priojet-gmbh/software-developer-full-stack-remote-option-hamburg-105157,Software Developer Full Stack (m/f/d) - remote option
79,https://www.arbeitnow.com/jobs/companies/priojet-gmbh/software-developer-full-stack-frankfurt-am-main-424309,Software Developer Full Stack (m/f/d)
79,https://www.arbeitnow.com/jobs/companies/priojet-gmbh/lead-software-developer-full-stack-possibly-cto-hamburg-157662,"Lead Software Developer Full Stack (m/f/d), possibly CTO"
79,https://www.arbeitnow.com/jobs/companies/priojet-gmbh/software-developer-full-stack-hamburg-364159,Software Developer Full Stack (m/f/d)
79,https://www.arbeitnow.com/jobs/companies/edva-gmbh/it-systemadministrator-oder-it-systemtechniker-m-w-d-leipzig-349415,"IT-Systemadministrator oder IT-Systemtechniker (m, w, d)"
79,https://www.arbeitnow.com/jobs/companies/sifamo-gmbh/softwareentwickler-mit-bis-zu-90-remote-deutschlandweit-angular-spring-boot-ai-development-berlin-494447,"Softwareentwickler (m/w/d) mit bis zu 90% remote deutschlandweit! Angular, Spring Boot, AI Development"
79,https://www.arbeitnow.com/jobs/companies/concept-reply-gmbh/aiot-fullstack-developer-munich-186687,AIoT Fullstack Developer
79,https://www.arbeitnow.com/jobs/companies/webstake-gmbh/senior-fullstack-software-devops-engineer-hamburg-333155,Senior Fullstack Software/DevOps Engineer (m/w/d)
80,https://www.arbeitnow.com/jobs/companies/ruthardt-softwaretechnik-gmbh/duales-studium-informatik-bsc-dhbw-stuttgart-horb-leinfelden-echterdingen-15792,Duales Studium Informatik (B.Sc.) DHBW Stuttgart/Horb
80,https://www.arbeitnow.com/jobs/companies/op-consult-gmbh/praktikum-im-bereich-personal-und-organisationsentwicklung-mannheim-220092,Praktikum im Bereich Personal- und Organisationsentwicklung
80,https://www.arbeitnow.com/jobs/companies/konzeptwerk-gmbh/auszubildende-r-fachinformatiker-in-anwendungsentwicklung-dusseldorf-355226,Auszubildende/r Fachinformatiker/in Anwendungsentwicklung (m/w/d)
80,https://www.arbeitnow.com/jobs/companies/keysolution-it-gmbh/it-support-1st-2nd-level-it-benutzerberater-oftersheim-38177,"IT-Support 1st & 2nd Level, IT-Benutzerberater (m/w/d)"
80,https://www.arbeitnow.com/jobs/companies/cpu-consulting-software-gmbh/fachlicher-softwaretester-bankanwendungen-munich-429010,Fachlicher Softwaretester (m/w/d) Bankanwendungen
80,https://www.arbeitnow.com/jobs/companies/friedrich-albert-lange-berufskolleg-duisburg/schulische-ausbildung-zum-game-developer-duisburg-46341,Schulische Ausbildung zum Game Developer
80,https://www.arbeitnow.com/jobs/companies/novo-ai/data-engineer-intern-mandatory-pflichtpraktikum-hanover-53806,Data Engineer Intern (Mandatory/Pflichtpraktikum) (w/m/d)
80,https://www.arbeitnow.com/jobs/companies/wealthapi-gmbh/senior-backend-engineer-java-spring-boot-remote-berlin-349112,Senior Backend Engineer Java / Spring Boot - remote
80,https://www.arbeitnow.com/jobs/companies/art-science-node-berlin-asn/only-for-erasmus-turing-internship-ai-it-graphic-designer-and-or-computer-sciencetechnologies-on-ma-level-berlin-89364,"Only for Erasmus/Turing Internship: AI/IT, Graphic Designer and/or Computer Science&Technologies on MA-Level"
81,https://www.arbeitnow.com/jobs/companies/waits-software-und-prozessberatungsgesellschaft-mbh/senior-ki-ai-c-net-aspnet-entwickler-remote-cologne-491283,Senior KI (AI) / C# / .NET / ASP.NET - Entwickler (m/w/d) - remote
81,https://www.arbeitnow.com/jobs/companies/qualityminds-gmbh/senior-backend-developer-nuremberg-245970,Senior Backend Developer (m/w/d)
81,https://www.arbeitnow.com/jobs/companies/ki-reply-gmbh/senior-software-developer-hanover-412508,SENIOR SOFTWARE DEVELOPER (M/W/D)
81,https://www.arbeitnow.com/jobs/companies/ki-reply-gmbh/senior-software-developer-munich-88628,SENIOR SOFTWARE DEVELOPER (M/W/D)
81,https://www.arbeitnow.com/jobs/companies/jwgeyssel-gmbhcokg/elektrokonstrukteur-sondermaschinenentwicklung-ing-techniker-quereinsteiger-cologne-198076,Elektrokonstrukteur Sondermaschinenentwicklung (m/w/d) Ing. / Techniker / Quereinsteiger
81,https://www.arbeitnow.com/jobs/companies/clc-xinteg-gmbh/senior-entwickler-fur-objektorientierte-programmierung-mit-50-homeoffice-in-66450-bexbach-311303,Senior Entwickler (m/w/d) für objektorientierte Programmierung mit 50% Homeoffice in 66450 Bexbach
81,https://www.arbeitnow.com/jobs/companies/abosco-gmbh/softwareentwicklerin-java-c-senior-botzingen-242309,Softwareentwickler:in Java/C# (Senior) (m/w/d)
81,https://www.arbeitnow.com/jobs/companies/marketer-ux-gmbh/webflow-developer-im-medienhafen-dusseldorf-145303,Webflow-Developer (m/w/d) im Medienhafen Düsseldorf
81,https://www.arbeitnow.com/jobs/companies/hoenicke-systembetreuung-gmbh/it-service-techniker-schemmerhofen-139031,IT-Service Techniker (m/w/d)
81,https://www.arbeitnow.com/jobs/companies/sifamo-gmbh/softwareentwicklerin-bis-zu-95-remote-deutschlandweit-software-developer-fur-ki-webanwendungen-angular-spring-boot-ai-development-munich-53589,"Softwareentwickler:in bis zu 95% remote - deutschlandweit! Software Developer für KI-Webanwendungen Angular, Spring Boot, AI Development"
81,https://www.arbeitnow.com/jobs/companies/druckhaus-harms-ekgemeindebriefdruckerei/softwareentwickler-web-full-stack-gross-oesingen-302043,Softwareentwickler Web Full-Stack (m/w/d)
81,https://www.arbeitnow.com/jobs/companies/microfin-unternehmensberatung-gmbh/senior-consultants-it-architektur-bad-homburg-45821,Senior Consultants IT Architektur m/w/d
81,https://www.arbeitnow.com/jobs/companies/microfin-unternehmensberatung-gmbh/senior-consultants-it-security-bad-homburg-179393,Senior Consultants IT-Security m/w/d
81,https://www.arbeitnow.com/jobs/companies/heyn-partner-gmbh/it-administrator-edv-techniker-einsatz-baden-wurttemberg-schramberg-65932,It-Administrator / Edv-Techniker (M/W/D) Einsatz Baden-Württemberg
82,https://www.arbeitnow.com/jobs/companies/sifamo-gmbh/softwareentwickler-bis-zu-90-remote-moglich-deutschlandweit-angular-spring-boot-ai-development-darmstadt-93947,"Softwareentwickler (m/w/d) bis zu 90% remote möglich - deutschlandweit! Angular, Spring Boot, AI Development"
82,https://www.arbeitnow.com/jobs/companies/cink-ag/lead-sap-consultant-fur-finanzen-hamburg-310681,Lead SAP Consultant für Finanzen (w/d/m)
82,https://www.arbeitnow.com/jobs/companies/infotip-service-gmbh/salesforce-developer-all-genders-georgensgmund-10612,Salesforce Developer (all genders)
82,https://www.arbeitnow.com/jobs/companies/oestreicher-gmbh/full-stack-entwicklerin-heidenheim-305978,Full-Stack-Entwickler:in - m/w/d
82,https://www.arbeitnow.com/jobs/companies/medialine-eurotrade-ag/it-systemadministrator-cologne-492028,IT Systemadministrator (m/w/d)
82,https://www.arbeitnow.com/jobs/companies/quintessence-consulting-gmbh/berater-fur-unternehmens-software-touristik-hanover-282049,Berater für Unternehmens-Software (m/w/d) - Touristik
83,https://www.arbeitnow.com/jobs/companies/lysant/it-consultants-fur-die-bereiche-projektmanagement-requirements-engineering-test-und-qualitatsmanagement-stuttgart-135792,"IT-Consultants (m/w/d) für die Bereiche Projektmanagement, Requirements Engineering, Test- und Qualitätsmanagement"
83,https://www.arbeitnow.com/jobs/companies/innosystec-gmbh/senior-softwareentwickler-salem-194512,Senior Softwareentwickler (m/w/d) - Salem
83,https://www.arbeitnow.com/jobs/companies/specific-group-germany-gmbh/rpg-entwickler-ibmi-landshut-301052,RPG- Entwickler (IBMi) (w/m/d)
83,https://www.arbeitnow.com/jobs/companies/flowlogix-gmbh/fullstack-softwareentwickler-dresden-215306,Fullstack Softwareentwickler (w/m/d)
83,https://www.arbeitnow.com/jobs/companies/salesfive-gmbh/salesforce-commerce-cloud-b2b-software-engineer-berlin-121525,Salesforce Commerce Cloud B2B Software Engineer (m/f/x)
83,https://www.arbeitnow.com/jobs/companies/hypercampus-gmbh/weiterbildung-online-125-monate-it-fachkraft-im-gesundheitswesen-mit-schwerpunkt-it-systemadministration-weiden-in-der-oberpfalz-149396,"Weiterbildung Online - 12,5 Monate - IT-Fachkraft (m/w/d) im Gesundheitswesen mit Schwerpunkt IT-Systemadministration"
83,https://www.arbeitnow.com/jobs/companies/kreativsohne/full-stack-entwicklerin-leipzig-291633,Full - Stack - Entwickler:in
83,https://www.arbeitnow.com/jobs/companies/ectacom-gmbh/senior-vendor-development-manager-cybersecurity-hohenbrunn-284375,Senior Vendor Development Manager CyberSecurity (m/w/d)
83,https://www.arbeitnow.com/jobs/companies/solvi-gmbh/festanstellung-softwareentwicklung-waldems-411371,Festanstellung Softwareentwicklung (m/w/d)
83,https://www.arbeitnow.com/jobs/companies/medialine-eurotrade-ag/it-system-engineer-in-berlin-adlershof-425374,IT System Engineer (m/w/d) in Berlin Adlershof
84,https://www.arbeitnow.com/jobs/companies/inbeso-consulting-gmbh/werkstudent-it-strategie-erp-beratung-wurzburg-38140,Werkstudent (m/w/d) - IT-Strategie & ERP-Beratung
84,https://www.arbeitnow.com/jobs/companies/apfelhilfe-it-management-dr-med-it/fachinformatiker-systemintegration-systemadministrator-schwabisch-hall-117071,Fachinformatiker Systemintegration / Systemadministrator (m/w/d)
84,https://www.arbeitnow.com/jobs/companies/mightycare-solutions-gmbh/it-system-administrator-hennef-330294,IT System Administrator (m/w/d)
84,https://www.arbeitnow.com/jobs/companies/aerion/senior-full-stack-engineer-munich-172812,Senior Full Stack Engineer (m/w/d)
84,https://www.arbeitnow.com/jobs/companies/spirit-onside-consulting-gmbh/test-automation-engineer-munich-320882,Test Automation Engineer (m/w/d)
84,https://www.arbeitnow.com/jobs/companies/sikwel-gmbh/data-engineer-oldenburg-239188,Data Engineer (w/m/d)
85,https://www.arbeitnow.com/jobs/companies/ceneos-gmbh/praktikum-zum-fachinformatiker-in-systemintegration-sankt-augustin-73270,Praktikum zum Fachinformatiker/in - Systemintegration (m/w/d)
85,https://www.arbeitnow.com/jobs/companies/excav/werkstudent-im-bereich-software-entwicklung-erlangen-15004,Werkstudent im Bereich Software-Entwicklung
85,https://www.arbeitnow.com/jobs/companies/blp-software-gmbh/fullstack-entwicklerin-schorndorf-183618,Fullstack Entwickler:in
85,https://www.arbeitnow.com/jobs/companies/innobrain-gmbh/werkstudent-fullstack-entwickler-laravel-wurzburg-123807,Werkstudent: Fullstack-Entwickler Laravel (m/w/d)
85,https://www.arbeitnow.com/jobs/companies/startup57/bezahltes-praktikum-praxissemester-informatik-ki-software-entwicklung-wissen-393902,"Bezahltes Praktikum / Praxissemester - Informatik, KI, Software-Entwicklung"
85,https://www.arbeitnow.com/jobs/companies/cosoft-computer-consulting-gmbh/it-systemadministrator-it-techniker-coesfeld-455385,IT-Systemadministrator / IT-Techniker (m/w/d)
85,https://www.arbeitnow.com/jobs/companies/nicmatec/senior-java-softwareentwickler-dusseldorf-313143,(Senior) Java Softwareentwickler (m/w/d)
85,https://www.arbeitnow.com/jobs/companies/wealthapi-gmbh/senior-banking-and-brokerage-api-developer-berlin-435735,Senior Banking and Brokerage API Developer - Berlin
85,https://www.arbeitnow.com/jobs/companies/carmasec-gmbh-co-kg/senior-cloud-engineer-microsoft-azure-in-der-it-beratung-essen-336219,(Senior) Cloud Engineer Microsoft Azure (m/w/d) in der IT-Beratung
85,https://www.arbeitnow.com/jobs/companies/mirantus-health/senior-frontend-developer-berlin-274430,Senior Frontend Developer
85,https://www.arbeitnow.com/jobs/companies/incas-gmbh/it-administrator-mit-schwerpunkt-it-security-krefeld-401179,IT-Administrator mit Schwerpunkt IT-Security (m/w/d)
85,https://www.arbeitnow.com/jobs/companies/smarts-engineering-gmbh/sps-programmierer-cologne-395873,SPS-Programmierer (m/w/d)
85,https://www.arbeitnow.com/jobs/companies/nt-neue-technologie-ag/it-netzwerkadministrator-fur-unser-rechenzentrum-erfurt-374188,IT Netzwerkadministrator (m/w/d) für unser Rechenzentrum
85,https://www.arbeitnow.com/jobs/companies/cosoft-computer-consulting-gmbh/junior-it-systemadministrator-junior-it-techniker-coesfeld-354701,Junior IT-Systemadministrator / Junior IT-Techniker (m/w/d)
85,https://www.arbeitnow.com/jobs/companies/fullhouse-it-services-ag/it-administrator-geretsried-413357,IT-Administrator (w/m/d)
86,https://www.arbeitnow.com/jobs/companies/moonscale/senior-fullstack-engineer-munich-213391,Senior Fullstack Engineer (m/f/d)
86,https://www.arbeitnow.com/jobs/companies/labrigartdesign-shopify-agentur/programmierer-shopify-developer-biberach-387614,Programmierer | Shopify Developer m/w/d
86,https://www.arbeitnow.com/jobs/companies/freedos-it-gmbh/software-developer-karlsruhe-203177,Software Developer (m/w/d)
86,https://www.arbeitnow.com/jobs/companies/altruan-gmbh/ausbildung-zum-zur-fachinformatikerin-massing-13737,Ausbildung zum/zur Fachinformatiker*in
86,https://www.arbeitnow.com/jobs/companies/hera-digital-gmbh/webflow-entwickler-webdesigner-dresden-127963,Webflow Entwickler | Webdesigner
86,https://www.arbeitnow.com/jobs/companies/leafworks-gmbh/it-consultant-berlin-16656,IT-Consultant (m/w/d)
86,https://www.arbeitnow.com/jobs/companies/fairsource/java-fullstack-entwickler-fur-munchen-frankfurt-oder-remote-festanstellung-munich-180321,"Java Fullstack Entwickler (m/w/d) für München, Frankfurt oder Remote (Festanstellung)"
86,https://www.arbeitnow.com/jobs/companies/sbit-ag/senior-cloud-engineer-m365-azure-frankfurt-am-main-240620,(Senior) Cloud Engineer (m/w/d) M365 & Azure
86,https://www.arbeitnow.com/jobs/companies/gsl-gross-gmbh/it-systemadministrator-it-techniker-fur-den-2nd-level-support-idar-oberstein-468195,IT-Systemadministrator / IT-Techniker (m/w/d) für den 2nd Level Support
86,https://www.arbeitnow.com/jobs/companies/nextaudit/praktikum-praxissemester-softwareentwickler-vuejs-aachen-418281,Praktikum/Praxissemester (w/m/d) Softwareentwickler - Vue.js
86,https://www.arbeitnow.com/jobs/companies/looma-gmbh/werkstudent-praktikant-im-it-bereich-magdeburg-348435,Werkstudent / Praktikant im IT Bereich (m/w/d)
86,https://www.arbeitnow.com/jobs/companies/everest-systems-gmbh/business-application-developers-heidelberg-77179,Business Application Developers
87,https://www.arbeitnow.com/jobs/companies/carmasec-gmbh-co-kg/senior-it-security-engineer-consultant-in-der-it-beratung-cologne-111309,Senior IT-Security Engineer / Consultant (m/w/d) in der IT-Beratung
87,https://www.arbeitnow.com/jobs/companies/abacus-hr-services-gmbh/quereinsteiger-willkommen-software-berater-in-erp-im-bereich-lohnbuchhaltung-waiblingen-127731,Quereinsteiger willkommen! Software Berater/in ERP (m/w/d) im Bereich Lohnbuchhaltung
87,https://www.arbeitnow.com/jobs/companies/carmasec-gmbh-co-kg/senior-it-security-engineer-consultant-in-der-it-beratung-essen-453651,Senior IT-Security Engineer / Consultant (m/w/d) in der IT-Beratung
87,https://www.arbeitnow.com/jobs/companies/meta-five-gmbh/praktikum-unternehmensberatung-schwerpunkt-personalentwicklung-cologne-450384,Praktikum Unternehmensberatung - Schwerpunkt Personalentwicklung (m/w/d)
87,https://www.arbeitnow.com/jobs/companies/oroba-sprachdienste/pflichtpraktikum-im-bereich-it-w-m-d-beim-reiseveranstalter-oroba-in-mannheim-am-hbf-245331,Pflichtpraktikum im Bereich IT (w / m / d) beim Reiseveranstalter Oroba in Mannheim am Hbf.
87,https://www.arbeitnow.com/jobs/companies/pace-it-gmbh/senior-it-systemadministrator-in-krefeld-333892,Senior IT-Systemadministrator (m/w/d) in Krefeld
87,https://www.arbeitnow.com/jobs/companies/sdv-studios-gmbh-co-kg/full-stack-entwickler-calw-276971,Full - Stack - Entwickler (m/w/d)
87,https://www.arbeitnow.com/jobs/companies/mischok-gmbh/fullstack-developer-augsburg-318239,Fullstack-Developer (m/w/d)
87,https://www.arbeitnow.com/jobs/companies/creavo-projekt-gmbh/php-webentwickler-fur-abwechslungsreiche-projekte-limburg-281109,PHP-Webentwickler (m/w/d) für abwechslungsreiche Projekte
87,https://www.arbeitnow.com/jobs/companies/coma-gmbh/werkstudent-web-entwicklung-munich-246105,Werkstudent Web-Entwicklung (w/m/d)
88,https://www.arbeitnow.com/jobs/companies/medirion/embedded-full-stack-sw-developer-mwd-duisburg-169740,"Embedded / Full Stack SW Developer (m,w,d)"
88,https://www.arbeitnow.com/jobs/companies/hmc-systemhaus-ohg/azubi-fachinformatiker-systemintegration-lippstadt-225003,Azubi Fachinformatiker Systemintegration
88,https://www.arbeitnow.com/jobs/companies/hmc-systemhaus-ohg/azubi-kaufmann-fur-it-system-management-lippstadt-399930,Azubi Kaufmann für IT-System-Management
88,https://www.arbeitnow.com/jobs/companies/stellacoach-first-virtual-ai-coach/praktikum-backend-developer-schwerpunkt-python-azure-berlin-349923,Praktikum Backend Developer (m/w/d) - Schwerpunkt Python / Azure
88,https://www.arbeitnow.com/jobs/companies/haeger-consulting-gmbh/senior-software-entwickler-java-fullstack-bonn-384461,Senior Software Entwickler Java Fullstack*
88,https://www.arbeitnow.com/jobs/companies/dell-technologies/inside-sales-account-representative-i-dein-einstieg-in-it-sales-halle-saale-191807,Inside Sales Account Representative I Dein Einstieg in IT-Sales
88,https://www.arbeitnow.com/jobs/companies/gs-it-group-gmbh/ausbildung-zum-fachinformatiker-2026-schwerpunkt-anwendungsentwicklung-osnabruck-97802,Ausbildung zum Fachinformatiker 2026 (m/w/d) Schwerpunkt: Anwendungsentwicklung
88,https://www.arbeitnow.com/jobs/companies/noris-network-ag/it-security-engineer-pki-berlin-446666,IT Security Engineer PKI (m/w/d)
88,https://www.arbeitnow.com/jobs/companies/additivestream4d-gmbh/business-developer-additve-manufacturing-fertigungsindustrie-berlin-134868,Business Developer (m/w/d) Additve Manufacturing // Fertigungsindustrie
88,https://www.arbeitnow.com/jobs/companies/hcm-computer-gmbh/it-support-im-innendienst-oldenburg-257388,IT-Support im Innendienst (m/w/d)
88,https://www.arbeitnow.com/jobs/companies/hypertegrity-ag/senior-devops-engineer-smart-city-open-source-buren-186330,Senior DevOps Engineer * - Smart City Open Source
89,https://www.arbeitnow.com/jobs/companies/contens-software-gmbh/senior-full-stack-web-entwickler-munich-56787,Senior Full Stack Web Entwickler (w/m/d)
89,https://www.arbeitnow.com/jobs/companies/lulf-premergency-gmbh/werkstudent-in-software-entwicklung-fur-feuerwehren-und-rettungsdienst-hurth-471555,Werkstudent/in Software-Entwicklung für Feuerwehren und Rettungsdienst (m/w/d)
89,https://www.arbeitnow.com/jobs/companies/webmatch-gmbh/shopware-developer-cologne-53846,Shopware Developer (m/w/d)
89,https://www.arbeitnow.com/jobs/companies/kahl-it/ausbildung-oder-umschulung-it-fachinformatiker-in-systemintegration-offenburg-389521,Ausbildung oder Umschulung IT Fachinformatiker/-in Systemintegration (m/w/d)
89,https://www.arbeitnow.com/jobs/companies/mint-solutions/software-architekt-fur-fertigungsprozesse-munich-127551,Software Architekt (w/m/d) für Fertigungsprozesse
89,https://www.arbeitnow.com/jobs/companies/mint-solutions/software-architekt-mes-software-fur-echtzeit-produktionsuberwachung-munich-322426,Software Architekt (m/w/d) MES-Software für Echtzeit-Produktionsüberwachung
89,https://www.arbeitnow.com/jobs/companies/hallo-welt-gmbh/product-devops-engineer-regensburg-140824,Product DevOps Engineer (m/w/d)
89,https://www.arbeitnow.com/jobs/companies/atharicommerce/frontend-developer-fur-shopify-vollzeit-cologne-335363,"Frontend Developer für Shopify (m/w/d), Vollzeit"
89,https://www.arbeitnow.com/jobs/companies/truphysics-gmbh/it-gaming-engineer-robotik-mwd-stuttgart-9638,IT Gaming Engineer - Robotik mwd
89,https://www.arbeitnow.com/jobs/companies/machineseeker-group-gmbh/werkstudent-software-development-frontend-essen-240593,Werkstudent Software Development Frontend (m/w/d)
90,https://www.arbeitnow.com/jobs/companies/lanos-computer-gmbh-cie-kg/it-systemadministrator-schloss-holte-stukenbrock-348268,IT-Systemadministrator (m/w/d)
90,https://www.arbeitnow.com/jobs/companies/integrate-it-netzwerke-gmbh/it-mitarbeiter-im-systemhaus-mit-schwerpunkt-microsoft-365-berlin-400333,IT-Mitarbeiter (m/w/d) im Systemhaus mit Schwerpunkt Microsoft 365
90,https://www.arbeitnow.com/jobs/companies/nexus-deutschland/it-service-desk-berlin-110370,IT- Service Desk
90,https://www.arbeitnow.com/jobs/companies/codeculture-gmbh/devops-engineer-chemnitz-46944,DevOps Engineer
90,https://www.arbeitnow.com/jobs/companies/mgrp/manager-it-strategieberatung-frankfurt-am-main-380959,Manager IT-Strategieberatung (m/w/d)
90,https://www.arbeitnow.com/jobs/companies/hypercampus-gmbh/weiterbildung-online-45-monate-it-fachkraft-im-gesundheitswesen-mit-schwerpunkt-it-projektmanagement-weiden-in-der-oberpfalz-121807,"Weiterbildung Online - 4,5 Monate - IT-Fachkraft im Gesundheitswesen mit Schwerpunkt IT-Projektmanagement (m/w/d)"
90,https://www.arbeitnow.com/jobs/companies/codeculture-gmbh/it-administrator-chemnitz-452681,IT-Administrator (m/w/d)
90,https://www.arbeitnow.com/jobs/companies/brandung-gmbh/senior-php-developer-typo3-berlin-344239,(Senior) PHP Developer TYPO3 (w/m/d)
91,https://www.arbeitnow.com/jobs/companies/klapp-cosmetics-gmbh/ausbildung-zum-fachinformatiker-systemintegration-hessisch-lichtenau-91470,Ausbildung zum Fachinformatiker Systemintegration (m/w/d)
91,https://www.arbeitnow.com/jobs/companies/maass-coaching-and-consulting/personalentwicklung-eutin-224179,Personalentwicklung
91,https://www.arbeitnow.com/jobs/companies/right-search/sap-consultant-logistik-module-karlsruhe-242782,SAP Consultant (w/m/d) Logistik Module
91,https://www.arbeitnow.com/jobs/companies/aventux-gmbh/entwicklerin-greifenstein-191820,Entwickler:in
91,https://www.arbeitnow.com/jobs/companies/envidual/senior-android-developer-munich-178024,Senior Android Developer
91,https://www.arbeitnow.com/jobs/companies/layer7-gmbh/it-project-engineer-eimeldingen-74628,IT Project Engineer (m/w/d)
91,https://www.arbeitnow.com/jobs/companies/pfp-privatefinancepartners-gmbh/praktikantin-werkstudentin-medieninformatik-frankfurt-am-main-240464,Praktikant:in/Werkstudent:in Medieninformatik (m/w/d)
91,https://www.arbeitnow.com/jobs/companies/qm-software-gmbh/auszubildender-fachinformatiker-systemintegration-mulheim-karlich-53948,Auszubildende(r) Fachinformatiker Systemintegration
91,https://www.arbeitnow.com/jobs/companies/starface-gmbh/werkstudent-softwaretesting-und-test-automatisierung-all-genders-karlsruhe-161828,Werkstudent Softwaretesting und Test-Automatisierung (all genders)
91,https://www.arbeitnow.com/jobs/companies/schubert-system-elektronik-gmbh/ausbildung-it-systemelektroniker-neuhausen-ob-eck-484463,Ausbildung IT-Systemelektroniker (m/w/d)
92,https://www.arbeitnow.com/jobs/companies/serview-gmbh/it-service-management-berater-bad-homburg-201774,IT Service Management Berater (m/w/d)
92,https://www.arbeitnow.com/jobs/companies/taod-consulting-gmbh/junior-data-engineer-cologne-24133,Junior Data Engineer (m/w/d)
92,https://www.arbeitnow.com/jobs/companies/systhemis-ag/lead-developer-java-web-wurzburg-491251,Lead Developer Java & Web (m/w/d)
92,https://www.arbeitnow.com/jobs/companies/die-netzwerker-it-services-gmbh/fachinformatiker-kirchheim-unter-teck-75163,Fachinformatiker (m/w/d)
92,https://www.arbeitnow.com/jobs/companies/softgate/junior-software-entwickler-digital-business-erlangen-73628,(Junior) Software Entwickler Digital Business (m/w/d)
92,https://www.arbeitnow.com/jobs/companies/nettrek-gmbh-co-kg/ausbildung-zum-fachinformatiker-anwendungsentwicklung-dorsten-35971,Ausbildung zum Fachinformatiker (Anwendungsentwicklung) (m/w/d)
92,https://www.arbeitnow.com/jobs/companies/lipsia-digital-gmbh/backend-engineer-js-ts-iot-energy-management-system-leipzig-451531,"Backend Engineer JS / TS (m/w/d) | IoT, Energy Management System"
92,https://www.arbeitnow.com/jobs/companies/pangoon/praktikum-softwareentwicklung-berlin-244025,Praktikum Softwareentwicklung (m/w/d)
92,https://www.arbeitnow.com/jobs/companies/promize-consulting/sap-fullstack-entwickler-abap-sapui5-remote-first-eschborn-421632,SAP Fullstack Entwickler ABAP / SAPUI5 (m/w/d) - Remote First
92,https://www.arbeitnow.com/jobs/companies/itmt-gmbh/systemadministratorin-saarbrucken-309335,Systemadministrator:in
92,https://www.arbeitnow.com/jobs/companies/ai-for-hamburg-gmbh-aifund-gmbh-aiimpact-gmbh-aigroup-gmbh/werkstudentin-it-rpa-automation-im-ki-umfeld-hamburg-334919,Werkstudent*in (m/w/d) IT & RPA/Automation im KI-Umfeld
92,https://www.arbeitnow.com/jobs/companies/waldemar-link-gmbh-co-kg/werkstudent-it-support-norderstedt-18718,Werkstudent IT-Support (m/w/d)
92,https://www.arbeitnow.com/jobs/companies/software-company-amic-gmbh/it-datenbankadministratorin-ms-sql-server-kiel-436281,IT-Datenbankadministrator:in MS SQL Server
92,https://www.arbeitnow.com/jobs/companies/vfm-versicherungs-finanzmanagement-gmbh/ausbildung-zum-fachinformatiker-fachrichtung-systemintegration-pegnitz-385640,Ausbildung zum Fachinformatiker (m/w/d) Fachrichtung Systemintegration
93,https://www.arbeitnow.com/jobs/companies/epic-escape/react-react-native-entwickler-dresden-254373,React / React Native Entwickler (m/w/d)
93,https://www.arbeitnow.com/jobs/companies/open-mind-technologies-ag/c-software-architect-tool-path-calculation-wessling-359162,C++ Software Architect (m/f/d) Tool Path Calculation
93,https://www.arbeitnow.com/jobs/companies/exco-gmbh/fachinformatiker-fur-systemintegration-frankenthal-340751,Fachinformatiker für Systemintegration (m/w/d)
93,https://www.arbeitnow.com/jobs/companies/laioutr-gmbh/ai-engineer-full-stack-typescript-nuxt-next-vue-react-berlin-120259,"AI Engineer (m/f/d) - Full Stack, TypeScript / Nuxt / Next / Vue / React"
93,https://www.arbeitnow.com/jobs/companies/open-mind-technologies-ag/software-architekt-c-werkzeugbahnberechnung-wessling-282448,Software Architekt C++ (m/w/d) Werkzeugbahnberechnung
93,https://www.arbeitnow.com/jobs/companies/platri-it/werkstudent-product-owner-fur-softwareprojekte-bochum-176374,Werkstudent Product Owner für Softwareprojekte (m/w/d)
93,https://www.arbeitnow.com/jobs/companies/rgi-spa/it-consultant-insurance-nuremberg-304239,IT-Consultant / Insurance (m/w/d)
93,https://www.arbeitnow.com/jobs/companies/doppelernte-gmbh/softwareentwicklerin-senior-munich-135056,Softwareentwickler:in Senior
93,https://www.arbeitnow.com/jobs/companies/jobportal/senior-software-developer-dortmund-remote-48497,Senior Software Developer (m/w/d) · Dortmund & Remote
93,https://www.arbeitnow.com/jobs/companies/ekvip-automation-gmbh/sps-softwareentwicklung-beckhoff-twincat-leipzig-474438,SPS Softwareentwicklung Beckhoff twinCAT
93,https://www.arbeitnow.com/jobs/companies/hubside-die-recruitingwerkstatt/app-developer-ios-android-passau-289918,App Developer iOS Android (m/w/d)
93,https://www.arbeitnow.com/jobs/companies/hydromapper-gmbh/it-systemadministrator-hamburg-236447,IT-Systemadministrator (w/m/d)
93,https://www.arbeitnow.com/jobs/companies/mitblick-ag/senior-python-entwickler-stuttgart-464691,(Senior) Python Entwickler (m/w/d)
94,https://www.arbeitnow.com/jobs/companies/open-mind-technologies-ag/produktmanager-zyklenentwicklung-25d-3x-5x-wessling-429379,Produktmanager (m/w/d) Zyklenentwicklung 2.5D / 3X / 5X
94,https://www.arbeitnow.com/jobs/companies/noris-network-ag/senior-it-systems-engineer-backup-storage-nuremberg-290091,(Senior) IT Systems Engineer (Backup/Storage) (m/w/d)
94,https://www.arbeitnow.com/jobs/companies/talmatch-gmbh/senior-network-security-engineer-zurich-schweiz-cisco-fortinet-munich-321575,Senior Network & Security Engineer - Zürich Schweiz - Cisco & Fortinet
94,https://www.arbeitnow.com/jobs/companies/easybill-gmbh/senior-software-engineer-ruby-on-rails-100-remote-willich-300525,Senior Software Engineer Ruby on Rails 100 % remote (m/w/d)
94,https://www.arbeitnow.com/jobs/companies/nelta-gmbh/werkstudent-it-consultant-test-automation-hybrid-hamburg-15700,Werkstudent IT Consultant (m/w/d) Test Automation - Hybrid (Hamburg)
94,https://www.arbeitnow.com/jobs/companies/glsnxt/senior-data-engineer-berlin-42119,Senior Data Engineer
94,https://www.arbeitnow.com/jobs/companies/noerr-solutions-digital-recruitment/it-systemadministrator-wurzburg-173500,IT-Systemadministrator (m/w/d)
94,https://www.arbeitnow.com/jobs/companies/labsruhr-gmbh/senior-software-developer-in-vollzeit-bochum-149853,Senior Software Developer (m/w/d) in Vollzeit
94,https://www.arbeitnow.com/jobs/companies/smart-systems-hub-gmbh/python-software-engineer-dresden-499830,Python Software Engineer (m/w/d)
95,https://www.arbeitnow.com/jobs/companies/nviso/software-engineer-frankfurt-am-main-126157,Software Engineer (m/w/d)
95,https://www.arbeitnow.com/jobs/companies/hallo-welt-gmbh/it-projektmanager-regensburg-302898,IT Projektmanager (m/w/d)
95,https://www.arbeitnow.com/jobs/companies/angeheuert-gmbh/linux-systemadministrator-hybrid-in-freiburg-baden-wurttemberg-254043,Linux-Systemadministrator (m/w/d) | Hybrid in Freiburg🌄
95,https://www.arbeitnow.com/jobs/companies/angeheuert-gmbh/systemadministrator-linux-hybrid-in-freiburg-mainz-97404,Systemadministrator Linux (m/w/d) | Hybrid in Freiburg🌄
95,https://www.arbeitnow.com/jobs/companies/muxon/senior-backend-engineer-python-typescript-berlin-250726,Senior Backend Engineer - Python & Typescript
95,https://www.arbeitnow.com/jobs/companies/odw-elektrik-gmbh/it-systemadministrator-steinau-an-der-strasse-29569,IT Systemadministrator (m/w/d)
95,https://www.arbeitnow.com/jobs/companies/finanzchef24-gmbh/senior-devops-engineer-munich-169686,(Senior) DevOps Engineer (m/f/d)
95,https://www.arbeitnow.com/jobs/companies/ittm-s-a/senior-full-stack-developer-berlin-250754,Senior Full Stack Developer (f/m/x)
96,https://www.arbeitnow.com/jobs/companies/fcf-fox-corporate-finance-gmbh/werkstudent-fur-research-tatigkeiten-datenbankpflege-munich-341303,Werkstudent für Research Tätigkeiten & Datenbankpflege (m/w/d)
96,https://www.arbeitnow.com/jobs/companies/alitiq-forecasting-gmbh/data-scientist-fur-zeitreihen-vorhersagen-dinkelscherben-216569,Data Scientist (w/m/d) für Zeitreihen-Vorhersagen
96,https://www.arbeitnow.com/jobs/companies/hendric-jabs-it-solutions/cloud-engineer-mulheim-350237,Cloud Engineer (m/w/d)
96,https://www.arbeitnow.com/jobs/companies/salelab-gmbh/praktikum-produktentwicklung-weingarten-146344,Praktikum Produktentwicklung (m/w/d)
96,https://www.arbeitnow.com/jobs/companies/wuraventa-passion-for-talent/it-netzwerkadministratorin-kempten-21795,IT-Netzwerkadministrator:in (m/w/d)
96,https://www.arbeitnow.com/jobs/companies/hallo-welt-gmbh/senior-full-stack-regensburg-266155,Senior Full Stack (m/w/d)
96,https://www.arbeitnow.com/jobs/companies/kse-gmbh/erp-programmierer-kosching-388662,ERP-Programmierer (m/w/d)
96,https://www.arbeitnow.com/jobs/companies/ray-sono-gmbh/software-engineer-all-genders-munich-369809,Software Engineer (all genders)
96,https://www.arbeitnow.com/jobs/companies/mone-consulting-gmbh-pflegekraftde/wirtschaftsinformatiker-in-bielefeld-413533,Wirtschaftsinformatiker/in (m/w/d)
96,https://www.arbeitnow.com/jobs/companies/vertigis-gmbh/sales-manager-enterprise-softwarevertrieb-rfp-facility-management-berlin-300791,Sales Manager (m/w/d) – Enterprise Softwarevertrieb & RFP (Facility Management)
96,https://www.arbeitnow.com/jobs/companies/ark-software-gmbh/senior-full-stack-engineer-all-genders-berlin-279157,(Senior) Full-Stack Engineer (all genders)
96,https://www.arbeitnow.com/jobs/companies/handlerbund-management-ag/senior-fullstack-entwickler-php-laravel-remote-4-tage-woche-leipzig-121442,"Senior Fullstack Entwickler PHP/Laravel (m/w/d) - Remote, 4-Tage-Woche"
96,https://www.arbeitnow.com/jobs/companies/ark-software-gmbh/senior-full-stack-engineer-all-genders-munich-190658,(Senior) Full-Stack Engineer (all genders)
97,https://www.arbeitnow.com/jobs/companies/recare-deutschland-gmbh/remote-senior-backend-engineer-go-berlin-391760,Senior Backend Engineer (Go) (m/w/d)
97,https://www.arbeitnow.com/jobs/companies/breathment/senior-backend-engineer-python-remote-munich-2605,Senior Backend Engineer (Python) - Remote
97,https://www.arbeitnow.com/jobs/companies/superhuman/corporate-security-engineer-berlin-149078,Corporate Security Engineer
97,https://www.arbeitnow.com/jobs/companies/techbiz-global-gmbh/founding-backend-engineergo-berlin-147504,Founding Backend Engineer(Go)
97,https://www.arbeitnow.com/jobs/companies/black-semiconductor-gmbh/senior-director-it-aachen-333750,Senior Director IT (f/m/d)
97,https://www.arbeitnow.com/jobs/companies/gamigo/remote-senior-fullstack-engineer-node-react-all-genders-germany-250238,(Senior) Fullstack Engineer - Node / React (all genders)
97,https://www.arbeitnow.com/jobs/companies/quantum-systems-gmbh/working-student-full-stack-software-development-gilching-131219,Working Student Full-Stack Software Development (m/f/d)
97,https://www.arbeitnow.com/jobs/companies/intetics-2/remote-senior-ml-engineer-germany-3-month-project-282468,Senior ML Engineer | Germany (3 Month project)
97,https://www.arbeitnow.com/jobs/companies/worldwide-placement-limited/full-stack-engineer-berlin-226964,Full Stack Engineer
97,https://www.arbeitnow.com/jobs/companies/nexgate-it-gmbh/freelance-software-data-ai-engineer-development-data-ai-bad-homburg-260868,Freelance Software / Data / AI Engineer (m/w/d) - Development | Data | AI
97,https://www.arbeitnow.com/jobs/companies/nexgate-it-gmbh/freelance-cloud-infrastructure-engineer-devops-platform-security-bad-homburg-447986,Freelance Cloud / Infrastructure Engineer (m/w/d) - DevOps | Platform | Security
97,https://www.arbeitnow.com/jobs/companies/wimex-gruppe/remote-mitarbeiter-vertrieb-landwirtschaftliche-software-fur-mehrere-regionen-in-deutschland-munchen-464120,Mitarbeiter Vertrieb (m/w/d) landwirtschaftliche Software für mehrere Regionen in Deutschland
98,https://www.arbeitnow.com/jobs/companies/idealo-internet-gmbh/machine-learning-ops-engineer-personalization-mwd-berlin-48646,Machine Learning Ops Engineer - Personalization (m|w|d)
98,https://www.arbeitnow.com/jobs/companies/encontec-gmbh/embedded-software-entwickler-regelungstechnik-oberkochen-207196,Embedded Software-Entwickler (m/w/d) Regelungstechnik
98,https://www.arbeitnow.com/jobs/companies/praxipal/senior-software-engineer-data-integration-focus-remote-416977,(Senior) Software Engineer - Data Integration Focus - Remote (m/f/d)
98,https://www.arbeitnow.com/jobs/companies/the-exploration-company/senior-embedded-software-engineer-munich-67547,Senior Embedded Software Engineer
98,https://www.arbeitnow.com/jobs/companies/the-exploration-company/fluid-systems-development-engineer-munich-439152,Fluid Systems Development Engineer
98,https://www.arbeitnow.com/jobs/companies/the-exploration-company/internship-radiation-testing-of-electronic-components-and-test-automation-munich-472060,Internship - Radiation Testing of Electronic Components and Test Automation
98,https://www.arbeitnow.com/jobs/companies/the-exploration-company/flight-software-engineer-munich-339700,Flight Software Engineer
99,https://www.arbeitnow.com/jobs/companies/taledo-gmbh/remote-senior-backend-engineer-core-engine-decision-intelligence-deutschlandweit-13391,Senior Backend Engineer - Core Engine / Decision Intelligence (m/w/d)
99,https://www.arbeitnow.com/jobs/companies/gridscale-gmbh/site-reliability-engineer-koln-188740,Site Reliability Engineer (m/w/d)
99,https://www.arbeitnow.com/jobs/companies/lightspeedhq/senior-frontend-developer-reactjs-all-genders-berlin-110719,Senior Frontend Developer - React.js (all genders)
99,https://www.arbeitnow.com/jobs/companies/right-search/it-administrator-business-solutions-logistics-maisach-496268,IT-Administrator Business Solutions & Logistics (w/m/d)
99,https://www.arbeitnow.com/jobs/companies/gridscale-gmbh/site-reliability-engineer-koln-180628,Site Reliability Engineer (m/w/d)
99,https://www.arbeitnow.com/jobs/companies/holzland-becker/senior-frontend-web-developer-offenbach-am-main-203920,(Senior) Frontend Web Developer (w/m/d)
99,https://www.arbeitnow.com/jobs/companies/noris-network-ag/senior-it-systems-engineer-linux-nuremberg-423883,Senior IT Systems Engineer (Linux) (w/m/d)
99,https://www.arbeitnow.com/jobs/companies/actimi-gmbh/senior-backend-engineer-stuttgart-256136,Senior Backend Engineer (m/f/d)
100,https://www.arbeitnow.com/jobs/companies/pertemps-erp/sap-abap-developer-stuttgart-62337,SAP ABAP Developer
100,https://www.arbeitnow.com/jobs/companies/superhuman/it-helpdesk-engineer-berlin-357903,IT Helpdesk Engineer
100,https://www.arbeitnow.com/jobs/companies/michelscom-gmbh/it-systemadministrator-infrastruktur-oldenburg-462524,IT-Systemadministrator Infrastruktur (m/w/d)
100,https://www.arbeitnow.com/jobs/companies/tytan-technologies-gmbh/senior-solutions-architect-sales-engineer-munich-333544,Senior Solutions Architect / Sales Engineer (m/f/d)
100,https://www.arbeitnow.com/jobs/companies/emma-the-sleep-company/senior-backend-engineer-frankfurt-477176,Senior Backend Engineer
100,https://www.arbeitnow.com/jobs/companies/angeheuert-gmbh/it-system-engineer-berlin-407199,IT System Engineer (m/w/d)
100,https://www.arbeitnow.com/jobs/companies/partspace-gmbh/senior-backend-entwickler-manufacturing-munich-489605,Senior Backend Entwickler (m/w/d) - Manufacturing
100,https://www.arbeitnow.com/jobs/companies/wimex-gruppe/mitarbeiter-vertrieb-landwirtschaftliche-software-fur-mehrere-regionen-in-deutschland-munchen-58048,Mitarbeiter Vertrieb (m/w/d) landwirtschaftliche Software für mehrere Regionen in Deutschland
100,https://www.arbeitnow.com/jobs/companies/hypersonica/ground-software-engineer-munich-144963,Ground Software Engineer
100,https://www.arbeitnow.com/jobs/companies/abrio-gmbh/senior-developer-frankfurt-454928,Senior Developer (m/w/d)
100,https://www.arbeitnow.com/jobs/companies/abrio-gmbh/junior-fullstack-developer-frankfurt-483282,Junior Fullstack Developer
100,https://www.arbeitnow.com/jobs/companies/hyplus-technology-gmbh/senior-cloud-engineer-azure-ratingen-228816,Senior Cloud Engineer Azure (m/w/d)
